Input Number, Run_Number, Result@ 100, X, Y, Z
1, Run: 001, P, 106, 0, 0
1, Run: 002, P, 89, 0, 0
1, Run: 003, P, 95, 0, 0
1, Run: 004, P, 80, 0, 0
1, Run: 005, P, 111, 0, 0
1, Run: 006, P, 99, 0, 0
1, Run: 007, P, 110, 0, 0
1, Run: 008, P, 105, 0, 0
1, Run: 009, P, 93, 0, 0
1, Run: 010, P, 98, 0, 0
1, Run: 011, P, 106, 0, 0
1, Run: 012, P, 104, 0, 0
1, Run: 013, P, 100, 0, 0
1, Run: 014, P, 94, 0, 0
1, Run: 015, P, 116, 0, 0
1, Run: 016, P, 87, 0, 0
1, Run: 017, P, 101, 0, 0
1, Run: 018, P, 93, 0, 0
1, Run: 019, P, 104, 0, 0
1, Run: 020, P, 99, 0, 0
1, Run: 021, P, 105, 0, 0
1, Run: 022, P, 86, 0, 0
1, Run: 023, P, 91, 0, 0
1, Run: 024, P, 100, 0, 0
1, Run: 025, P, 100, 0, 0
1, Run: 026, P, 93, 0, 0
1, Run: 027, P, 97, 0, 0
1, Run: 028, P, 89, 0, 0
1, Run: 029, P, 94, 0, 0
1, Run: 030, P, 84, 0, 0
1, Run: 031, P, 97, 0, 0
1, Run: 032, P, 96, 0, 0
1, Run: 033, P, 111, 0, 0
1, Run: 034, P, 110, 0, 0
1, Run: 035, P, 93, 0, 0
1, Run: 036, P, 104, 0, 0
1, Run: 037, P, 90, 0, 0
1, Run: 038, P, 100, 0, 0
1, Run: 039, P, 90, 0, 0
1, Run: 040, P, 113, 0, 0
1, Run: 041, P, 101, 0, 0
1, Run: 042, P, 98, 0, 0
1, Run: 043, P, 98, 0, 0
1, Run: 044, P, 98, 0, 0
1, Run: 045, P, 92, 0, 0
1, Run: 046, P, 108, 0, 0
1, Run: 047, P, 91, 0, 0
1, Run: 048, P, 103, 0, 0
1, Run: 049, P, 102, 0, 0
1, Run: 050, P, 75, 0, 0
1, Run: 051, P, 103, 0, 0
1, Run: 052, P, 101, 0, 0
1, Run: 053, P, 102, 0, 0
1, Run: 054, P, 104, 0, 0
1, Run: 055, P, 110, 0, 0
1, Run: 056, P, 92, 0, 0
1, Run: 057, P, 81, 0, 0
1, Run: 058, P, 108, 0, 0
1, Run: 059, P, 96, 0, 0
1, Run: 060, P, 101, 0, 0
1, Run: 061, P, 102, 0, 0
1, Run: 062, P, 95, 0, 0
1, Run: 063, P, 85, 0, 0
1, Run: 064, P, 95, 0, 0
1, Run: 065, P, 103, 0, 0
1, Run: 066, P, 113, 0, 0
1, Run: 067, P, 102, 0, 0
1, Run: 068, P, 92, 0, 0
1, Run: 069, P, 104, 0, 0
1, Run: 070, P, 117, 0, 0
1, Run: 071, P, 118, 0, 0
1, Run: 072, P, 85, 0, 0
1, Run: 073, P, 102, 0, 0
1, Run: 074, P, 98, 0, 0
1, Run: 075, P, 98, 0, 0
1, Run: 076, P, 94, 0, 0
1, Run: 077, P, 109, 0, 0
1, Run: 078, P, 97, 0, 0
1, Run: 079, P, 108, 0, 0
1, Run: 080, P, 110, 0, 0
1, Run: 081, P, 91, 0, 0
1, Run: 082, P, 95, 0, 0
1, Run: 083, P, 91, 0, 0
1, Run: 084, P, 97, 0, 0
1, Run: 085, P, 105, 0, 0
1, Run: 086, P, 98, 0, 0
1, Run: 087, P, 109, 0, 0
1, Run: 088, P, 107, 0, 0
1, Run: 089, P, 111, 0, 0
1, Run: 090, P, 91, 0, 0
1, Run: 091, P, 107, 0, 0
1, Run: 092, P, 96, 0, 0
1, Run: 093, P, 88, 0, 0
1, Run: 094, P, 96, 0, 0
1, Run: 095, P, 94, 0, 0
1, Run: 096, P, 94, 0, 0
1, Run: 097, P, 99, 0, 0
1, Run: 098, P, 113, 0, 0
1, Run: 099, P, 86, 0, 0
1, Run: 100, P, 98, 0, 0
10, Run: 001, P, 93, 0, 0
10, Run: 002, P, 91, 0, 0
10, Run: 003, P, 82, 0, 0
10, Run: 004, P, 91, 0, 0
10, Run: 005, P, 100, 0, 0
10, Run: 006, P, 97, 0, 0
10, Run: 007, P, 110, 0, 0
10, Run: 008, P, 88, 0, 0
10, Run: 009, P, 91, 0, 0
10, Run: 010, P, 81, 0, 0
10, Run: 011, P, 128, 0, 0
10, Run: 012, P, 110, 0, 0
10, Run: 013, P, 111, 0, 0
10, Run: 014, P, 122, 0, 0
10, Run: 015, P, 105, 0, 0
10, Run: 016, P, 106, 0, 0
10, Run: 017, P, 79, 0, 0
10, Run: 018, P, 94, 0, 0
10, Run: 019, P, 84, 0, 0
10, Run: 020, P, 83, 0, 0
10, Run: 021, P, 106, 0, 0
10, Run: 022, P, 122, 0, 0
10, Run: 023, P, 101, 0, 0
10, Run: 024, P, 95, 0, 0
10, Run: 025, P, 99, 0, 0
10, Run: 026, P, 114, 0, 0
10, Run: 027, P, 96, 0, 0
10, Run: 028, P, 106, 0, 0
10, Run: 029, P, 88, 0, 0
10, Run: 030, P, 106, 0, 0
10, Run: 031, P, 132, 0, 0
10, Run: 032, P, 109, 0, 0
10, Run: 033, P, 93, 0, 0
10, Run: 034, P, 119, 0, 0
10, Run: 035, P, 117, 0, 0
10, Run: 036, P, 106, 0, 0
10, Run: 037, P, 105, 0, 0
10, Run: 038, P, 99, 0, 0
10, Run: 039, P, 87, 0, 0
10, Run: 040, P, 87, 0, 0
10, Run: 041, P, 122, 0, 0
10, Run: 042, P, 106, 0, 0
10, Run: 043, P, 110, 0, 0
10, Run: 044, P, 127, 0, 0
10, Run: 045, P, 85, 0, 0
10, Run: 046, P, 110, 0, 0
10, Run: 047, P, 93, 0, 0
10, Run: 048, P, 77, 0, 0
10, Run: 049, P, 92, 0, 0
10, Run: 050, P, 135, 0, 0
10, Run: 051, P, 87, 0, 0
10, Run: 052, P, 103, 0, 0
10, Run: 053, P, 93, 0, 0
10, Run: 054, P, 106, 0, 0
10, Run: 055, P, 76, 0, 0
10, Run: 056, P, 103, 0, 0
10, Run: 057, P, 94, 0, 0
10, Run: 058, P, 105, 0, 0
10, Run: 059, P, 82, 0, 0
10, Run: 060, P, 103, 0, 0
10, Run: 061, P, 98, 0, 0
10, Run: 062, P, 116, 0, 0
10, Run: 063, P, 83, 0, 0
10, Run: 064, P, 109, 0, 0
10, Run: 065, P, 104, 0, 0
10, Run: 066, P, 101, 0, 0
10, Run: 067, P, 85, 0, 0
10, Run: 068, P, 93, 0, 0
10, Run: 069, P, 115, 0, 0
10, Run: 070, P, 82, 0, 0
10, Run: 071, P, 105, 0, 0
10, Run: 072, P, 107, 0, 0
10, Run: 073, P, 87, 0, 0
10, Run: 074, P, 116, 0, 0
10, Run: 075, P, 101, 0, 0
10, Run: 076, P, 108, 0, 0
10, Run: 077, P, 96, 0, 0
10, Run: 078, P, 104, 0, 0
10, Run: 079, P, 79, 0, 0
10, Run: 080, P, 96, 0, 0
10, Run: 081, P, 114, 0, 0
10, Run: 082, P, 97, 0, 0
10, Run: 083, P, 116, 0, 0
10, Run: 084, P, 96, 0, 0
10, Run: 085, P, 108, 0, 0
10, Run: 086, P, 97, 0, 0
10, Run: 087, P, 101, 0, 0
10, Run: 088, P, 109, 0, 0
10, Run: 089, P, 87, 0, 0
10, Run: 090, P, 98, 0, 0
10, Run: 091, P, 119, 0, 0
10, Run: 092, P, 90, 0, 0
10, Run: 093, P, 104, 0, 0
10, Run: 094, P, 97, 0, 0
10, Run: 095, P, 111, 0, 0
10, Run: 096, P, 107, 0, 0
10, Run: 097, P, 115, 0, 0
10, Run: 098, P, 107, 0, 0
10, Run: 099, P, 119, 0, 0
10, Run: 100, P, 100, 0, 0
11, Run: 001, P, 101, 0, 0
11, Run: 002, P, 93, 0, 0
11, Run: 003, P, 100, 0, 0
11, Run: 004, P, 101, 0, 0
11, Run: 005, P, 97, 0, 0
11, Run: 006, P, 92, 0, 0
11, Run: 007, P, 104, 0, 0
11, Run: 008, P, 90, 0, 0
11, Run: 009, P, 117, 0, 0
11, Run: 010, P, 115, 0, 0
11, Run: 011, P, 113, 0, 0
11, Run: 012, P, 107, 0, 0
11, Run: 013, P, 74, 0, 0
11, Run: 014, P, 112, 0, 0
11, Run: 015, P, 105, 0, 0
11, Run: 016, P, 87, 0, 0
11, Run: 017, P, 113, 0, 0
11, Run: 018, P, 88, 0, 0
11, Run: 019, P, 102, 0, 0
11, Run: 020, P, 97, 0, 0
11, Run: 021, P, 105, 0, 0
11, Run: 022, P, 90, 0, 0
11, Run: 023, P, 86, 0, 0
11, Run: 024, P, 103, 0, 0
11, Run: 025, P, 103, 0, 0
11, Run: 026, P, 100, 0, 0
11, Run: 027, P, 109, 0, 0
11, Run: 028, P, 90, 0, 0
11, Run: 029, P, 111, 0, 0
11, Run: 030, P, 101, 0, 0
11, Run: 031, P, 101, 0, 0
11, Run: 032, P, 103, 0, 0
11, Run: 033, P, 113, 0, 0
11, Run: 034, P, 122, 0, 0
11, Run: 035, P, 84, 0, 0
11, Run: 036, P, 75, 0, 0
11, Run: 037, P, 103, 0, 0
11, Run: 038, P, 111, 0, 0
11, Run: 039, P, 101, 0, 0
11, Run: 040, P, 93, 0, 0
11, Run: 041, P, 110, 0, 0
11, Run: 042, P, 105, 0, 0
11, Run: 043, P, 86, 0, 0
11, Run: 044, P, 97, 0, 0
11, Run: 045, P, 104, 0, 0
11, Run: 046, P, 94, 0, 0
11, Run: 047, P, 77, 0, 0
11, Run: 048, P, 94, 0, 0
11, Run: 049, P, 108, 0, 0
11, Run: 050, P, 110, 0, 0
11, Run: 051, P, 98, 0, 0
11, Run: 052, P, 83, 0, 0
11, Run: 053, P, 98, 0, 0
11, Run: 054, P, 109, 0, 0
11, Run: 055, P, 103, 0, 0
11, Run: 056, P, 111, 0, 0
11, Run: 057, P, 121, 0, 0
11, Run: 058, P, 112, 0, 0
11, Run: 059, P, 97, 0, 0
11, Run: 060, P, 106, 0, 0
11, Run: 061, P, 97, 0, 0
11, Run: 062, P, 107, 0, 0
11, Run: 063, P, 93, 0, 0
11, Run: 064, P, 96, 0, 0
11, Run: 065, P, 89, 0, 0
11, Run: 066, P, 101, 0, 0
11, Run: 067, P, 111, 0, 0
11, Run: 068, P, 98, 0, 0
11, Run: 069, P, 92, 0, 0
11, Run: 070, P, 103, 0, 0
11, Run: 071, P, 122, 0, 0
11, Run: 072, P, 95, 0, 0
11, Run: 073, P, 97, 0, 0
11, Run: 074, P, 99, 0, 0
11, Run: 075, P, 99, 0, 0
11, Run: 076, P, 100, 0, 0
11, Run: 077, P, 101, 0, 0
11, Run: 078, P, 100, 0, 0
11, Run: 079, P, 111, 0, 0
11, Run: 080, P, 93, 0, 0
11, Run: 081, P, 106, 0, 0
11, Run: 082, P, 97, 0, 0
11, Run: 083, P, 97, 0, 0
11, Run: 084, P, 99, 0, 0
11, Run: 085, P, 114, 0, 0
11, Run: 086, P, 89, 0, 0
11, Run: 087, P, 92, 0, 0
11, Run: 088, P, 96, 0, 0
11, Run: 089, P, 85, 0, 0
11, Run: 090, P, 87, 0, 0
11, Run: 091, P, 112, 0, 0
11, Run: 092, P, 94, 0, 0
11, Run: 093, P, 96, 0, 0
11, Run: 094, P, 107, 0, 0
11, Run: 095, P, 118, 0, 0
11, Run: 096, P, 89, 0, 0
11, Run: 097, P, 91, 0, 0
11, Run: 098, P, 103, 0, 0
11, Run: 099, P, 90, 0, 0
11, Run: 100, P, 85, 0, 0
12, Run: 001, P, 106, 0, 0
12, Run: 002, P, 98, 0, 0
12, Run: 003, P, 107, 0, 0
12, Run: 004, P, 119, 0, 0
12, Run: 005, P, 84, 0, 0
12, Run: 006, P, 126, 0, 0
12, Run: 007, P, 96, 0, 0
12, Run: 008, P, 104, 0, 0
12, Run: 009, P, 117, 0, 0
12, Run: 010, P, 108, 0, 0
12, Run: 011, P, 96, 0, 0
12, Run: 012, P, 110, 0, 0
12, Run: 013, P, 113, 0, 0
12, Run: 014, P, 118, 0, 0
12, Run: 015, P, 114, 0, 0
12, Run: 016, P, 75, 0, 0
12, Run: 017, P, 106, 0, 0
12, Run: 018, P, 106, 0, 0
12, Run: 019, P, 103, 0, 0
12, Run: 020, P, 115, 0, 0
12, Run: 021, P, 103, 0, 0
12, Run: 022, P, 83, 0, 0
12, Run: 023, P, 100, 0, 0
12, Run: 024, P, 93, 0, 0
12, Run: 025, P, 90, 0, 0
12, Run: 026, P, 106, 0, 0
12, Run: 027, P, 107, 0, 0
12, Run: 028, P, 125, 0, 0
12, Run: 029, P, 93, 0, 0
12, Run: 030, P, 97, 0, 0
12, Run: 031, P, 95, 0, 0
12, Run: 032, P, 101, 0, 0
12, Run: 033, P, 96, 0, 0
12, Run: 034, P, 86, 0, 0
12, Run: 035, P, 96, 0, 0
12, Run: 036, P, 85, 0, 0
12, Run: 037, P, 106, 0, 0
12, Run: 038, P, 117, 0, 0
12, Run: 039, P, 113, 0, 0
12, Run: 040, P, 86, 0, 0
12, Run: 041, P, 105, 0, 0
12, Run: 042, P, 108, 0, 0
12, Run: 043, P, 108, 0, 0
12, Run: 044, P, 92, 0, 0
12, Run: 045, P, 93, 0, 0
12, Run: 046, P, 108, 0, 0
12, Run: 047, P, 97, 0, 0
12, Run: 048, P, 100, 0, 0
12, Run: 049, P, 85, 0, 0
12, Run: 050, P, 84, 0, 0
12, Run: 051, P, 115, 0, 0
12, Run: 052, P, 106, 0, 0
12, Run: 053, P, 122, 0, 0
12, Run: 054, P, 100, 0, 0
12, Run: 055, P, 105, 0, 0
12, Run: 056, P, 89, 0, 0
12, Run: 057, P, 94, 0, 0
12, Run: 058, P, 103, 0, 0
12, Run: 059, P, 106, 0, 0
12, Run: 060, P, 97, 0, 0
12, Run: 061, P, 108, 0, 0
12, Run: 062, P, 97, 0, 0
12, Run: 063, P, 112, 0, 0
12, Run: 064, P, 94, 0, 0
12, Run: 065, P, 111, 0, 0
12, Run: 066, P, 114, 0, 0
12, Run: 067, P, 90, 0, 0
12, Run: 068, P, 104, 0, 0
12, Run: 069, P, 98, 0, 0
12, Run: 070, P, 99, 0, 0
12, Run: 071, P, 104, 0, 0
12, Run: 072, P, 102, 0, 0
12, Run: 073, P, 98, 0, 0
12, Run: 074, P, 94, 0, 0
12, Run: 075, P, 100, 0, 0
12, Run: 076, P, 102, 0, 0
12, Run: 077, P, 82, 0, 0
12, Run: 078, P, 87, 0, 0
12, Run: 079, P, 91, 0, 0
12, Run: 080, P, 90, 0, 0
12, Run: 081, P, 90, 0, 0
12, Run: 082, P, 84, 0, 0
12, Run: 083, P, 103, 0, 0
12, Run: 084, P, 94, 0, 0
12, Run: 085, P, 107, 0, 0
12, Run: 086, P, 113, 0, 0
12, Run: 087, P, 109, 0, 0
12, Run: 088, P, 106, 0, 0
12, Run: 089, P, 103, 0, 0
12, Run: 090, P, 97, 0, 0
12, Run: 091, P, 94, 0, 0
12, Run: 092, P, 105, 0, 0
12, Run: 093, P, 93, 0, 0
12, Run: 094, P, 116, 0, 0
12, Run: 095, P, 105, 0, 0
12, Run: 096, P, 105, 0, 0
12, Run: 097, P, 111, 0, 0
12, Run: 098, P, 90, 0, 0
12, Run: 099, P, 90, 0, 0
12, Run: 100, P, 95, 0, 0
13, Run: 001, P, 101, 0, 0
13, Run: 002, P, 104, 0, 0
13, Run: 003, P, 97, 0, 0
13, Run: 004, P, 93, 0, 0
13, Run: 005, P, 90, 0, 0
13, Run: 006, P, 100, 0, 0
13, Run: 007, P, 104, 0, 0
13, Run: 008, P, 104, 0, 0
13, Run: 009, P, 99, 0, 0
13, Run: 010, P, 97, 0, 0
13, Run: 011, P, 103, 0, 0
13, Run: 012, P, 96, 0, 0
13, Run: 013, P, 93, 0, 0
13, Run: 014, P, 106, 0, 0
13, Run: 015, P, 111, 0, 0
13, Run: 016, P, 104, 0, 0
13, Run: 017, P, 114, 0, 0
13, Run: 018, P, 92, 0, 0
13, Run: 019, P, 105, 0, 0
13, Run: 020, P, 85, 0, 0
13, Run: 021, P, 109, 0, 0
13, Run: 022, P, 101, 0, 0
13, Run: 023, P, 102, 0, 0
13, Run: 024, P, 93, 0, 0
13, Run: 025, P, 97, 0, 0
13, Run: 026, P, 110, 0, 0
13, Run: 027, P, 77, 0, 0
13, Run: 028, P, 112, 0, 0
13, Run: 029, P, 103, 0, 0
13, Run: 030, P, 97, 0, 0
13, Run: 031, P, 93, 0, 0
13, Run: 032, P, 84, 0, 0
13, Run: 033, P, 120, 0, 0
13, Run: 034, P, 100, 0, 0
13, Run: 035, P, 85, 0, 0
13, Run: 036, P, 98, 0, 0
13, Run: 037, P, 121, 0, 0
13, Run: 038, P, 93, 0, 0
13, Run: 039, P, 99, 0, 0
13, Run: 040, P, 92, 0, 0
13, Run: 041, P, 99, 0, 0
13, Run: 042, P, 117, 0, 0
13, Run: 043, P, 110, 0, 0
13, Run: 044, P, 109, 0, 0
13, Run: 045, P, 106, 0, 0
13, Run: 046, P, 87, 0, 0
13, Run: 047, P, 94, 0, 0
13, Run: 048, P, 101, 0, 0
13, Run: 049, P, 85, 0, 0
13, Run: 050, P, 92, 0, 0
13, Run: 051, P, 100, 0, 0
13, Run: 052, P, 83, 0, 0
13, Run: 053, P, 93, 0, 0
13, Run: 054, P, 107, 0, 0
13, Run: 055, P, 100, 0, 0
13, Run: 056, P, 117, 0, 0
13, Run: 057, P, 102, 0, 0
13, Run: 058, P, 98, 0, 0
13, Run: 059, P, 82, 0, 0
13, Run: 060, P, 118, 0, 0
13, Run: 061, P, 104, 0, 0
13, Run: 062, P, 106, 0, 0
13, Run: 063, P, 93, 0, 0
13, Run: 064, P, 110, 0, 0
13, Run: 065, P, 121, 0, 0
13, Run: 066, P, 106, 0, 0
13, Run: 067, P, 92, 0, 0
13, Run: 068, P, 97, 0, 0
13, Run: 069, P, 119, 0, 0
13, Run: 070, P, 100, 0, 0
13, Run: 071, P, 107, 0, 0
13, Run: 072, P, 102, 0, 0
13, Run: 073, P, 105, 0, 0
13, Run: 074, P, 94, 0, 0
13, Run: 075, P, 99, 0, 0
13, Run: 076, P, 83, 0, 0
13, Run: 077, P, 93, 0, 0
13, Run: 078, P, 96, 0, 0
13, Run: 079, P, 105, 0, 0
13, Run: 080, P, 79, 0, 0
13, Run: 081, P, 89, 0, 0
13, Run: 082, P, 110, 0, 0
13, Run: 083, P, 90, 0, 0
13, Run: 084, P, 106, 0, 0
13, Run: 085, P, 105, 0, 0
13, Run: 086, P, 106, 0, 0
13, Run: 087, P, 95, 0, 0
13, Run: 088, P, 116, 0, 0
13, Run: 089, P, 104, 0, 0
13, Run: 090, P, 106, 0, 0
13, Run: 091, P, 96, 0, 0
13, Run: 092, P, 109, 0, 0
13, Run: 093, P, 82, 0, 0
13, Run: 094, P, 95, 0, 0
13, Run: 095, P, 97, 0, 0
13, Run: 096, P, 101, 0, 0
13, Run: 097, P, 97, 0, 0
13, Run: 098, P, 104, 0, 0
13, Run: 099, P, 104, 0, 0
13, Run: 100, P, 93, 0, 0
14, Run: 001, P, 100, 0, 0
14, Run: 002, P, 94, 0, 0
14, Run: 003, P, 89, 0, 0
14, Run: 004, P, 113, 0, 0
14, Run: 005, P, 110, 0, 0
14, Run: 006, P, 110, 0, 0
14, Run: 007, P, 120, 0, 0
14, Run: 008, P, 111, 0, 0
14, Run: 009, P, 91, 0, 0
14, Run: 010, P, 97, 0, 0
14, Run: 011, P, 98, 0, 0
14, Run: 012, P, 91, 0, 0
14, Run: 013, P, 109, 0, 0
14, Run: 014, P, 103, 0, 0
14, Run: 015, P, 105, 0, 0
14, Run: 016, P, 98, 0, 0
14, Run: 017, P, 99, 0, 0
14, Run: 018, P, 86, 0, 0
14, Run: 019, P, 106, 0, 0
14, Run: 020, P, 113, 0, 0
14, Run: 021, P, 99, 0, 0
14, Run: 022, P, 95, 0, 0
14, Run: 023, P, 111, 0, 0
14, Run: 024, P, 97, 0, 0
14, Run: 025, P, 101, 0, 0
14, Run: 026, P, 100, 0, 0
14, Run: 027, P, 118, 0, 0
14, Run: 028, P, 96, 0, 0
14, Run: 029, P, 98, 0, 0
14, Run: 030, P, 112, 0, 0
14, Run: 031, P, 99, 0, 0
14, Run: 032, P, 92, 0, 0
14, Run: 033, P, 95, 0, 0
14, Run: 034, P, 104, 0, 0
14, Run: 035, P, 115, 0, 0
14, Run: 036, P, 96, 0, 0
14, Run: 037, P, 89, 0, 0
14, Run: 038, P, 86, 0, 0
14, Run: 039, P, 102, 0, 0
14, Run: 040, P, 121, 0, 0
14, Run: 041, P, 115, 0, 0
14, Run: 042, P, 94, 0, 0
14, Run: 043, P, 112, 0, 0
14, Run: 044, P, 98, 0, 0
14, Run: 045, P, 106, 0, 0
14, Run: 046, P, 112, 0, 0
14, Run: 047, P, 118, 0, 0
14, Run: 048, P, 99, 0, 0
14, Run: 049, P, 93, 0, 0
14, Run: 050, P, 100, 0, 0
14, Run: 051, P, 111, 0, 0
14, Run: 052, P, 113, 0, 0
14, Run: 053, P, 108, 0, 0
14, Run: 054, P, 93, 0, 0
14, Run: 055, P, 97, 0, 0
14, Run: 056, P, 100, 0, 0
14, Run: 057, P, 80, 0, 0
14, Run: 058, P, 95, 0, 0
14, Run: 059, P, 113, 0, 0
14, Run: 060, P, 85, 0, 0
14, Run: 061, P, 98, 0, 0
14, Run: 062, P, 99, 0, 0
14, Run: 063, P, 96, 0, 0
14, Run: 064, P, 92, 0, 0
14, Run: 065, P, 110, 0, 0
14, Run: 066, P, 118, 0, 0
14, Run: 067, P, 105, 0, 0
14, Run: 068, P, 105, 0, 0
14, Run: 069, P, 104, 0, 0
14, Run: 070, P, 107, 0, 0
14, Run: 071, P, 91, 0, 0
14, Run: 072, P, 98, 0, 0
14, Run: 073, P, 106, 0, 0
14, Run: 074, P, 99, 0, 0
14, Run: 075, P, 106, 0, 0
14, Run: 076, P, 102, 0, 0
14, Run: 077, P, 108, 0, 0
14, Run: 078, P, 127, 0, 0
14, Run: 079, P, 96, 0, 0
14, Run: 080, P, 112, 0, 0
14, Run: 081, P, 107, 0, 0
14, Run: 082, P, 105, 0, 0
14, Run: 083, P, 101, 0, 0
14, Run: 084, P, 102, 0, 0
14, Run: 085, P, 90, 0, 0
14, Run: 086, P, 98, 0, 0
14, Run: 087, P, 113, 0, 0
14, Run: 088, P, 90, 0, 0
14, Run: 089, P, 85, 0, 0
14, Run: 090, P, 87, 0, 0
14, Run: 091, P, 110, 0, 0
14, Run: 092, P, 104, 0, 0
14, Run: 093, P, 100, 0, 0
14, Run: 094, P, 108, 0, 0
14, Run: 095, P, 89, 0, 0
14, Run: 096, P, 113, 0, 0
14, Run: 097, P, 97, 0, 0
14, Run: 098, P, 92, 0, 0
14, Run: 099, P, 100, 0, 0
14, Run: 100, P, 102, 0, 0
15, Run: 001, P, 94, 0, 0
15, Run: 002, P, 104, 0, 0
15, Run: 003, P, 99, 0, 0
15, Run: 004, P, 90, 0, 0
15, Run: 005, P, 108, 0, 0
15, Run: 006, P, 101, 0, 0
15, Run: 007, P, 95, 0, 0
15, Run: 008, P, 77, 0, 0
15, Run: 009, P, 98, 0, 0
15, Run: 010, P, 99, 0, 0
15, Run: 011, P, 102, 0, 0
15, Run: 012, P, 104, 0, 0
15, Run: 013, P, 105, 0, 0
15, Run: 014, P, 109, 0, 0
15, Run: 015, P, 104, 0, 0
15, Run: 016, P, 77, 0, 0
15, Run: 017, P, 83, 0, 0
15, Run: 018, P, 94, 0, 0
15, Run: 019, P, 103, 0, 0
15, Run: 020, P, 102, 0, 0
15, Run: 021, P, 116, 0, 0
15, Run: 022, P, 108, 0, 0
15, Run: 023, P, 99, 0, 0
15, Run: 024, P, 87, 0, 0
15, Run: 025, P, 96, 0, 0
15, Run: 026, P, 90, 0, 0
15, Run: 027, P, 99, 0, 0
15, Run: 028, P, 93, 0, 0
15, Run: 029, P, 105, 0, 0
15, Run: 030, P, 99, 0, 0
15, Run: 031, P, 96, 0, 0
15, Run: 032, P, 106, 0, 0
15, Run: 033, P, 110, 0, 0
15, Run: 034, P, 103, 0, 0
15, Run: 035, P, 104, 0, 0
15, Run: 036, P, 112, 0, 0
15, Run: 037, P, 83, 0, 0
15, Run: 038, P, 113, 0, 0
15, Run: 039, P, 101, 0, 0
15, Run: 040, P, 90, 0, 0
15, Run: 041, P, 95, 0, 0
15, Run: 042, P, 93, 0, 0
15, Run: 043, P, 100, 0, 0
15, Run: 044, P, 111, 0, 0
15, Run: 045, P, 86, 0, 0
15, Run: 046, P, 97, 0, 0
15, Run: 047, P, 86, 0, 0
15, Run: 048, P, 99, 0, 0
15, Run: 049, P, 97, 0, 0
15, Run: 050, P, 101, 0, 0
15, Run: 051, P, 92, 0, 0
15, Run: 052, P, 118, 0, 0
15, Run: 053, P, 107, 0, 0
15, Run: 054, P, 91, 0, 0
15, Run: 055, P, 100, 0, 0
15, Run: 056, P, 89, 0, 0
15, Run: 057, P, 105, 0, 0
15, Run: 058, P, 92, 0, 0
15, Run: 059, P, 97, 0, 0
15, Run: 060, P, 90, 0, 0
15, Run: 061, P, 101, 0, 0
15, Run: 062, P, 112, 0, 0
15, Run: 063, P, 102, 0, 0
15, Run: 064, P, 108, 0, 0
15, Run: 065, P, 86, 0, 0
15, Run: 066, P, 94, 0, 0
15, Run: 067, P, 93, 0, 0
15, Run: 068, P, 103, 0, 0
15, Run: 069, P, 101, 0, 0
15, Run: 070, P, 84, 0, 0
15, Run: 071, P, 88, 0, 0
15, Run: 072, P, 99, 0, 0
15, Run: 073, P, 116, 0, 0
15, Run: 074, P, 107, 0, 0
15, Run: 075, P, 99, 0, 0
15, Run: 076, P, 117, 0, 0
15, Run: 077, P, 92, 0, 0
15, Run: 078, P, 108, 0, 0
15, Run: 079, P, 111, 0, 0
15, Run: 080, P, 106, 0, 0
15, Run: 081, P, 126, 0, 0
15, Run: 082, P, 100, 0, 0
15, Run: 083, P, 106, 0, 0
15, Run: 084, P, 84, 0, 0
15, Run: 085, P, 101, 0, 0
15, Run: 086, P, 98, 0, 0
15, Run: 087, P, 85, 0, 0
15, Run: 088, P, 115, 0, 0
15, Run: 089, P, 107, 0, 0
15, Run: 090, P, 96, 0, 0
15, Run: 091, P, 106, 0, 0
15, Run: 092, P, 89, 0, 0
15, Run: 093, P, 104, 0, 0
15, Run: 094, P, 100, 0, 0
15, Run: 095, P, 90, 0, 0
15, Run: 096, P, 80, 0, 0
15, Run: 097, P, 88, 0, 0
15, Run: 098, P, 100, 0, 0
15, Run: 099, P, 101, 0, 0
15, Run: 100, P, 89, 0, 0
17, Run: 001, P, 100, 0, 0
17, Run: 002, P, 91, 0, 0
17, Run: 003, P, 98, 0, 0
17, Run: 004, P, 92, 0, 0
17, Run: 005, P, 96, 0, 0
17, Run: 006, P, 115, 0, 0
17, Run: 007, P, 107, 0, 0
17, Run: 008, P, 93, 0, 0
17, Run: 009, P, 117, 0, 0
17, Run: 010, P, 112, 0, 0
17, Run: 011, P, 95, 0, 0
17, Run: 012, P, 91, 0, 0
17, Run: 013, P, 126, 0, 0
17, Run: 014, P, 99, 0, 0
17, Run: 015, P, 102, 0, 0
17, Run: 016, P, 80, 0, 0
17, Run: 017, P, 88, 0, 0
17, Run: 018, P, 85, 0, 0
17, Run: 019, P, 104, 0, 0
17, Run: 020, P, 103, 0, 0
17, Run: 021, P, 89, 0, 0
17, Run: 022, P, 103, 0, 0
17, Run: 023, P, 95, 0, 0
17, Run: 024, P, 92, 0, 0
17, Run: 025, P, 103, 0, 0
17, Run: 026, P, 92, 0, 0
17, Run: 027, P, 111, 0, 0
17, Run: 028, P, 102, 0, 0
17, Run: 029, P, 98, 0, 0
17, Run: 030, P, 84, 0, 0
17, Run: 031, P, 99, 0, 0
17, Run: 032, P, 119, 0, 0
17, Run: 033, P, 100, 0, 0
17, Run: 034, P, 99, 0, 0
17, Run: 035, P, 90, 0, 0
17, Run: 036, P, 99, 0, 0
17, Run: 037, P, 95, 0, 0
17, Run: 038, P, 98, 0, 0
17, Run: 039, P, 97, 0, 0
17, Run: 040, P, 91, 0, 0
17, Run: 041, P, 101, 0, 0
17, Run: 042, P, 111, 0, 0
17, Run: 043, P, 88, 0, 0
17, Run: 044, P, 98, 0, 0
17, Run: 045, P, 78, 0, 0
17, Run: 046, P, 99, 0, 0
17, Run: 047, P, 104, 0, 0
17, Run: 048, P, 94, 0, 0
17, Run: 049, P, 107, 0, 0
17, Run: 050, P, 119, 0, 0
17, Run: 051, P, 100, 0, 0
17, Run: 052, P, 102, 0, 0
17, Run: 053, P, 112, 0, 0
17, Run: 054, P, 92, 0, 0
17, Run: 055, P, 115, 0, 0
17, Run: 056, P, 108, 0, 0
17, Run: 057, P, 93, 0, 0
17, Run: 058, P, 96, 0, 0
17, Run: 059, P, 92, 0, 0
17, Run: 060, P, 106, 0, 0
17, Run: 061, P, 87, 0, 0
17, Run: 062, P, 124, 0, 0
17, Run: 063, P, 125, 0, 0
17, Run: 064, P, 109, 0, 0
17, Run: 065, P, 94, 0, 0
17, Run: 066, P, 95, 0, 0
17, Run: 067, P, 92, 0, 0
17, Run: 068, P, 126, 0, 0
17, Run: 069, P, 102, 0, 0
17, Run: 070, P, 104, 0, 0
17, Run: 071, P, 96, 0, 0
17, Run: 072, P, 100, 0, 0
17, Run: 073, P, 128, 0, 0
17, Run: 074, P, 104, 0, 0
17, Run: 075, P, 96, 0, 0
17, Run: 076, P, 92, 0, 0
17, Run: 077, P, 113, 0, 0
17, Run: 078, P, 80, 0, 0
17, Run: 079, P, 106, 0, 0
17, Run: 080, P, 113, 0, 0
17, Run: 081, P, 82, 0, 0
17, Run: 082, P, 93, 0, 0
17, Run: 083, P, 102, 0, 0
17, Run: 084, P, 110, 0, 0
17, Run: 085, P, 115, 0, 0
17, Run: 086, P, 102, 0, 0
17, Run: 087, P, 92, 0, 0
17, Run: 088, P, 78, 0, 0
17, Run: 089, P, 107, 0, 0
17, Run: 090, P, 108, 0, 0
17, Run: 091, P, 106, 0, 0
17, Run: 092, P, 114, 0, 0
17, Run: 093, P, 105, 0, 0
17, Run: 094, P, 97, 0, 0
17, Run: 095, P, 113, 0, 0
17, Run: 096, P, 116, 0, 0
17, Run: 097, P, 96, 0, 0
17, Run: 098, P, 100, 0, 0
17, Run: 099, P, 101, 0, 0
17, Run: 100, P, 120, 0, 0
18, Run: 001, P, 79, 0, 0
18, Run: 002, P, 83, 0, 0
18, Run: 003, P, 95, 0, 0
18, Run: 004, P, 96, 0, 0
18, Run: 005, P, 99, 0, 0
18, Run: 006, P, 99, 0, 0
18, Run: 007, P, 86, 0, 0
18, Run: 008, P, 95, 0, 0
18, Run: 009, P, 96, 0, 0
18, Run: 010, P, 95, 0, 0
18, Run: 011, P, 86, 0, 0
18, Run: 012, P, 100, 0, 0
18, Run: 013, P, 95, 0, 0
18, Run: 014, P, 94, 0, 0
18, Run: 015, P, 98, 0, 0
18, Run: 016, P, 99, 0, 0
18, Run: 017, P, 88, 0, 0
18, Run: 018, P, 90, 0, 0
18, Run: 019, P, 90, 0, 0
18, Run: 020, P, 112, 0, 0
18, Run: 021, P, 97, 0, 0
18, Run: 022, P, 90, 0, 0
18, Run: 023, P, 101, 0, 0
18, Run: 024, P, 103, 0, 0
18, Run: 025, P, 95, 0, 0
18, Run: 026, P, 97, 0, 0
18, Run: 027, P, 95, 0, 0
18, Run: 028, P, 99, 0, 0
18, Run: 029, P, 104, 0, 0
18, Run: 030, P, 106, 0, 0
18, Run: 031, P, 105, 0, 0
18, Run: 032, P, 91, 0, 0
18, Run: 033, P, 92, 0, 0
18, Run: 034, P, 106, 0, 0
18, Run: 035, P, 110, 0, 0
18, Run: 036, P, 118, 0, 0
18, Run: 037, P, 119, 0, 0
18, Run: 038, P, 105, 0, 0
18, Run: 039, P, 108, 0, 0
18, Run: 040, P, 89, 0, 0
18, Run: 041, P, 117, 0, 0
18, Run: 042, P, 96, 0, 0
18, Run: 043, P, 89, 0, 0
18, Run: 044, P, 117, 0, 0
18, Run: 045, P, 113, 0, 0
18, Run: 046, P, 94, 0, 0
18, Run: 047, P, 91, 0, 0
18, Run: 048, P, 129, 0, 0
18, Run: 049, P, 82, 0, 0
18, Run: 050, P, 110, 0, 0
18, Run: 051, P, 94, 0, 0
18, Run: 052, P, 116, 0, 0
18, Run: 053, P, 107, 0, 0
18, Run: 054, P, 83, 0, 0
18, Run: 055, P, 103, 0, 0
18, Run: 056, P, 109, 0, 0
18, Run: 057, P, 91, 0, 0
18, Run: 058, P, 94, 0, 0
18, Run: 059, P, 92, 0, 0
18, Run: 060, P, 113, 0, 0
18, Run: 061, P, 108, 0, 0
18, Run: 062, P, 93, 0, 0
18, Run: 063, P, 133, 0, 0
18, Run: 064, P, 90, 0, 0
18, Run: 065, P, 86, 0, 0
18, Run: 066, P, 97, 0, 0
18, Run: 067, P, 123, 0, 0
18, Run: 068, P, 96, 0, 0
18, Run: 069, P, 74, 0, 0
18, Run: 070, P, 97, 0, 0
18, Run: 071, P, 95, 0, 0
18, Run: 072, P, 113, 0, 0
18, Run: 073, P, 94, 0, 0
18, Run: 074, P, 118, 0, 0
18, Run: 075, P, 119, 0, 0
18, Run: 076, P, 108, 0, 0
18, Run: 077, P, 122, 0, 0
18, Run: 078, P, 105, 0, 0
18, Run: 079, P, 82, 0, 0
18, Run: 080, P, 109, 0, 0
18, Run: 081, P, 104, 0, 0
18, Run: 082, P, 98, 0, 0
18, Run: 083, P, 89, 0, 0
18, Run: 084, P, 95, 0, 0
18, Run: 085, P, 89, 0, 0
18, Run: 086, P, 98, 0, 0
18, Run: 087, P, 116, 0, 0
18, Run: 088, P, 103, 0, 0
18, Run: 089, P, 94, 0, 0
18, Run: 090, P, 80, 0, 0
18, Run: 091, P, 88, 0, 0
18, Run: 092, P, 111, 0, 0
18, Run: 093, P, 100, 0, 0
18, Run: 094, P, 100, 0, 0
18, Run: 095, P, 95, 0, 0
18, Run: 096, P, 94, 0, 0
18, Run: 097, P, 100, 0, 0
18, Run: 098, P, 91, 0, 0
18, Run: 099, P, 137, 0, 0
18, Run: 100, P, 91, 0, 0
19, Run: 001, P, 100, 0, 0
19, Run: 002, P, 85, 0, 0
19, Run: 003, P, 103, 0, 0
19, Run: 004, P, 100, 0, 0
19, Run: 005, P, 114, 0, 0
19, Run: 006, P, 87, 0, 0
19, Run: 007, P, 108, 0, 0
19, Run: 008, P, 94, 0, 0
19, Run: 009, P, 101, 0, 0
19, Run: 010, P, 91, 0, 0
19, Run: 011, P, 91, 0, 0
19, Run: 012, P, 94, 0, 0
19, Run: 013, P, 100, 0, 0
19, Run: 014, P, 109, 0, 0
19, Run: 015, P, 109, 0, 0
19, Run: 016, P, 95, 0, 0
19, Run: 017, P, 108, 0, 0
19, Run: 018, P, 109, 0, 0
19, Run: 019, P, 134, 0, 0
19, Run: 020, P, 103, 0, 0
19, Run: 021, P, 90, 0, 0
19, Run: 022, P, 99, 0, 0
19, Run: 023, P, 83, 0, 0
19, Run: 024, P, 94, 0, 0
19, Run: 025, P, 90, 0, 0
19, Run: 026, P, 101, 0, 0
19, Run: 027, P, 109, 0, 0
19, Run: 028, P, 93, 0, 0
19, Run: 029, P, 100, 0, 0
19, Run: 030, P, 107, 0, 0
19, Run: 031, P, 116, 0, 0
19, Run: 032, P, 128, 0, 0
19, Run: 033, P, 103, 0, 0
19, Run: 034, P, 78, 0, 0
19, Run: 035, P, 94, 0, 0
19, Run: 036, P, 115, 0, 0
19, Run: 037, P, 86, 0, 0
19, Run: 038, P, 99, 0, 0
19, Run: 039, P, 88, 0, 0
19, Run: 040, P, 100, 0, 0
19, Run: 041, P, 99, 0, 0
19, Run: 042, P, 95, 0, 0
19, Run: 043, P, 100, 0, 0
19, Run: 044, P, 103, 0, 0
19, Run: 045, P, 98, 0, 0
19, Run: 046, P, 88, 0, 0
19, Run: 047, P, 112, 0, 0
19, Run: 048, P, 102, 0, 0
19, Run: 049, P, 101, 0, 0
19, Run: 050, P, 102, 0, 0
19, Run: 051, P, 104, 0, 0
19, Run: 052, P, 88, 0, 0
19, Run: 053, P, 119, 0, 0
19, Run: 054, P, 102, 0, 0
19, Run: 055, P, 101, 0, 0
19, Run: 056, P, 88, 0, 0
19, Run: 057, P, 88, 0, 0
19, Run: 058, P, 96, 0, 0
19, Run: 059, P, 95, 0, 0
19, Run: 060, P, 97, 0, 0
19, Run: 061, P, 95, 0, 0
19, Run: 062, P, 94, 0, 0
19, Run: 063, P, 108, 0, 0
19, Run: 064, P, 108, 0, 0
19, Run: 065, P, 79, 0, 0
19, Run: 066, P, 104, 0, 0
19, Run: 067, P, 107, 0, 0
19, Run: 068, P, 86, 0, 0
19, Run: 069, P, 92, 0, 0
19, Run: 070, P, 117, 0, 0
19, Run: 071, P, 109, 0, 0
19, Run: 072, P, 93, 0, 0
19, Run: 073, P, 106, 0, 0
19, Run: 074, P, 89, 0, 0
19, Run: 075, P, 110, 0, 0
19, Run: 076, P, 97, 0, 0
19, Run: 077, P, 91, 0, 0
19, Run: 078, P, 119, 0, 0
19, Run: 079, P, 87, 0, 0
19, Run: 080, P, 101, 0, 0
19, Run: 081, P, 98, 0, 0
19, Run: 082, P, 107, 0, 0
19, Run: 083, P, 114, 0, 0
19, Run: 084, P, 103, 0, 0
19, Run: 085, P, 81, 0, 0
19, Run: 086, P, 99, 0, 0
19, Run: 087, P, 103, 0, 0
19, Run: 088, P, 100, 0, 0
19, Run: 089, P, 100, 0, 0
19, Run: 090, P, 106, 0, 0
19, Run: 091, P, 103, 0, 0
19, Run: 092, P, 84, 0, 0
19, Run: 093, P, 104, 0, 0
19, Run: 094, P, 79, 0, 0
19, Run: 095, P, 111, 0, 0
19, Run: 096, P, 95, 0, 0
19, Run: 097, P, 103, 0, 0
19, Run: 098, P, 118, 0, 0
19, Run: 099, P, 113, 0, 0
19, Run: 100, P, 82, 0, 0
2, Run: 001, P, 95, 0, 0
2, Run: 002, P, 96, 0, 0
2, Run: 003, P, 102, 0, 0
2, Run: 004, P, 98, 0, 0
2, Run: 005, P, 106, 0, 0
2, Run: 006, P, 100, 0, 0
2, Run: 007, P, 105, 0, 0
2, Run: 008, P, 93, 0, 0
2, Run: 009, P, 101, 0, 0
2, Run: 010, P, 90, 0, 0
2, Run: 011, P, 100, 0, 0
2, Run: 012, P, 85, 0, 0
2, Run: 013, P, 90, 0, 0
2, Run: 014, P, 85, 0, 0
2, Run: 015, P, 105, 0, 0
2, Run: 016, P, 93, 0, 0
2, Run: 017, P, 109, 0, 0
2, Run: 018, P, 94, 0, 0
2, Run: 019, P, 109, 0, 0
2, Run: 020, P, 99, 0, 0
2, Run: 021, P, 92, 0, 0
2, Run: 022, P, 127, 0, 0
2, Run: 023, P, 111, 0, 0
2, Run: 024, P, 104, 0, 0
2, Run: 025, P, 101, 0, 0
2, Run: 026, P, 95, 0, 0
2, Run: 027, P, 94, 0, 0
2, Run: 028, P, 102, 0, 0
2, Run: 029, P, 95, 0, 0
2, Run: 030, P, 108, 0, 0
2, Run: 031, P, 94, 0, 0
2, Run: 032, P, 86, 0, 0
2, Run: 033, P, 92, 0, 0
2, Run: 034, P, 114, 0, 0
2, Run: 035, P, 105, 0, 0
2, Run: 036, P, 96, 0, 0
2, Run: 037, P, 94, 0, 0
2, Run: 038, P, 96, 0, 0
2, Run: 039, P, 95, 0, 0
2, Run: 040, P, 97, 0, 0
2, Run: 041, P, 104, 0, 0
2, Run: 042, P, 90, 0, 0
2, Run: 043, P, 89, 0, 0
2, Run: 044, P, 89, 0, 0
2, Run: 045, P, 84, 0, 0
2, Run: 046, P, 99, 0, 0
2, Run: 047, P, 90, 0, 0
2, Run: 048, P, 91, 0, 0
2, Run: 049, P, 92, 0, 0
2, Run: 050, P, 91, 0, 0
2, Run: 051, P, 91, 0, 0
2, Run: 052, P, 101, 0, 0
2, Run: 053, P, 95, 0, 0
2, Run: 054, P, 112, 0, 0
2, Run: 055, P, 83, 0, 0
2, Run: 056, P, 83, 0, 0
2, Run: 057, P, 109, 0, 0
2, Run: 058, P, 78, 0, 0
2, Run: 059, P, 108, 0, 0
2, Run: 060, P, 87, 0, 0
2, Run: 061, P, 115, 0, 0
2, Run: 062, P, 102, 0, 0
2, Run: 063, P, 94, 0, 0
2, Run: 064, P, 99, 0, 0
2, Run: 065, P, 108, 0, 0
2, Run: 066, P, 95, 0, 0
2, Run: 067, P, 94, 0, 0
2, Run: 068, P, 91, 0, 0
2, Run: 069, P, 94, 0, 0
2, Run: 070, P, 94, 0, 0
2, Run: 071, P, 103, 0, 0
2, Run: 072, P, 106, 0, 0
2, Run: 073, P, 99, 0, 0
2, Run: 074, P, 81, 0, 0
2, Run: 075, P, 87, 0, 0
2, Run: 076, P, 82, 0, 0
2, Run: 077, P, 85, 0, 0
2, Run: 078, P, 102, 0, 0
2, Run: 079, P, 100, 0, 0
2, Run: 080, P, 112, 0, 0
2, Run: 081, P, 90, 0, 0
2, Run: 082, P, 106, 0, 0
2, Run: 083, P, 106, 0, 0
2, Run: 084, P, 99, 0, 0
2, Run: 085, P, 87, 0, 0
2, Run: 086, P, 101, 0, 0
2, Run: 087, P, 97, 0, 0
2, Run: 088, P, 114, 0, 0
2, Run: 089, P, 109, 0, 0
2, Run: 090, P, 92, 0, 0
2, Run: 091, P, 96, 0, 0
2, Run: 092, P, 91, 0, 0
2, Run: 093, P, 87, 0, 0
2, Run: 094, P, 99, 0, 0
2, Run: 095, P, 101, 0, 0
2, Run: 096, P, 99, 0, 0
2, Run: 097, P, 95, 0, 0
2, Run: 098, P, 110, 0, 0
2, Run: 099, P, 100, 0, 0
2, Run: 100, P, 91, 0, 0
20, Run: 001, P, 86, 0, 0
20, Run: 002, P, 101, 0, 0
20, Run: 003, P, 107, 0, 0
20, Run: 004, P, 99, 0, 0
20, Run: 005, P, 110, 0, 0
20, Run: 006, P, 85, 0, 0
20, Run: 007, P, 96, 0, 0
20, Run: 008, P, 119, 0, 0
20, Run: 009, P, 99, 0, 0
20, Run: 010, P, 108, 0, 0
20, Run: 011, P, 101, 0, 0
20, Run: 012, P, 83, 0, 0
20, Run: 013, P, 95, 0, 0
20, Run: 014, P, 98, 0, 0
20, Run: 015, P, 95, 0, 0
20, Run: 016, P, 95, 0, 0
20, Run: 017, P, 83, 0, 0
20, Run: 018, P, 91, 0, 0
20, Run: 019, P, 96, 0, 0
20, Run: 020, P, 93, 0, 0
20, Run: 021, P, 103, 0, 0
20, Run: 022, P, 101, 0, 0
20, Run: 023, P, 107, 0, 0
20, Run: 024, P, 104, 0, 0
20, Run: 025, P, 97, 0, 0
20, Run: 026, P, 85, 0, 0
20, Run: 027, P, 113, 0, 0
20, Run: 028, P, 88, 0, 0
20, Run: 029, P, 124, 0, 0
20, Run: 030, P, 98, 0, 0
20, Run: 031, P, 99, 0, 0
20, Run: 032, P, 116, 0, 0
20, Run: 033, P, 88, 0, 0
20, Run: 034, P, 105, 0, 0
20, Run: 035, P, 103, 0, 0
20, Run: 036, P, 99, 0, 0
20, Run: 037, P, 91, 0, 0
20, Run: 038, P, 106, 0, 0
20, Run: 039, P, 108, 0, 0
20, Run: 040, P, 102, 0, 0
20, Run: 041, P, 110, 0, 0
20, Run: 042, P, 93, 0, 0
20, Run: 043, P, 111, 0, 0
20, Run: 044, P, 97, 0, 0
20, Run: 045, P, 93, 0, 0
20, Run: 046, P, 113, 0, 0
20, Run: 047, P, 89, 0, 0
20, Run: 048, P, 116, 0, 0
20, Run: 049, P, 106, 0, 0
20, Run: 050, P, 88, 0, 0
20, Run: 051, P, 103, 0, 0
20, Run: 052, P, 104, 0, 0
20, Run: 053, P, 100, 0, 0
20, Run: 054, P, 100, 0, 0
20, Run: 055, P, 99, 0, 0
20, Run: 056, P, 108, 0, 0
20, Run: 057, P, 105, 0, 0
20, Run: 058, P, 96, 0, 0
20, Run: 059, P, 111, 0, 0
20, Run: 060, P, 110, 0, 0
20, Run: 061, P, 96, 0, 0
20, Run: 062, P, 107, 0, 0
20, Run: 063, P, 109, 0, 0
20, Run: 064, P, 100, 0, 0
20, Run: 065, P, 99, 0, 0
20, Run: 066, P, 112, 0, 0
20, Run: 067, P, 96, 0, 0
20, Run: 068, P, 103, 0, 0
20, Run: 069, P, 101, 0, 0
20, Run: 070, P, 91, 0, 0
20, Run: 071, P, 77, 0, 0
20, Run: 072, P, 98, 0, 0
20, Run: 073, P, 120, 0, 0
20, Run: 074, P, 96, 0, 0
20, Run: 075, P, 103, 0, 0
20, Run: 076, P, 89, 0, 0
20, Run: 077, P, 86, 0, 0
20, Run: 078, P, 88, 0, 0
20, Run: 079, P, 103, 0, 0
20, Run: 080, P, 94, 0, 0
20, Run: 081, P, 107, 0, 0
20, Run: 082, P, 100, 0, 0
20, Run: 083, P, 97, 0, 0
20, Run: 084, P, 93, 0, 0
20, Run: 085, P, 109, 0, 0
20, Run: 086, P, 106, 0, 0
20, Run: 087, P, 95, 0, 0
20, Run: 088, P, 108, 0, 0
20, Run: 089, P, 122, 0, 0
20, Run: 090, P, 94, 0, 0
20, Run: 091, P, 103, 0, 0
20, Run: 092, P, 94, 0, 0
20, Run: 093, P, 117, 0, 0
20, Run: 094, P, 89, 0, 0
20, Run: 095, P, 110, 0, 0
20, Run: 096, P, 103, 0, 0
20, Run: 097, P, 100, 0, 0
20, Run: 098, P, 106, 0, 0
20, Run: 099, P, 97, 0, 0
20, Run: 100, P, 90, 0, 0
21, Run: 001, P, 113, 0, 0
21, Run: 002, P, 104, 0, 0
21, Run: 003, P, 108, 0, 0
21, Run: 004, P, 88, 0, 0
21, Run: 005, P, 109, 0, 0
21, Run: 006, P, 106, 0, 0
21, Run: 007, P, 90, 0, 0
21, Run: 008, P, 106, 0, 0
21, Run: 009, P, 104, 0, 0
21, Run: 010, P, 108, 0, 0
21, Run: 011, P, 98, 0, 0
21, Run: 012, P, 93, 0, 0
21, Run: 013, P, 101, 0, 0
21, Run: 014, P, 97, 0, 0
21, Run: 015, P, 92, 0, 0
21, Run: 016, P, 92, 0, 0
21, Run: 017, P, 102, 0, 0
21, Run: 018, P, 101, 0, 0
21, Run: 019, P, 100, 0, 0
21, Run: 020, P, 104, 0, 0
21, Run: 021, P, 96, 0, 0
21, Run: 022, P, 100, 0, 0
21, Run: 023, P, 103, 0, 0
21, Run: 024, P, 90, 0, 0
21, Run: 025, P, 104, 0, 0
21, Run: 026, P, 100, 0, 0
21, Run: 027, P, 97, 0, 0
21, Run: 028, P, 108, 0, 0
21, Run: 029, P, 101, 0, 0
21, Run: 030, P, 91, 0, 0
21, Run: 031, P, 112, 0, 0
21, Run: 032, P, 111, 0, 0
21, Run: 033, P, 87, 0, 0
21, Run: 034, P, 92, 0, 0
21, Run: 035, P, 102, 0, 0
21, Run: 036, P, 100, 0, 0
21, Run: 037, P, 97, 0, 0
21, Run: 038, P, 111, 0, 0
21, Run: 039, P, 104, 0, 0
21, Run: 040, P, 104, 0, 0
21, Run: 041, P, 96, 0, 0
21, Run: 042, P, 114, 0, 0
21, Run: 043, P, 113, 0, 0
21, Run: 044, P, 110, 0, 0
21, Run: 045, P, 107, 0, 0
21, Run: 046, P, 99, 0, 0
21, Run: 047, P, 120, 0, 0
21, Run: 048, P, 93, 0, 0
21, Run: 049, P, 86, 0, 0
21, Run: 050, P, 99, 0, 0
21, Run: 051, P, 89, 0, 0
21, Run: 052, P, 101, 0, 0
21, Run: 053, P, 113, 0, 0
21, Run: 054, P, 111, 0, 0
21, Run: 055, P, 109, 0, 0
21, Run: 056, P, 98, 0, 0
21, Run: 057, P, 106, 0, 0
21, Run: 058, P, 90, 0, 0
21, Run: 059, P, 83, 0, 0
21, Run: 060, P, 110, 0, 0
21, Run: 061, P, 97, 0, 0
21, Run: 062, P, 109, 0, 0
21, Run: 063, P, 104, 0, 0
21, Run: 064, P, 90, 0, 0
21, Run: 065, P, 95, 0, 0
21, Run: 066, P, 96, 0, 0
21, Run: 067, P, 106, 0, 0
21, Run: 068, P, 105, 0, 0
21, Run: 069, P, 116, 0, 0
21, Run: 070, P, 98, 0, 0
21, Run: 071, P, 86, 0, 0
21, Run: 072, P, 100, 0, 0
21, Run: 073, P, 97, 0, 0
21, Run: 074, P, 94, 0, 0
21, Run: 075, P, 107, 0, 0
21, Run: 076, P, 115, 0, 0
21, Run: 077, P, 87, 0, 0
21, Run: 078, P, 113, 0, 0
21, Run: 079, P, 103, 0, 0
21, Run: 080, P, 121, 0, 0
21, Run: 081, P, 92, 0, 0
21, Run: 082, P, 88, 0, 0
21, Run: 083, P, 94, 0, 0
21, Run: 084, P, 88, 0, 0
21, Run: 085, P, 101, 0, 0
21, Run: 086, P, 107, 0, 0
21, Run: 087, P, 103, 0, 0
21, Run: 088, P, 107, 0, 0
21, Run: 089, P, 88, 0, 0
21, Run: 090, P, 88, 0, 0
21, Run: 091, P, 91, 0, 0
21, Run: 092, P, 98, 0, 0
21, Run: 093, P, 104, 0, 0
21, Run: 094, P, 92, 0, 0
21, Run: 095, P, 105, 0, 0
21, Run: 096, P, 81, 0, 0
21, Run: 097, P, 93, 0, 0
21, Run: 098, P, 95, 0, 0
21, Run: 099, P, 89, 0, 0
21, Run: 100, P, 98, 0, 0
22, Run: 001, P, 109, 0, 0
22, Run: 002, P, 88, 0, 0
22, Run: 003, P, 99, 0, 0
22, Run: 004, P, 87, 0, 0
22, Run: 005, P, 82, 0, 0
22, Run: 006, P, 110, 0, 0
22, Run: 007, P, 111, 0, 0
22, Run: 008, P, 84, 0, 0
22, Run: 009, P, 92, 0, 0
22, Run: 010, P, 111, 0, 0
22, Run: 011, P, 101, 0, 0
22, Run: 012, P, 101, 0, 0
22, Run: 013, P, 100, 0, 0
22, Run: 014, P, 107, 0, 0
22, Run: 015, P, 82, 0, 0
22, Run: 016, P, 124, 0, 0
22, Run: 017, P, 93, 0, 0
22, Run: 018, P, 115, 0, 0
22, Run: 019, P, 95, 0, 0
22, Run: 020, P, 106, 0, 0
22, Run: 021, P, 94, 0, 0
22, Run: 022, P, 91, 0, 0
22, Run: 023, P, 94, 0, 0
22, Run: 024, P, 116, 0, 0
22, Run: 025, P, 103, 0, 0
22, Run: 026, P, 107, 0, 0
22, Run: 027, P, 93, 0, 0
22, Run: 028, P, 126, 0, 0
22, Run: 029, P, 87, 0, 0
22, Run: 030, P, 111, 0, 0
22, Run: 031, P, 88, 0, 0
22, Run: 032, P, 98, 0, 0
22, Run: 033, P, 91, 0, 0
22, Run: 034, P, 101, 0, 0
22, Run: 035, P, 91, 0, 0
22, Run: 036, P, 99, 0, 0
22, Run: 037, P, 110, 0, 0
22, Run: 038, P, 105, 0, 0
22, Run: 039, P, 104, 0, 0
22, Run: 040, P, 103, 0, 0
22, Run: 041, P, 91, 0, 0
22, Run: 042, P, 85, 0, 0
22, Run: 043, P, 112, 0, 0
22, Run: 044, P, 75, 0, 0
22, Run: 045, P, 104, 0, 0
22, Run: 046, P, 100, 0, 0
22, Run: 047, P, 109, 0, 0
22, Run: 048, P, 97, 0, 0
22, Run: 049, P, 83, 0, 0
22, Run: 050, P, 70, 0, 0
22, Run: 051, P, 90, 0, 0
22, Run: 052, P, 104, 0, 0
22, Run: 053, P, 82, 0, 0
22, Run: 054, P, 94, 0, 0
22, Run: 055, P, 118, 0, 0
22, Run: 056, P, 111, 0, 0
22, Run: 057, P, 78, 0, 0
22, Run: 058, P, 99, 0, 0
22, Run: 059, P, 100, 0, 0
22, Run: 060, P, 95, 0, 0
22, Run: 061, P, 115, 0, 0
22, Run: 062, P, 102, 0, 0
22, Run: 063, P, 90, 0, 0
22, Run: 064, P, 94, 0, 0
22, Run: 065, P, 107, 0, 0
22, Run: 066, P, 108, 0, 0
22, Run: 067, P, 99, 0, 0
22, Run: 068, P, 96, 0, 0
22, Run: 069, P, 127, 0, 0
22, Run: 070, P, 108, 0, 0
22, Run: 071, P, 109, 0, 0
22, Run: 072, P, 93, 0, 0
22, Run: 073, P, 105, 0, 0
22, Run: 074, P, 93, 0, 0
22, Run: 075, P, 82, 0, 0
22, Run: 076, P, 85, 0, 0
22, Run: 077, P, 110, 0, 0
22, Run: 078, P, 101, 0, 0
22, Run: 079, P, 99, 0, 0
22, Run: 080, P, 128, 0, 0
22, Run: 081, P, 98, 0, 0
22, Run: 082, P, 106, 0, 0
22, Run: 083, P, 94, 0, 0
22, Run: 084, P, 114, 0, 0
22, Run: 085, P, 105, 0, 0
22, Run: 086, P, 120, 0, 0
22, Run: 087, P, 102, 0, 0
22, Run: 088, P, 107, 0, 0
22, Run: 089, P, 101, 0, 0
22, Run: 090, P, 102, 0, 0
22, Run: 091, P, 99, 0, 0
22, Run: 092, P, 110, 0, 0
22, Run: 093, P, 89, 0, 0
22, Run: 094, P, 106, 0, 0
22, Run: 095, P, 88, 0, 0
22, Run: 096, P, 83, 0, 0
22, Run: 097, P, 95, 0, 0
22, Run: 098, P, 104, 0, 0
22, Run: 099, P, 102, 0, 0
22, Run: 100, P, 105, 0, 0
23, Run: 001, P, 94, 0, 0
23, Run: 002, P, 110, 0, 0
23, Run: 003, P, 104, 0, 0
23, Run: 004, P, 110, 0, 0
23, Run: 005, P, 94, 0, 0
23, Run: 006, P, 89, 0, 0
23, Run: 007, P, 102, 0, 0
23, Run: 008, P, 73, 0, 0
23, Run: 009, P, 110, 0, 0
23, Run: 010, P, 92, 0, 0
23, Run: 011, P, 99, 0, 0
23, Run: 012, P, 94, 0, 0
23, Run: 013, P, 105, 0, 0
23, Run: 014, P, 92, 0, 0
23, Run: 015, P, 96, 0, 0
23, Run: 016, P, 99, 0, 0
23, Run: 017, P, 79, 0, 0
23, Run: 018, P, 107, 0, 0
23, Run: 019, P, 94, 0, 0
23, Run: 020, P, 95, 0, 0
23, Run: 021, P, 93, 0, 0
23, Run: 022, P, 100, 0, 0
23, Run: 023, P, 97, 0, 0
23, Run: 024, P, 99, 0, 0
23, Run: 025, P, 101, 0, 0
23, Run: 026, P, 106, 0, 0
23, Run: 027, P, 94, 0, 0
23, Run: 028, P, 122, 0, 0
23, Run: 029, P, 110, 0, 0
23, Run: 030, P, 101, 0, 0
23, Run: 031, P, 110, 0, 0
23, Run: 032, P, 113, 0, 0
23, Run: 033, P, 93, 0, 0
23, Run: 034, P, 104, 0, 0
23, Run: 035, P, 103, 0, 0
23, Run: 036, P, 94, 0, 0
23, Run: 037, P, 96, 0, 0
23, Run: 038, P, 107, 0, 0
23, Run: 039, P, 95, 0, 0
23, Run: 040, P, 99, 0, 0
23, Run: 041, P, 104, 0, 0
23, Run: 042, P, 84, 0, 0
23, Run: 043, P, 99, 0, 0
23, Run: 044, P, 96, 0, 0
23, Run: 045, P, 93, 0, 0
23, Run: 046, P, 113, 0, 0
23, Run: 047, P, 90, 0, 0
23, Run: 048, P, 102, 0, 0
23, Run: 049, P, 88, 0, 0
23, Run: 050, P, 105, 0, 0
23, Run: 051, P, 106, 0, 0
23, Run: 052, P, 85, 0, 0
23, Run: 053, P, 88, 0, 0
23, Run: 054, P, 103, 0, 0
23, Run: 055, P, 119, 0, 0
23, Run: 056, P, 97, 0, 0
23, Run: 057, P, 97, 0, 0
23, Run: 058, P, 101, 0, 0
23, Run: 059, P, 108, 0, 0
23, Run: 060, P, 109, 0, 0
23, Run: 061, P, 100, 0, 0
23, Run: 062, P, 85, 0, 0
23, Run: 063, P, 97, 0, 0
23, Run: 064, P, 87, 0, 0
23, Run: 065, P, 105, 0, 0
23, Run: 066, P, 104, 0, 0
23, Run: 067, P, 107, 0, 0
23, Run: 068, P, 101, 0, 0
23, Run: 069, P, 103, 0, 0
23, Run: 070, P, 96, 0, 0
23, Run: 071, P, 99, 0, 0
23, Run: 072, P, 97, 0, 0
23, Run: 073, P, 104, 0, 0
23, Run: 074, P, 96, 0, 0
23, Run: 075, P, 91, 0, 0
23, Run: 076, P, 100, 0, 0
23, Run: 077, P, 82, 0, 0
23, Run: 078, P, 98, 0, 0
23, Run: 079, P, 108, 0, 0
23, Run: 080, P, 92, 0, 0
23, Run: 081, P, 95, 0, 0
23, Run: 082, P, 96, 0, 0
23, Run: 083, P, 108, 0, 0
23, Run: 084, P, 96, 0, 0
23, Run: 085, P, 104, 0, 0
23, Run: 086, P, 89, 0, 0
23, Run: 087, P, 103, 0, 0
23, Run: 088, P, 98, 0, 0
23, Run: 089, P, 112, 0, 0
23, Run: 090, P, 104, 0, 0
23, Run: 091, P, 81, 0, 0
23, Run: 092, P, 113, 0, 0
23, Run: 093, P, 91, 0, 0
23, Run: 094, P, 92, 0, 0
23, Run: 095, P, 103, 0, 0
23, Run: 096, P, 99, 0, 0
23, Run: 097, P, 115, 0, 0
23, Run: 098, P, 115, 0, 0
23, Run: 099, P, 100, 0, 0
23, Run: 100, P, 102, 0, 0
24, Run: 001, P, 113, 0, 0
24, Run: 002, P, 111, 0, 0
24, Run: 003, P, 103, 0, 0
24, Run: 004, P, 82, 0, 0
24, Run: 005, P, 104, 0, 0
24, Run: 006, P, 81, 0, 0
24, Run: 007, P, 89, 0, 0
24, Run: 008, P, 99, 0, 0
24, Run: 009, P, 103, 0, 0
24, Run: 010, P, 100, 0, 0
24, Run: 011, P, 98, 0, 0
24, Run: 012, P, 93, 0, 0
24, Run: 013, P, 98, 0, 0
24, Run: 014, P, 107, 0, 0
24, Run: 015, P, 115, 0, 0
24, Run: 016, P, 93, 0, 0
24, Run: 017, P, 89, 0, 0
24, Run: 018, P, 96, 0, 0
24, Run: 019, P, 102, 0, 0
24, Run: 020, P, 109, 0, 0
24, Run: 021, P, 98, 0, 0
24, Run: 022, P, 98, 0, 0
24, Run: 023, P, 91, 0, 0
24, Run: 024, P, 91, 0, 0
24, Run: 025, P, 105, 0, 0
24, Run: 026, P, 87, 0, 0
24, Run: 027, P, 126, 0, 0
24, Run: 028, P, 95, 0, 0
24, Run: 029, P, 103, 0, 0
24, Run: 030, P, 93, 0, 0
24, Run: 031, P, 106, 0, 0
24, Run: 032, P, 106, 0, 0
24, Run: 033, P, 106, 0, 0
24, Run: 034, P, 100, 0, 0
24, Run: 035, P, 100, 0, 0
24, Run: 036, P, 94, 0, 0
24, Run: 037, P, 95, 0, 0
24, Run: 038, P, 100, 0, 0
24, Run: 039, P, 96, 0, 0
24, Run: 040, P, 108, 0, 0
24, Run: 041, P, 78, 0, 0
24, Run: 042, P, 101, 0, 0
24, Run: 043, P, 115, 0, 0
24, Run: 044, P, 99, 0, 0
24, Run: 045, P, 92, 0, 0
24, Run: 046, P, 88, 0, 0
24, Run: 047, P, 96, 0, 0
24, Run: 048, P, 130, 0, 0
24, Run: 049, P, 97, 0, 0
24, Run: 050, P, 100, 0, 0
24, Run: 051, P, 112, 0, 0
24, Run: 052, P, 91, 0, 0
24, Run: 053, P, 108, 0, 0
24, Run: 054, P, 103, 0, 0
24, Run: 055, P, 108, 0, 0
24, Run: 056, P, 95, 0, 0
24, Run: 057, P, 102, 0, 0
24, Run: 058, P, 123, 0, 0
24, Run: 059, P, 87, 0, 0
24, Run: 060, P, 96, 0, 0
24, Run: 061, P, 81, 0, 0
24, Run: 062, P, 97, 0, 0
24, Run: 063, P, 97, 0, 0
24, Run: 064, P, 94, 0, 0
24, Run: 065, P, 116, 0, 0
24, Run: 066, P, 110, 0, 0
24, Run: 067, P, 99, 0, 0
24, Run: 068, P, 97, 0, 0
24, Run: 069, P, 91, 0, 0
24, Run: 070, P, 112, 0, 0
24, Run: 071, P, 116, 0, 0
24, Run: 072, P, 99, 0, 0
24, Run: 073, P, 103, 0, 0
24, Run: 074, P, 123, 0, 0
24, Run: 075, P, 100, 0, 0
24, Run: 076, P, 104, 0, 0
24, Run: 077, P, 109, 0, 0
24, Run: 078, P, 97, 0, 0
24, Run: 079, P, 84, 0, 0
24, Run: 080, P, 105, 0, 0
24, Run: 081, P, 86, 0, 0
24, Run: 082, P, 105, 0, 0
24, Run: 083, P, 107, 0, 0
24, Run: 084, P, 97, 0, 0
24, Run: 085, P, 98, 0, 0
24, Run: 086, P, 117, 0, 0
24, Run: 087, P, 100, 0, 0
24, Run: 088, P, 112, 0, 0
24, Run: 089, P, 102, 0, 0
24, Run: 090, P, 88, 0, 0
24, Run: 091, P, 105, 0, 0
24, Run: 092, P, 95, 0, 0
24, Run: 093, P, 112, 0, 0
24, Run: 094, P, 88, 0, 0
24, Run: 095, P, 119, 0, 0
24, Run: 096, P, 100, 0, 0
24, Run: 097, P, 108, 0, 0
24, Run: 098, P, 93, 0, 0
24, Run: 099, P, 99, 0, 0
24, Run: 100, P, 108, 0, 0
25, Run: 001, P, 87, 0, 0
25, Run: 002, P, 97, 0, 0
25, Run: 003, P, 103, 0, 0
25, Run: 004, P, 98, 0, 0
25, Run: 005, P, 72, 0, 0
25, Run: 006, P, 82, 0, 0
25, Run: 007, P, 109, 0, 0
25, Run: 008, P, 100, 0, 0
25, Run: 009, P, 94, 0, 0
25, Run: 010, P, 101, 0, 0
25, Run: 011, P, 86, 0, 0
25, Run: 012, P, 103, 0, 0
25, Run: 013, P, 90, 0, 0
25, Run: 014, P, 81, 0, 0
25, Run: 015, P, 89, 0, 0
25, Run: 016, P, 75, 0, 0
25, Run: 017, P, 105, 0, 0
25, Run: 018, P, 103, 0, 0
25, Run: 019, P, 91, 0, 0
25, Run: 020, P, 106, 0, 0
25, Run: 021, P, 112, 0, 0
25, Run: 022, P, 110, 0, 0
25, Run: 023, P, 113, 0, 0
25, Run: 024, P, 91, 0, 0
25, Run: 025, P, 114, 0, 0
25, Run: 026, P, 98, 0, 0
25, Run: 027, P, 110, 0, 0
25, Run: 028, P, 84, 0, 0
25, Run: 029, P, 106, 0, 0
25, Run: 030, P, 106, 0, 0
25, Run: 031, P, 102, 0, 0
25, Run: 032, P, 104, 0, 0
25, Run: 033, P, 98, 0, 0
25, Run: 034, P, 95, 0, 0
25, Run: 035, P, 99, 0, 0
25, Run: 036, P, 103, 0, 0
25, Run: 037, P, 104, 0, 0
25, Run: 038, P, 93, 0, 0
25, Run: 039, P, 91, 0, 0
25, Run: 040, P, 112, 0, 0
25, Run: 041, P, 103, 0, 0
25, Run: 042, P, 118, 0, 0
25, Run: 043, P, 99, 0, 0
25, Run: 044, P, 109, 0, 0
25, Run: 045, P, 102, 0, 0
25, Run: 046, P, 86, 0, 0
25, Run: 047, P, 104, 0, 0
25, Run: 048, P, 105, 0, 0
25, Run: 049, P, 104, 0, 0
25, Run: 050, P, 97, 0, 0
25, Run: 051, P, 104, 0, 0
25, Run: 052, P, 96, 0, 0
25, Run: 053, P, 94, 0, 0
25, Run: 054, P, 85, 0, 0
25, Run: 055, P, 92, 0, 0
25, Run: 056, P, 115, 0, 0
25, Run: 057, P, 103, 0, 0
25, Run: 058, P, 105, 0, 0
25, Run: 059, P, 104, 0, 0
25, Run: 060, P, 90, 0, 0
25, Run: 061, P, 105, 0, 0
25, Run: 062, P, 107, 0, 0
25, Run: 063, P, 115, 0, 0
25, Run: 064, P, 109, 0, 0
25, Run: 065, P, 91, 0, 0
25, Run: 066, P, 96, 0, 0
25, Run: 067, P, 85, 0, 0
25, Run: 068, P, 110, 0, 0
25, Run: 069, P, 107, 0, 0
25, Run: 070, P, 123, 0, 0
25, Run: 071, P, 107, 0, 0
25, Run: 072, P, 94, 0, 0
25, Run: 073, P, 100, 0, 0
25, Run: 074, P, 111, 0, 0
25, Run: 075, P, 107, 0, 0
25, Run: 076, P, 83, 0, 0
25, Run: 077, P, 88, 0, 0
25, Run: 078, P, 109, 0, 0
25, Run: 079, P, 95, 0, 0
25, Run: 080, P, 95, 0, 0
25, Run: 081, P, 102, 0, 0
25, Run: 082, P, 101, 0, 0
25, Run: 083, P, 105, 0, 0
25, Run: 084, P, 103, 0, 0
25, Run: 085, P, 110, 0, 0
25, Run: 086, P, 105, 0, 0
25, Run: 087, P, 97, 0, 0
25, Run: 088, P, 121, 0, 0
25, Run: 089, P, 98, 0, 0
25, Run: 090, P, 78, 0, 0
25, Run: 091, P, 73, 0, 0
25, Run: 092, P, 98, 0, 0
25, Run: 093, P, 101, 0, 0
25, Run: 094, P, 96, 0, 0
25, Run: 095, P, 107, 0, 0
25, Run: 096, P, 117, 0, 0
25, Run: 097, P, 95, 0, 0
25, Run: 098, P, 109, 0, 0
25, Run: 099, P, 103, 0, 0
25, Run: 100, P, 101, 0, 0
26, Run: 001, P, 117, 0, 0
26, Run: 002, P, 90, 0, 0
26, Run: 003, P, 80, 0, 0
26, Run: 004, P, 91, 0, 0
26, Run: 005, P, 90, 0, 0
26, Run: 006, P, 104, 0, 0
26, Run: 007, P, 104, 0, 0
26, Run: 008, P, 95, 0, 0
26, Run: 009, P, 94, 0, 0
26, Run: 010, P, 100, 0, 0
26, Run: 011, P, 91, 0, 0
26, Run: 012, P, 94, 0, 0
26, Run: 013, P, 89, 0, 0
26, Run: 014, P, 94, 0, 0
26, Run: 015, P, 103, 0, 0
26, Run: 016, P, 108, 0, 0
26, Run: 017, P, 116, 0, 0
26, Run: 018, P, 104, 0, 0
26, Run: 019, P, 109, 0, 0
26, Run: 020, P, 111, 0, 0
26, Run: 021, P, 98, 0, 0
26, Run: 022, P, 111, 0, 0
26, Run: 023, P, 95, 0, 0
26, Run: 024, P, 83, 0, 0
26, Run: 025, P, 110, 0, 0
26, Run: 026, P, 106, 0, 0
26, Run: 027, P, 92, 0, 0
26, Run: 028, P, 91, 0, 0
26, Run: 029, P, 116, 0, 0
26, Run: 030, P, 85, 0, 0
26, Run: 031, P, 93, 0, 0
26, Run: 032, P, 102, 0, 0
26, Run: 033, P, 102, 0, 0
26, Run: 034, P, 97, 0, 0
26, Run: 035, P, 100, 0, 0
26, Run: 036, P, 107, 0, 0
26, Run: 037, P, 103, 0, 0
26, Run: 038, P, 107, 0, 0
26, Run: 039, P, 103, 0, 0
26, Run: 040, P, 110, 0, 0
26, Run: 041, P, 124, 0, 0
26, Run: 042, P, 99, 0, 0
26, Run: 043, P, 111, 0, 0
26, Run: 044, P, 101, 0, 0
26, Run: 045, P, 96, 0, 0
26, Run: 046, P, 112, 0, 0
26, Run: 047, P, 104, 0, 0
26, Run: 048, P, 89, 0, 0
26, Run: 049, P, 92, 0, 0
26, Run: 050, P, 105, 0, 0
26, Run: 051, P, 112, 0, 0
26, Run: 052, P, 106, 0, 0
26, Run: 053, P, 88, 0, 0
26, Run: 054, P, 97, 0, 0
26, Run: 055, P, 83, 0, 0
26, Run: 056, P, 76, 0, 0
26, Run: 057, P, 114, 0, 0
26, Run: 058, P, 105, 0, 0
26, Run: 059, P, 101, 0, 0
26, Run: 060, P, 102, 0, 0
26, Run: 061, P, 107, 0, 0
26, Run: 062, P, 95, 0, 0
26, Run: 063, P, 107, 0, 0
26, Run: 064, P, 111, 0, 0
26, Run: 065, P, 101, 0, 0
26, Run: 066, P, 106, 0, 0
26, Run: 067, P, 92, 0, 0
26, Run: 068, P, 77, 0, 0
26, Run: 069, P, 112, 0, 0
26, Run: 070, P, 131, 0, 0
26, Run: 071, P, 93, 0, 0
26, Run: 072, P, 107, 0, 0
26, Run: 073, P, 99, 0, 0
26, Run: 074, P, 97, 0, 0
26, Run: 075, P, 79, 0, 0
26, Run: 076, P, 97, 0, 0
26, Run: 077, P, 85, 0, 0
26, Run: 078, P, 94, 0, 0
26, Run: 079, P, 99, 0, 0
26, Run: 080, P, 111, 0, 0
26, Run: 081, P, 98, 0, 0
26, Run: 082, P, 97, 0, 0
26, Run: 083, P, 117, 0, 0
26, Run: 084, P, 106, 0, 0
26, Run: 085, P, 104, 0, 0
26, Run: 086, P, 98, 0, 0
26, Run: 087, P, 84, 0, 0
26, Run: 088, P, 110, 0, 0
26, Run: 089, P, 98, 0, 0
26, Run: 090, P, 95, 0, 0
26, Run: 091, P, 92, 0, 0
26, Run: 092, P, 104, 0, 0
26, Run: 093, P, 77, 0, 0
26, Run: 094, P, 96, 0, 0
26, Run: 095, P, 106, 0, 0
26, Run: 096, P, 105, 0, 0
26, Run: 097, P, 113, 0, 0
26, Run: 098, P, 102, 0, 0
26, Run: 099, P, 93, 0, 0
26, Run: 100, P, 97, 0, 0
27, Run: 001, P, 103, 0, 0
27, Run: 002, P, 96, 0, 0
27, Run: 003, P, 94, 0, 0
27, Run: 004, P, 92, 0, 0
27, Run: 005, P, 115, 0, 0
27, Run: 006, P, 126, 0, 0
27, Run: 007, P, 94, 0, 0
27, Run: 008, P, 102, 0, 0
27, Run: 009, P, 105, 0, 0
27, Run: 010, P, 101, 0, 0
27, Run: 011, P, 96, 0, 0
27, Run: 012, P, 92, 0, 0
27, Run: 013, P, 100, 0, 0
27, Run: 014, P, 107, 0, 0
27, Run: 015, P, 114, 0, 0
27, Run: 016, P, 98, 0, 0
27, Run: 017, P, 101, 0, 0
27, Run: 018, P, 104, 0, 0
27, Run: 019, P, 101, 0, 0
27, Run: 020, P, 105, 0, 0
27, Run: 021, P, 131, 0, 0
27, Run: 022, P, 95, 0, 0
27, Run: 023, P, 97, 0, 0
27, Run: 024, P, 86, 0, 0
27, Run: 025, P, 116, 0, 0
27, Run: 026, P, 109, 0, 0
27, Run: 027, P, 104, 0, 0
27, Run: 028, P, 100, 0, 0
27, Run: 029, P, 112, 0, 0
27, Run: 030, P, 92, 0, 0
27, Run: 031, P, 106, 0, 0
27, Run: 032, P, 91, 0, 0
27, Run: 033, P, 102, 0, 0
27, Run: 034, P, 102, 0, 0
27, Run: 035, P, 110, 0, 0
27, Run: 036, P, 104, 0, 0
27, Run: 037, P, 104, 0, 0
27, Run: 038, P, 109, 0, 0
27, Run: 039, P, 105, 0, 0
27, Run: 040, P, 99, 0, 0
27, Run: 041, P, 114, 0, 0
27, Run: 042, P, 109, 0, 0
27, Run: 043, P, 89, 0, 0
27, Run: 044, P, 95, 0, 0
27, Run: 045, P, 87, 0, 0
27, Run: 046, P, 113, 0, 0
27, Run: 047, P, 109, 0, 0
27, Run: 048, P, 95, 0, 0
27, Run: 049, P, 102, 0, 0
27, Run: 050, P, 108, 0, 0
27, Run: 051, P, 108, 0, 0
27, Run: 052, P, 103, 0, 0
27, Run: 053, P, 113, 0, 0
27, Run: 054, P, 89, 0, 0
27, Run: 055, P, 86, 0, 0
27, Run: 056, P, 96, 0, 0
27, Run: 057, P, 107, 0, 0
27, Run: 058, P, 114, 0, 0
27, Run: 059, P, 87, 0, 0
27, Run: 060, P, 92, 0, 0
27, Run: 061, P, 98, 0, 0
27, Run: 062, P, 97, 0, 0
27, Run: 063, P, 96, 0, 0
27, Run: 064, P, 89, 0, 0
27, Run: 065, P, 117, 0, 0
27, Run: 066, P, 104, 0, 0
27, Run: 067, P, 95, 0, 0
27, Run: 068, P, 98, 0, 0
27, Run: 069, P, 98, 0, 0
27, Run: 070, P, 109, 0, 0
27, Run: 071, P, 97, 0, 0
27, Run: 072, P, 102, 0, 0
27, Run: 073, P, 89, 0, 0
27, Run: 074, P, 89, 0, 0
27, Run: 075, P, 115, 0, 0
27, Run: 076, P, 100, 0, 0
27, Run: 077, P, 89, 0, 0
27, Run: 078, P, 106, 0, 0
27, Run: 079, P, 97, 0, 0
27, Run: 080, P, 107, 0, 0
27, Run: 081, P, 79, 0, 0
27, Run: 082, P, 107, 0, 0
27, Run: 083, P, 86, 0, 0
27, Run: 084, P, 121, 0, 0
27, Run: 085, P, 106, 0, 0
27, Run: 086, P, 104, 0, 0
27, Run: 087, P, 90, 0, 0
27, Run: 088, P, 87, 0, 0
27, Run: 089, P, 88, 0, 0
27, Run: 090, P, 105, 0, 0
27, Run: 091, P, 99, 0, 0
27, Run: 092, P, 98, 0, 0
27, Run: 093, P, 103, 0, 0
27, Run: 094, P, 95, 0, 0
27, Run: 095, P, 108, 0, 0
27, Run: 096, P, 107, 0, 0
27, Run: 097, P, 89, 0, 0
27, Run: 098, P, 100, 0, 0
27, Run: 099, P, 101, 0, 0
27, Run: 100, P, 105, 0, 0
28, Run: 001, P, 113, 0, 0
28, Run: 002, P, 106, 0, 0
28, Run: 003, P, 94, 0, 0
28, Run: 004, P, 110, 0, 0
28, Run: 005, P, 88, 0, 0
28, Run: 006, P, 99, 0, 0
28, Run: 007, P, 104, 0, 0
28, Run: 008, P, 94, 0, 0
28, Run: 009, P, 107, 0, 0
28, Run: 010, P, 94, 0, 0
28, Run: 011, P, 102, 0, 0
28, Run: 012, P, 83, 0, 0
28, Run: 013, P, 115, 0, 0
28, Run: 014, P, 92, 0, 0
28, Run: 015, P, 106, 0, 0
28, Run: 016, P, 96, 0, 0
28, Run: 017, P, 106, 0, 0
28, Run: 018, P, 102, 0, 0
28, Run: 019, P, 103, 0, 0
28, Run: 020, P, 90, 0, 0
28, Run: 021, P, 98, 0, 0
28, Run: 022, P, 100, 0, 0
28, Run: 023, P, 83, 0, 0
28, Run: 024, P, 93, 0, 0
28, Run: 025, P, 83, 0, 0
28, Run: 026, P, 103, 0, 0
28, Run: 027, P, 94, 0, 0
28, Run: 028, P, 104, 0, 0
28, Run: 029, P, 99, 0, 0
28, Run: 030, P, 104, 0, 0
28, Run: 031, P, 111, 0, 0
28, Run: 032, P, 99, 0, 0
28, Run: 033, P, 84, 0, 0
28, Run: 034, P, 85, 0, 0
28, Run: 035, P, 105, 0, 0
28, Run: 036, P, 91, 0, 0
28, Run: 037, P, 104, 0, 0
28, Run: 038, P, 72, 0, 0
28, Run: 039, P, 87, 0, 0
28, Run: 040, P, 111, 0, 0
28, Run: 041, P, 102, 0, 0
28, Run: 042, P, 108, 0, 0
28, Run: 043, P, 119, 0, 0
28, Run: 044, P, 114, 0, 0
28, Run: 045, P, 86, 0, 0
28, Run: 046, P, 106, 0, 0
28, Run: 047, P, 94, 0, 0
28, Run: 048, P, 99, 0, 0
28, Run: 049, P, 96, 0, 0
28, Run: 050, P, 94, 0, 0
28, Run: 051, P, 85, 0, 0
28, Run: 052, P, 101, 0, 0
28, Run: 053, P, 93, 0, 0
28, Run: 054, P, 98, 0, 0
28, Run: 055, P, 101, 0, 0
28, Run: 056, P, 103, 0, 0
28, Run: 057, P, 107, 0, 0
28, Run: 058, P, 94, 0, 0
28, Run: 059, P, 119, 0, 0
28, Run: 060, P, 93, 0, 0
28, Run: 061, P, 90, 0, 0
28, Run: 062, P, 106, 0, 0
28, Run: 063, P, 109, 0, 0
28, Run: 064, P, 103, 0, 0
28, Run: 065, P, 86, 0, 0
28, Run: 066, P, 109, 0, 0
28, Run: 067, P, 78, 0, 0
28, Run: 068, P, 99, 0, 0
28, Run: 069, P, 93, 0, 0
28, Run: 070, P, 106, 0, 0
28, Run: 071, P, 94, 0, 0
28, Run: 072, P, 102, 0, 0
28, Run: 073, P, 86, 0, 0
28, Run: 074, P, 109, 0, 0
28, Run: 075, P, 108, 0, 0
28, Run: 076, P, 109, 0, 0
28, Run: 077, P, 83, 0, 0
28, Run: 078, P, 97, 0, 0
28, Run: 079, P, 118, 0, 0
28, Run: 080, P, 117, 0, 0
28, Run: 081, P, 102, 0, 0
28, Run: 082, P, 107, 0, 0
28, Run: 083, P, 99, 0, 0
28, Run: 084, P, 104, 0, 0
28, Run: 085, P, 116, 0, 0
28, Run: 086, P, 115, 0, 0
28, Run: 087, P, 109, 0, 0
28, Run: 088, P, 99, 0, 0
28, Run: 089, P, 95, 0, 0
28, Run: 090, P, 103, 0, 0
28, Run: 091, P, 120, 0, 0
28, Run: 092, P, 114, 0, 0
28, Run: 093, P, 101, 0, 0
28, Run: 094, P, 101, 0, 0
28, Run: 095, P, 114, 0, 0
28, Run: 096, P, 78, 0, 0
28, Run: 097, P, 97, 0, 0
28, Run: 098, P, 94, 0, 0
28, Run: 099, P, 86, 0, 0
28, Run: 100, P, 115, 0, 0
29, Run: 001, P, 101, 0, 0
29, Run: 002, P, 98, 0, 0
29, Run: 003, P, 104, 0, 0
29, Run: 004, P, 100, 0, 0
29, Run: 005, P, 105, 0, 0
29, Run: 006, P, 92, 0, 0
29, Run: 007, P, 100, 0, 0
29, Run: 008, P, 93, 0, 0
29, Run: 009, P, 97, 0, 0
29, Run: 010, P, 109, 0, 0
29, Run: 011, P, 83, 0, 0
29, Run: 012, P, 90, 0, 0
29, Run: 013, P, 100, 0, 0
29, Run: 014, P, 87, 0, 0
29, Run: 015, P, 100, 0, 0
29, Run: 016, P, 88, 0, 0
29, Run: 017, P, 117, 0, 0
29, Run: 018, P, 100, 0, 0
29, Run: 019, P, 101, 0, 0
29, Run: 020, P, 106, 0, 0
29, Run: 021, P, 101, 0, 0
29, Run: 022, P, 107, 0, 0
29, Run: 023, P, 92, 0, 0
29, Run: 024, P, 98, 0, 0
29, Run: 025, P, 94, 0, 0
29, Run: 026, P, 122, 0, 0
29, Run: 027, P, 89, 0, 0
29, Run: 028, P, 107, 0, 0
29, Run: 029, P, 111, 0, 0
29, Run: 030, P, 104, 0, 0
29, Run: 031, P, 101, 0, 0
29, Run: 032, P, 97, 0, 0
29, Run: 033, P, 87, 0, 0
29, Run: 034, P, 105, 0, 0
29, Run: 035, P, 107, 0, 0
29, Run: 036, P, 114, 0, 0
29, Run: 037, P, 90, 0, 0
29, Run: 038, P, 87, 0, 0
29, Run: 039, P, 96, 0, 0
29, Run: 040, P, 115, 0, 0
29, Run: 041, P, 110, 0, 0
29, Run: 042, P, 121, 0, 0
29, Run: 043, P, 98, 0, 0
29, Run: 044, P, 113, 0, 0
29, Run: 045, P, 102, 0, 0
29, Run: 046, P, 100, 0, 0
29, Run: 047, P, 93, 0, 0
29, Run: 048, P, 104, 0, 0
29, Run: 049, P, 94, 0, 0
29, Run: 050, P, 97, 0, 0
29, Run: 051, P, 94, 0, 0
29, Run: 052, P, 108, 0, 0
29, Run: 053, P, 106, 0, 0
29, Run: 054, P, 103, 0, 0
29, Run: 055, P, 89, 0, 0
29, Run: 056, P, 91, 0, 0
29, Run: 057, P, 97, 0, 0
29, Run: 058, P, 100, 0, 0
29, Run: 059, P, 103, 0, 0
29, Run: 060, P, 90, 0, 0
29, Run: 061, P, 82, 0, 0
29, Run: 062, P, 109, 0, 0
29, Run: 063, P, 85, 0, 0
29, Run: 064, P, 104, 0, 0
29, Run: 065, P, 95, 0, 0
29, Run: 066, P, 90, 0, 0
29, Run: 067, P, 114, 0, 0
29, Run: 068, P, 111, 0, 0
29, Run: 069, P, 101, 0, 0
29, Run: 070, P, 113, 0, 0
29, Run: 071, P, 82, 0, 0
29, Run: 072, P, 98, 0, 0
29, Run: 073, P, 102, 0, 0
29, Run: 074, P, 96, 0, 0
29, Run: 075, P, 82, 0, 0
29, Run: 076, P, 107, 0, 0
29, Run: 077, P, 80, 0, 0
29, Run: 078, P, 78, 0, 0
29, Run: 079, P, 89, 0, 0
29, Run: 080, P, 96, 0, 0
29, Run: 081, P, 102, 0, 0
29, Run: 082, P, 94, 0, 0
29, Run: 083, P, 99, 0, 0
29, Run: 084, P, 90, 0, 0
29, Run: 085, P, 110, 0, 0
29, Run: 086, P, 117, 0, 0
29, Run: 087, P, 108, 0, 0
29, Run: 088, P, 91, 0, 0
29, Run: 089, P, 94, 0, 0
29, Run: 090, P, 107, 0, 0
29, Run: 091, P, 88, 0, 0
29, Run: 092, P, 90, 0, 0
29, Run: 093, P, 126, 0, 0
29, Run: 094, P, 96, 0, 0
29, Run: 095, P, 103, 0, 0
29, Run: 096, P, 102, 0, 0
29, Run: 097, P, 88, 0, 0
29, Run: 098, P, 100, 0, 0
29, Run: 099, P, 94, 0, 0
29, Run: 100, P, 109, 0, 0
3, Run: 001, P, 114, 0, 0
3, Run: 002, P, 102, 0, 0
3, Run: 003, P, 86, 0, 0
3, Run: 004, P, 117, 0, 0
3, Run: 005, P, 84, 0, 0
3, Run: 006, P, 89, 0, 0
3, Run: 007, P, 105, 0, 0
3, Run: 008, P, 108, 0, 0
3, Run: 009, P, 89, 0, 0
3, Run: 010, P, 99, 0, 0
3, Run: 011, P, 119, 0, 0
3, Run: 012, P, 89, 0, 0
3, Run: 013, P, 99, 0, 0
3, Run: 014, P, 94, 0, 0
3, Run: 015, P, 91, 0, 0
3, Run: 016, P, 94, 0, 0
3, Run: 017, P, 110, 0, 0
3, Run: 018, P, 102, 0, 0
3, Run: 019, P, 85, 0, 0
3, Run: 020, P, 114, 0, 0
3, Run: 021, P, 88, 0, 0
3, Run: 022, P, 113, 0, 0
3, Run: 023, P, 99, 0, 0
3, Run: 024, P, 99, 0, 0
3, Run: 025, P, 98, 0, 0
3, Run: 026, P, 95, 0, 0
3, Run: 027, P, 98, 0, 0
3, Run: 028, P, 91, 0, 0
3, Run: 029, P, 96, 0, 0
3, Run: 030, P, 84, 0, 0
3, Run: 031, P, 93, 0, 0
3, Run: 032, P, 90, 0, 0
3, Run: 033, P, 99, 0, 0
3, Run: 034, P, 84, 0, 0
3, Run: 035, P, 98, 0, 0
3, Run: 036, P, 103, 0, 0
3, Run: 037, P, 100, 0, 0
3, Run: 038, P, 96, 0, 0
3, Run: 039, P, 102, 0, 0
3, Run: 040, P, 83, 0, 0
3, Run: 041, P, 79, 0, 0
3, Run: 042, P, 107, 0, 0
3, Run: 043, P, 97, 0, 0
3, Run: 044, P, 97, 0, 0
3, Run: 045, P, 97, 0, 0
3, Run: 046, P, 109, 0, 0
3, Run: 047, P, 105, 0, 0
3, Run: 048, P, 109, 0, 0
3, Run: 049, P, 102, 0, 0
3, Run: 050, P, 111, 0, 0
3, Run: 051, P, 109, 0, 0
3, Run: 052, P, 109, 0, 0
3, Run: 053, P, 105, 0, 0
3, Run: 054, P, 108, 0, 0
3, Run: 055, P, 99, 0, 0
3, Run: 056, P, 100, 0, 0
3, Run: 057, P, 100, 0, 0
3, Run: 058, P, 98, 0, 0
3, Run: 059, P, 107, 0, 0
3, Run: 060, P, 80, 0, 0
3, Run: 061, P, 97, 0, 0
3, Run: 062, P, 97, 0, 0
3, Run: 063, P, 110, 0, 0
3, Run: 064, P, 102, 0, 0
3, Run: 065, P, 108, 0, 0
3, Run: 066, P, 92, 0, 0
3, Run: 067, P, 110, 0, 0
3, Run: 068, P, 90, 0, 0
3, Run: 069, P, 112, 0, 0
3, Run: 070, P, 99, 0, 0
3, Run: 071, P, 105, 0, 0
3, Run: 072, P, 109, 0, 0
3, Run: 073, P, 108, 0, 0
3, Run: 074, P, 109, 0, 0
3, Run: 075, P, 103, 0, 0
3, Run: 076, P, 104, 0, 0
3, Run: 077, P, 114, 0, 0
3, Run: 078, P, 116, 0, 0
3, Run: 079, P, 101, 0, 0
3, Run: 080, P, 89, 0, 0
3, Run: 081, P, 84, 0, 0
3, Run: 082, P, 100, 0, 0
3, Run: 083, P, 88, 0, 0
3, Run: 084, P, 110, 0, 0
3, Run: 085, P, 99, 0, 0
3, Run: 086, P, 119, 0, 0
3, Run: 087, P, 95, 0, 0
3, Run: 088, P, 119, 0, 0
3, Run: 089, P, 93, 0, 0
3, Run: 090, P, 84, 0, 0
3, Run: 091, P, 85, 0, 0
3, Run: 092, P, 98, 0, 0
3, Run: 093, P, 102, 0, 0
3, Run: 094, P, 95, 0, 0
3, Run: 095, P, 94, 0, 0
3, Run: 096, P, 88, 0, 0
3, Run: 097, P, 85, 0, 0
3, Run: 098, P, 121, 0, 0
3, Run: 099, P, 97, 0, 0
3, Run: 100, P, 111, 0, 0
30, Run: 001, P, 107, 0, 0
30, Run: 002, P, 101, 0, 0
30, Run: 003, P, 110, 0, 0
30, Run: 004, P, 86, 0, 0
30, Run: 005, P, 96, 0, 0
30, Run: 006, P, 91, 0, 0
30, Run: 007, P, 112, 0, 0
30, Run: 008, P, 98, 0, 0
30, Run: 009, P, 93, 0, 0
30, Run: 010, P, 98, 0, 0
30, Run: 011, P, 105, 0, 0
30, Run: 012, P, 96, 0, 0
30, Run: 013, P, 112, 0, 0
30, Run: 014, P, 101, 0, 0
30, Run: 015, P, 97, 0, 0
30, Run: 016, P, 101, 0, 0
30, Run: 017, P, 96, 0, 0
30, Run: 018, P, 98, 0, 0
30, Run: 019, P, 102, 0, 0
30, Run: 020, P, 100, 0, 0
30, Run: 021, P, 109, 0, 0
30, Run: 022, P, 71, 0, 0
30, Run: 023, P, 99, 0, 0
30, Run: 024, P, 86, 0, 0
30, Run: 025, P, 76, 0, 0
30, Run: 026, P, 83, 0, 0
30, Run: 027, P, 96, 0, 0
30, Run: 028, P, 100, 0, 0
30, Run: 029, P, 80, 0, 0
30, Run: 030, P, 101, 0, 0
30, Run: 031, P, 93, 0, 0
30, Run: 032, P, 98, 0, 0
30, Run: 033, P, 97, 0, 0
30, Run: 034, P, 94, 0, 0
30, Run: 035, P, 122, 0, 0
30, Run: 036, P, 109, 0, 0
30, Run: 037, P, 105, 0, 0
30, Run: 038, P, 107, 0, 0
30, Run: 039, P, 91, 0, 0
30, Run: 040, P, 131, 0, 0
30, Run: 041, P, 93, 0, 0
30, Run: 042, P, 103, 0, 0
30, Run: 043, P, 96, 0, 0
30, Run: 044, P, 99, 0, 0
30, Run: 045, P, 87, 0, 0
30, Run: 046, P, 117, 0, 0
30, Run: 047, P, 100, 0, 0
30, Run: 048, P, 89, 0, 0
30, Run: 049, P, 97, 0, 0
30, Run: 050, P, 91, 0, 0
30, Run: 051, P, 82, 0, 0
30, Run: 052, P, 113, 0, 0
30, Run: 053, P, 99, 0, 0
30, Run: 054, P, 99, 0, 0
30, Run: 055, P, 104, 0, 0
30, Run: 056, P, 110, 0, 0
30, Run: 057, P, 103, 0, 0
30, Run: 058, P, 94, 0, 0
30, Run: 059, P, 87, 0, 0
30, Run: 060, P, 102, 0, 0
30, Run: 061, P, 88, 0, 0
30, Run: 062, P, 104, 0, 0
30, Run: 063, P, 106, 0, 0
30, Run: 064, P, 93, 0, 0
30, Run: 065, P, 96, 0, 0
30, Run: 066, P, 104, 0, 0
30, Run: 067, P, 93, 0, 0
30, Run: 068, P, 98, 0, 0
30, Run: 069, P, 89, 0, 0
30, Run: 070, P, 109, 0, 0
30, Run: 071, P, 98, 0, 0
30, Run: 072, P, 101, 0, 0
30, Run: 073, P, 89, 0, 0
30, Run: 074, P, 103, 0, 0
30, Run: 075, P, 79, 0, 0
30, Run: 076, P, 109, 0, 0
30, Run: 077, P, 101, 0, 0
30, Run: 078, P, 122, 0, 0
30, Run: 079, P, 103, 0, 0
30, Run: 080, P, 94, 0, 0
30, Run: 081, P, 89, 0, 0
30, Run: 082, P, 112, 0, 0
30, Run: 083, P, 118, 0, 0
30, Run: 084, P, 102, 0, 0
30, Run: 085, P, 100, 0, 0
30, Run: 086, P, 109, 0, 0
30, Run: 087, P, 86, 0, 0
30, Run: 088, P, 98, 0, 0
30, Run: 089, P, 88, 0, 0
30, Run: 090, P, 111, 0, 0
30, Run: 091, P, 101, 0, 0
30, Run: 092, P, 95, 0, 0
30, Run: 093, P, 110, 0, 0
30, Run: 094, P, 89, 0, 0
30, Run: 095, P, 102, 0, 0
30, Run: 096, P, 90, 0, 0
30, Run: 097, P, 94, 0, 0
30, Run: 098, P, 86, 0, 0
30, Run: 099, P, 103, 0, 0
30, Run: 100, P, 88, 0, 0
35, Run: 001, P, 106, 0, 0
35, Run: 002, P, 95, 0, 0
35, Run: 003, P, 82, 0, 0
35, Run: 004, P, 111, 0, 0
35, Run: 005, P, 104, 0, 0
35, Run: 006, P, 94, 0, 0
35, Run: 007, P, 102, 0, 0
35, Run: 008, P, 87, 0, 0
35, Run: 009, P, 92, 0, 0
35, Run: 010, P, 87, 0, 0
35, Run: 011, P, 99, 0, 0
35, Run: 012, P, 113, 0, 0
35, Run: 013, P, 102, 0, 0
35, Run: 014, P, 108, 0, 0
35, Run: 015, P, 109, 0, 0
35, Run: 016, P, 103, 0, 0
35, Run: 017, P, 115, 0, 0
35, Run: 018, P, 90, 0, 0
35, Run: 019, P, 96, 0, 0
35, Run: 020, P, 100, 0, 0
35, Run: 021, P, 107, 0, 0
35, Run: 022, P, 90, 0, 0
35, Run: 023, P, 98, 0, 0
35, Run: 024, P, 119, 0, 0
35, Run: 025, P, 106, 0, 0
35, Run: 026, P, 109, 0, 0
35, Run: 027, P, 95, 0, 0
35, Run: 028, P, 103, 0, 0
35, Run: 029, P, 106, 0, 0
35, Run: 030, P, 75, 0, 0
35, Run: 031, P, 85, 0, 0
35, Run: 032, P, 83, 0, 0
35, Run: 033, P, 87, 0, 0
35, Run: 034, P, 88, 0, 0
35, Run: 035, P, 82, 0, 0
35, Run: 036, P, 97, 0, 0
35, Run: 037, P, 101, 0, 0
35, Run: 038, P, 84, 0, 0
35, Run: 039, P, 105, 0, 0
35, Run: 040, P, 95, 0, 0
35, Run: 041, P, 88, 0, 0
35, Run: 042, P, 112, 0, 0
35, Run: 043, P, 110, 0, 0
35, Run: 044, P, 106, 0, 0
35, Run: 045, P, 105, 0, 0
35, Run: 046, P, 110, 0, 0
35, Run: 047, P, 79, 0, 0
35, Run: 048, P, 106, 0, 0
35, Run: 049, P, 100, 0, 0
35, Run: 050, P, 97, 0, 0
35, Run: 051, P, 101, 0, 0
35, Run: 052, P, 107, 0, 0
35, Run: 053, P, 84, 0, 0
35, Run: 054, P, 95, 0, 0
35, Run: 055, P, 129, 0, 0
35, Run: 056, P, 102, 0, 0
35, Run: 057, P, 98, 0, 0
35, Run: 058, P, 100, 0, 0
35, Run: 059, P, 90, 0, 0
35, Run: 060, P, 98, 0, 0
35, Run: 061, P, 85, 0, 0
35, Run: 062, P, 106, 0, 0
35, Run: 063, P, 87, 0, 0
35, Run: 064, P, 100, 0, 0
35, Run: 065, P, 111, 0, 0
35, Run: 066, P, 93, 0, 0
35, Run: 067, P, 104, 0, 0
35, Run: 068, P, 93, 0, 0
35, Run: 069, P, 97, 0, 0
35, Run: 070, P, 88, 0, 0
35, Run: 071, P, 103, 0, 0
35, Run: 072, P, 86, 0, 0
35, Run: 073, P, 97, 0, 0
35, Run: 074, P, 88, 0, 0
35, Run: 075, P, 94, 0, 0
35, Run: 076, P, 97, 0, 0
35, Run: 077, P, 90, 0, 0
35, Run: 078, P, 96, 0, 0
35, Run: 079, P, 102, 0, 0
35, Run: 080, P, 75, 0, 0
35, Run: 081, P, 87, 0, 0
35, Run: 082, P, 97, 0, 0
35, Run: 083, P, 111, 0, 0
35, Run: 084, P, 109, 0, 0
35, Run: 085, P, 106, 0, 0
35, Run: 086, P, 102, 0, 0
35, Run: 087, P, 99, 0, 0
35, Run: 088, P, 115, 0, 0
35, Run: 089, P, 92, 0, 0
35, Run: 090, P, 107, 0, 0
35, Run: 091, P, 110, 0, 0
35, Run: 092, P, 109, 0, 0
35, Run: 093, P, 92, 0, 0
35, Run: 094, P, 125, 0, 0
35, Run: 095, P, 86, 0, 0
35, Run: 096, P, 108, 0, 0
35, Run: 097, P, 98, 0, 0
35, Run: 098, P, 100, 0, 0
35, Run: 099, P, 87, 0, 0
35, Run: 100, P, 98, 0, 0
36, Run: 001, P, 88, 0, 0
36, Run: 002, P, 109, 0, 0
36, Run: 003, P, 85, 0, 0
36, Run: 004, P, 85, 0, 0
36, Run: 005, P, 109, 0, 0
36, Run: 006, P, 100, 0, 0
36, Run: 007, P, 87, 0, 0
36, Run: 008, P, 110, 0, 0
36, Run: 009, P, 97, 0, 0
36, Run: 010, P, 97, 0, 0
36, Run: 011, P, 120, 0, 0
36, Run: 012, P, 92, 0, 0
36, Run: 013, P, 90, 0, 0
36, Run: 014, P, 94, 0, 0
36, Run: 015, P, 106, 0, 0
36, Run: 016, P, 100, 0, 0
36, Run: 017, P, 92, 0, 0
36, Run: 018, P, 102, 0, 0
36, Run: 019, P, 94, 0, 0
36, Run: 020, P, 92, 0, 0
36, Run: 021, P, 97, 0, 0
36, Run: 022, P, 95, 0, 0
36, Run: 023, P, 104, 0, 0
36, Run: 024, P, 87, 0, 0
36, Run: 025, P, 115, 0, 0
36, Run: 026, P, 107, 0, 0
36, Run: 027, P, 94, 0, 0
36, Run: 028, P, 115, 0, 0
36, Run: 029, P, 97, 0, 0
36, Run: 030, P, 104, 0, 0
36, Run: 031, P, 76, 0, 0
36, Run: 032, P, 115, 0, 0
36, Run: 033, P, 103, 0, 0
36, Run: 034, P, 104, 0, 0
36, Run: 035, P, 92, 0, 0
36, Run: 036, P, 95, 0, 0
36, Run: 037, P, 95, 0, 0
36, Run: 038, P, 100, 0, 0
36, Run: 039, P, 105, 0, 0
36, Run: 040, P, 108, 0, 0
36, Run: 041, P, 108, 0, 0
36, Run: 042, P, 95, 0, 0
36, Run: 043, P, 103, 0, 0
36, Run: 044, P, 95, 0, 0
36, Run: 045, P, 112, 0, 0
36, Run: 046, P, 104, 0, 0
36, Run: 047, P, 80, 0, 0
36, Run: 048, P, 103, 0, 0
36, Run: 049, P, 97, 0, 0
36, Run: 050, P, 98, 0, 0
36, Run: 051, P, 119, 0, 0
36, Run: 052, P, 113, 0, 0
36, Run: 053, P, 83, 0, 0
36, Run: 054, P, 103, 0, 0
36, Run: 055, P, 100, 0, 0
36, Run: 056, P, 122, 0, 0
36, Run: 057, P, 95, 0, 0
36, Run: 058, P, 113, 0, 0
36, Run: 059, P, 103, 0, 0
36, Run: 060, P, 111, 0, 0
36, Run: 061, P, 94, 0, 0
36, Run: 062, P, 112, 0, 0
36, Run: 063, P, 102, 0, 0
36, Run: 064, P, 101, 0, 0
36, Run: 065, P, 93, 0, 0
36, Run: 066, P, 100, 0, 0
36, Run: 067, P, 96, 0, 0
36, Run: 068, P, 93, 0, 0
36, Run: 069, P, 89, 0, 0
36, Run: 070, P, 113, 0, 0
36, Run: 071, P, 106, 0, 0
36, Run: 072, P, 99, 0, 0
36, Run: 073, P, 93, 0, 0
36, Run: 074, P, 103, 0, 0
36, Run: 075, P, 91, 0, 0
36, Run: 076, P, 92, 0, 0
36, Run: 077, P, 97, 0, 0
36, Run: 078, P, 89, 0, 0
36, Run: 079, P, 100, 0, 0
36, Run: 080, P, 102, 0, 0
36, Run: 081, P, 96, 0, 0
36, Run: 082, P, 112, 0, 0
36, Run: 083, P, 108, 0, 0
36, Run: 084, P, 89, 0, 0
36, Run: 085, P, 101, 0, 0
36, Run: 086, P, 88, 0, 0
36, Run: 087, P, 108, 0, 0
36, Run: 088, P, 115, 0, 0
36, Run: 089, P, 107, 0, 0
36, Run: 090, P, 101, 0, 0
36, Run: 091, P, 99, 0, 0
36, Run: 092, P, 109, 0, 0
36, Run: 093, P, 101, 0, 0
36, Run: 094, P, 81, 0, 0
36, Run: 095, P, 85, 0, 0
36, Run: 096, P, 104, 0, 0
36, Run: 097, P, 94, 0, 0
36, Run: 098, P, 82, 0, 0
36, Run: 099, P, 97, 0, 0
36, Run: 100, P, 95, 0, 0
37, Run: 001, P, 112, 0, 0
37, Run: 002, P, 105, 0, 0
37, Run: 003, P, 100, 0, 0
37, Run: 004, P, 94, 0, 0
37, Run: 005, P, 87, 0, 0
37, Run: 006, P, 95, 0, 0
37, Run: 007, P, 118, 0, 0
37, Run: 008, P, 95, 0, 0
37, Run: 009, P, 115, 0, 0
37, Run: 010, P, 88, 0, 0
37, Run: 011, P, 107, 0, 0
37, Run: 012, P, 70, 0, 0
37, Run: 013, P, 104, 0, 0
37, Run: 014, P, 95, 0, 0
37, Run: 015, P, 110, 0, 0
37, Run: 016, P, 110, 0, 0
37, Run: 017, P, 101, 0, 0
37, Run: 018, P, 90, 0, 0
37, Run: 019, P, 106, 0, 0
37, Run: 020, P, 98, 0, 0
37, Run: 021, P, 99, 0, 0
37, Run: 022, P, 86, 0, 0
37, Run: 023, P, 135, 0, 0
37, Run: 024, P, 106, 0, 0
37, Run: 025, P, 101, 0, 0
37, Run: 026, P, 102, 0, 0
37, Run: 027, P, 102, 0, 0
37, Run: 028, P, 117, 0, 0
37, Run: 029, P, 87, 0, 0
37, Run: 030, P, 106, 0, 0
37, Run: 031, P, 94, 0, 0
37, Run: 032, P, 105, 0, 0
37, Run: 033, P, 95, 0, 0
37, Run: 034, P, 119, 0, 0
37, Run: 035, P, 106, 0, 0
37, Run: 036, P, 89, 0, 0
37, Run: 037, P, 86, 0, 0
37, Run: 038, P, 86, 0, 0
37, Run: 039, P, 91, 0, 0
37, Run: 040, P, 106, 0, 0
37, Run: 041, P, 87, 0, 0
37, Run: 042, P, 98, 0, 0
37, Run: 043, P, 120, 0, 0
37, Run: 044, P, 102, 0, 0
37, Run: 045, P, 110, 0, 0
37, Run: 046, P, 104, 0, 0
37, Run: 047, P, 86, 0, 0
37, Run: 048, P, 118, 0, 0
37, Run: 049, P, 92, 0, 0
37, Run: 050, P, 101, 0, 0
37, Run: 051, P, 82, 0, 0
37, Run: 052, P, 89, 0, 0
37, Run: 053, P, 114, 0, 0
37, Run: 054, P, 103, 0, 0
37, Run: 055, P, 99, 0, 0
37, Run: 056, P, 99, 0, 0
37, Run: 057, P, 102, 0, 0
37, Run: 058, P, 97, 0, 0
37, Run: 059, P, 132, 0, 0
37, Run: 060, P, 111, 0, 0
37, Run: 061, P, 122, 0, 0
37, Run: 062, P, 88, 0, 0
37, Run: 063, P, 105, 0, 0
37, Run: 064, P, 111, 0, 0
37, Run: 065, P, 85, 0, 0
37, Run: 066, P, 96, 0, 0
37, Run: 067, P, 109, 0, 0
37, Run: 068, P, 79, 0, 0
37, Run: 069, P, 96, 0, 0
37, Run: 070, P, 106, 0, 0
37, Run: 071, P, 102, 0, 0
37, Run: 072, P, 107, 0, 0
37, Run: 073, P, 97, 0, 0
37, Run: 074, P, 111, 0, 0
37, Run: 075, P, 102, 0, 0
37, Run: 076, P, 113, 0, 0
37, Run: 077, P, 105, 0, 0
37, Run: 078, P, 84, 0, 0
37, Run: 079, P, 90, 0, 0
37, Run: 080, P, 96, 0, 0
37, Run: 081, P, 104, 0, 0
37, Run: 082, P, 99, 0, 0
37, Run: 083, P, 105, 0, 0
37, Run: 084, P, 100, 0, 0
37, Run: 085, P, 94, 0, 0
37, Run: 086, P, 103, 0, 0
37, Run: 087, P, 87, 0, 0
37, Run: 088, P, 82, 0, 0
37, Run: 089, P, 105, 0, 0
37, Run: 090, P, 98, 0, 0
37, Run: 091, P, 104, 0, 0
37, Run: 092, P, 98, 0, 0
37, Run: 093, P, 101, 0, 0
37, Run: 094, P, 93, 0, 0
37, Run: 095, P, 97, 0, 0
37, Run: 096, P, 101, 0, 0
37, Run: 097, P, 97, 0, 0
37, Run: 098, P, 90, 0, 0
37, Run: 099, P, 106, 0, 0
37, Run: 100, P, 93, 0, 0
38, Run: 001, P, 93, 0, 0
38, Run: 002, P, 99, 0, 0
38, Run: 003, P, 98, 0, 0
38, Run: 004, P, 73, 0, 0
38, Run: 005, P, 104, 0, 0
38, Run: 006, P, 85, 0, 0
38, Run: 007, P, 105, 0, 0
38, Run: 008, P, 109, 0, 0
38, Run: 009, P, 100, 0, 0
38, Run: 010, P, 114, 0, 0
38, Run: 011, P, 107, 0, 0
38, Run: 012, P, 87, 0, 0
38, Run: 013, P, 92, 0, 0
38, Run: 014, P, 100, 0, 0
38, Run: 015, P, 98, 0, 0
38, Run: 016, P, 92, 0, 0
38, Run: 017, P, 97, 0, 0
38, Run: 018, P, 104, 0, 0
38, Run: 019, P, 119, 0, 0
38, Run: 020, P, 95, 0, 0
38, Run: 021, P, 99, 0, 0
38, Run: 022, P, 99, 0, 0
38, Run: 023, P, 129, 0, 0
38, Run: 024, P, 88, 0, 0
38, Run: 025, P, 103, 0, 0
38, Run: 026, P, 106, 0, 0
38, Run: 027, P, 96, 0, 0
38, Run: 028, P, 97, 0, 0
38, Run: 029, P, 108, 0, 0
38, Run: 030, P, 108, 0, 0
38, Run: 031, P, 102, 0, 0
38, Run: 032, P, 94, 0, 0
38, Run: 033, P, 126, 0, 0
38, Run: 034, P, 104, 0, 0
38, Run: 035, P, 98, 0, 0
38, Run: 036, P, 88, 0, 0
38, Run: 037, P, 114, 0, 0
38, Run: 038, P, 111, 0, 0
38, Run: 039, P, 95, 0, 0
38, Run: 040, P, 117, 0, 0
38, Run: 041, P, 83, 0, 0
38, Run: 042, P, 100, 0, 0
38, Run: 043, P, 94, 0, 0
38, Run: 044, P, 102, 0, 0
38, Run: 045, P, 126, 0, 0
38, Run: 046, P, 74, 0, 0
38, Run: 047, P, 103, 0, 0
38, Run: 048, P, 99, 0, 0
38, Run: 049, P, 92, 0, 0
38, Run: 050, P, 100, 0, 0
38, Run: 051, P, 87, 0, 0
38, Run: 052, P, 105, 0, 0
38, Run: 053, P, 63, 0, 0
38, Run: 054, P, 98, 0, 0
38, Run: 055, P, 89, 0, 0
38, Run: 056, P, 102, 0, 0
38, Run: 057, P, 94, 0, 0
38, Run: 058, P, 98, 0, 0
38, Run: 059, P, 102, 0, 0
38, Run: 060, P, 99, 0, 0
38, Run: 061, P, 96, 0, 0
38, Run: 062, P, 80, 0, 0
38, Run: 063, P, 104, 0, 0
38, Run: 064, P, 103, 0, 0
38, Run: 065, P, 96, 0, 0
38, Run: 066, P, 76, 0, 0
38, Run: 067, P, 106, 0, 0
38, Run: 068, P, 105, 0, 0
38, Run: 069, P, 88, 0, 0
38, Run: 070, P, 91, 0, 0
38, Run: 071, P, 114, 0, 0
38, Run: 072, P, 98, 0, 0
38, Run: 073, P, 117, 0, 0
38, Run: 074, P, 119, 0, 0
38, Run: 075, P, 91, 0, 0
38, Run: 076, P, 101, 0, 0
38, Run: 077, P, 110, 0, 0
38, Run: 078, P, 101, 0, 0
38, Run: 079, P, 92, 0, 0
38, Run: 080, P, 77, 0, 0
38, Run: 081, P, 89, 0, 0
38, Run: 082, P, 105, 0, 0
38, Run: 083, P, 96, 0, 0
38, Run: 084, P, 81, 0, 0
38, Run: 085, P, 95, 0, 0
38, Run: 086, P, 100, 0, 0
38, Run: 087, P, 80, 0, 0
38, Run: 088, P, 99, 0, 0
38, Run: 089, P, 89, 0, 0
38, Run: 090, P, 94, 0, 0
38, Run: 091, P, 89, 0, 0
38, Run: 092, P, 81, 0, 0
38, Run: 093, P, 107, 0, 0
38, Run: 094, P, 96, 0, 0
38, Run: 095, P, 79, 0, 0
38, Run: 096, P, 105, 0, 0
38, Run: 097, P, 98, 0, 0
38, Run: 098, P, 100, 0, 0
38, Run: 099, P, 92, 0, 0
38, Run: 100, P, 98, 0, 0
39, Run: 001, P, 95, 0, 0
39, Run: 002, P, 98, 0, 0
39, Run: 003, P, 99, 0, 0
39, Run: 004, P, 109, 0, 0
39, Run: 005, P, 100, 0, 0
39, Run: 006, P, 103, 0, 0
39, Run: 007, P, 119, 0, 0
39, Run: 008, P, 104, 0, 0
39, Run: 009, P, 116, 0, 0
39, Run: 010, P, 101, 0, 0
39, Run: 011, P, 96, 0, 0
39, Run: 012, P, 97, 0, 0
39, Run: 013, P, 118, 0, 0
39, Run: 014, P, 92, 0, 0
39, Run: 015, P, 90, 0, 0
39, Run: 016, P, 97, 0, 0
39, Run: 017, P, 80, 0, 0
39, Run: 018, P, 88, 0, 0
39, Run: 019, P, 109, 0, 0
39, Run: 020, P, 98, 0, 0
39, Run: 021, P, 114, 0, 0
39, Run: 022, P, 98, 0, 0
39, Run: 023, P, 88, 0, 0
39, Run: 024, P, 98, 0, 0
39, Run: 025, P, 86, 0, 0
39, Run: 026, P, 96, 0, 0
39, Run: 027, P, 120, 0, 0
39, Run: 028, P, 92, 0, 0
39, Run: 029, P, 93, 0, 0
39, Run: 030, P, 98, 0, 0
39, Run: 031, P, 107, 0, 0
39, Run: 032, P, 84, 0, 0
39, Run: 033, P, 91, 0, 0
39, Run: 034, P, 81, 0, 0
39, Run: 035, P, 109, 0, 0
39, Run: 036, P, 115, 0, 0
39, Run: 037, P, 103, 0, 0
39, Run: 038, P, 102, 0, 0
39, Run: 039, P, 109, 0, 0
39, Run: 040, P, 108, 0, 0
39, Run: 041, P, 93, 0, 0
39, Run: 042, P, 107, 0, 0
39, Run: 043, P, 94, 0, 0
39, Run: 044, P, 109, 0, 0
39, Run: 045, P, 93, 0, 0
39, Run: 046, P, 99, 0, 0
39, Run: 047, P, 96, 0, 0
39, Run: 048, P, 99, 0, 0
39, Run: 049, P, 102, 0, 0
39, Run: 050, P, 123, 0, 0
39, Run: 051, P, 103, 0, 0
39, Run: 052, P, 100, 0, 0
39, Run: 053, P, 102, 0, 0
39, Run: 054, P, 99, 0, 0
39, Run: 055, P, 105, 0, 0
39, Run: 056, P, 89, 0, 0
39, Run: 057, P, 90, 0, 0
39, Run: 058, P, 104, 0, 0
39, Run: 059, P, 96, 0, 0
39, Run: 060, P, 96, 0, 0
39, Run: 061, P, 111, 0, 0
39, Run: 062, P, 108, 0, 0
39, Run: 063, P, 98, 0, 0
39, Run: 064, P, 102, 0, 0
39, Run: 065, P, 96, 0, 0
39, Run: 066, P, 100, 0, 0
39, Run: 067, P, 89, 0, 0
39, Run: 068, P, 124, 0, 0
39, Run: 069, P, 101, 0, 0
39, Run: 070, P, 117, 0, 0
39, Run: 071, P, 103, 0, 0
39, Run: 072, P, 102, 0, 0
39, Run: 073, P, 104, 0, 0
39, Run: 074, P, 103, 0, 0
39, Run: 075, P, 101, 0, 0
39, Run: 076, P, 104, 0, 0
39, Run: 077, P, 84, 0, 0
39, Run: 078, P, 111, 0, 0
39, Run: 079, P, 91, 0, 0
39, Run: 080, P, 78, 0, 0
39, Run: 081, P, 89, 0, 0
39, Run: 082, P, 124, 0, 0
39, Run: 083, P, 91, 0, 0
39, Run: 084, P, 101, 0, 0
39, Run: 085, P, 98, 0, 0
39, Run: 086, P, 87, 0, 0
39, Run: 087, P, 105, 0, 0
39, Run: 088, P, 121, 0, 0
39, Run: 089, P, 98, 0, 0
39, Run: 090, P, 100, 0, 0
39, Run: 091, P, 100, 0, 0
39, Run: 092, P, 101, 0, 0
39, Run: 093, P, 101, 0, 0
39, Run: 094, P, 93, 0, 0
39, Run: 095, P, 76, 0, 0
39, Run: 096, P, 113, 0, 0
39, Run: 097, P, 103, 0, 0
39, Run: 098, P, 100, 0, 0
39, Run: 099, P, 95, 0, 0
39, Run: 100, P, 101, 0, 0
4, Run: 001, P, 86, 0, 0
4, Run: 002, P, 100, 0, 0
4, Run: 003, P, 103, 0, 0
4, Run: 004, P, 113, 0, 0
4, Run: 005, P, 122, 0, 0
4, Run: 006, P, 88, 0, 0
4, Run: 007, P, 101, 0, 0
4, Run: 008, P, 105, 0, 0
4, Run: 009, P, 95, 0, 0
4, Run: 010, P, 108, 0, 0
4, Run: 011, P, 80, 0, 0
4, Run: 012, P, 99, 0, 0
4, Run: 013, P, 105, 0, 0
4, Run: 014, P, 96, 0, 0
4, Run: 015, P, 85, 0, 0
4, Run: 016, P, 94, 0, 0
4, Run: 017, P, 95, 0, 0
4, Run: 018, P, 114, 0, 0
4, Run: 019, P, 116, 0, 0
4, Run: 020, P, 93, 0, 0
4, Run: 021, P, 118, 0, 0
4, Run: 022, P, 108, 0, 0
4, Run: 023, P, 92, 0, 0
4, Run: 024, P, 106, 0, 0
4, Run: 025, P, 95, 0, 0
4, Run: 026, P, 91, 0, 0
4, Run: 027, P, 120, 0, 0
4, Run: 028, P, 96, 0, 0
4, Run: 029, P, 82, 0, 0
4, Run: 030, P, 95, 0, 0
4, Run: 031, P, 112, 0, 0
4, Run: 032, P, 89, 0, 0
4, Run: 033, P, 104, 0, 0
4, Run: 034, P, 89, 0, 0
4, Run: 035, P, 97, 0, 0
4, Run: 036, P, 90, 0, 0
4, Run: 037, P, 93, 0, 0
4, Run: 038, P, 89, 0, 0
4, Run: 039, P, 100, 0, 0
4, Run: 040, P, 107, 0, 0
4, Run: 041, P, 102, 0, 0
4, Run: 042, P, 103, 0, 0
4, Run: 043, P, 101, 0, 0
4, Run: 044, P, 97, 0, 0
4, Run: 045, P, 91, 0, 0
4, Run: 046, P, 104, 0, 0
4, Run: 047, P, 87, 0, 0
4, Run: 048, P, 92, 0, 0
4, Run: 049, P, 93, 0, 0
4, Run: 050, P, 112, 0, 0
4, Run: 051, P, 97, 0, 0
4, Run: 052, P, 103, 0, 0
4, Run: 053, P, 97, 0, 0
4, Run: 054, P, 91, 0, 0
4, Run: 055, P, 110, 0, 0
4, Run: 056, P, 102, 0, 0
4, Run: 057, P, 91, 0, 0
4, Run: 058, P, 76, 0, 0
4, Run: 059, P, 101, 0, 0
4, Run: 060, P, 91, 0, 0
4, Run: 061, P, 89, 0, 0
4, Run: 062, P, 112, 0, 0
4, Run: 063, P, 113, 0, 0
4, Run: 064, P, 109, 0, 0
4, Run: 065, P, 91, 0, 0
4, Run: 066, P, 93, 0, 0
4, Run: 067, P, 101, 0, 0
4, Run: 068, P, 80, 0, 0
4, Run: 069, P, 96, 0, 0
4, Run: 070, P, 82, 0, 0
4, Run: 071, P, 106, 0, 0
4, Run: 072, P, 92, 0, 0
4, Run: 073, P, 100, 0, 0
4, Run: 074, P, 107, 0, 0
4, Run: 075, P, 96, 0, 0
4, Run: 076, P, 98, 0, 0
4, Run: 077, P, 108, 0, 0
4, Run: 078, P, 106, 0, 0
4, Run: 079, P, 96, 0, 0
4, Run: 080, P, 102, 0, 0
4, Run: 081, P, 103, 0, 0
4, Run: 082, P, 92, 0, 0
4, Run: 083, P, 102, 0, 0
4, Run: 084, P, 100, 0, 0
4, Run: 085, P, 131, 0, 0
4, Run: 086, P, 97, 0, 0
4, Run: 087, P, 107, 0, 0
4, Run: 088, P, 95, 0, 0
4, Run: 089, P, 98, 0, 0
4, Run: 090, P, 91, 0, 0
4, Run: 091, P, 112, 0, 0
4, Run: 092, P, 110, 0, 0
4, Run: 093, P, 97, 0, 0
4, Run: 094, P, 98, 0, 0
4, Run: 095, P, 117, 0, 0
4, Run: 096, P, 91, 0, 0
4, Run: 097, P, 94, 0, 0
4, Run: 098, P, 100, 0, 0
4, Run: 099, P, 92, 0, 0
4, Run: 100, P, 94, 0, 0
40, Run: 001, P, 82, 0, 0
40, Run: 002, P, 99, 0, 0
40, Run: 003, P, 107, 0, 0
40, Run: 004, P, 96, 0, 0
40, Run: 005, P, 98, 0, 0
40, Run: 006, P, 107, 0, 0
40, Run: 007, P, 110, 0, 0
40, Run: 008, P, 103, 0, 0
40, Run: 009, P, 100, 0, 0
40, Run: 010, P, 111, 0, 0
40, Run: 011, P, 92, 0, 0
40, Run: 012, P, 100, 0, 0
40, Run: 013, P, 96, 0, 0
40, Run: 014, P, 107, 0, 0
40, Run: 015, P, 85, 0, 0
40, Run: 016, P, 102, 0, 0
40, Run: 017, P, 99, 0, 0
40, Run: 018, P, 97, 0, 0
40, Run: 019, P, 90, 0, 0
40, Run: 020, P, 118, 0, 0
40, Run: 021, P, 104, 0, 0
40, Run: 022, P, 111, 0, 0
40, Run: 023, P, 87, 0, 0
40, Run: 024, P, 98, 0, 0
40, Run: 025, P, 114, 0, 0
40, Run: 026, P, 95, 0, 0
40, Run: 027, P, 99, 0, 0
40, Run: 028, P, 100, 0, 0
40, Run: 029, P, 103, 0, 0
40, Run: 030, P, 120, 0, 0
40, Run: 031, P, 100, 0, 0
40, Run: 032, P, 96, 0, 0
40, Run: 033, P, 101, 0, 0
40, Run: 034, P, 114, 0, 0
40, Run: 035, P, 106, 0, 0
40, Run: 036, P, 90, 0, 0
40, Run: 037, P, 96, 0, 0
40, Run: 038, P, 111, 0, 0
40, Run: 039, P, 94, 0, 0
40, Run: 040, P, 109, 0, 0
40, Run: 041, P, 98, 0, 0
40, Run: 042, P, 103, 0, 0
40, Run: 043, P, 108, 0, 0
40, Run: 044, P, 109, 0, 0
40, Run: 045, P, 94, 0, 0
40, Run: 046, P, 104, 0, 0
40, Run: 047, P, 89, 0, 0
40, Run: 048, P, 94, 0, 0
40, Run: 049, P, 106, 0, 0
40, Run: 050, P, 102, 0, 0
40, Run: 051, P, 101, 0, 0
40, Run: 052, P, 111, 0, 0
40, Run: 053, P, 89, 0, 0
40, Run: 054, P, 114, 0, 0
40, Run: 055, P, 107, 0, 0
40, Run: 056, P, 104, 0, 0
40, Run: 057, P, 110, 0, 0
40, Run: 058, P, 107, 0, 0
40, Run: 059, P, 105, 0, 0
40, Run: 060, P, 108, 0, 0
40, Run: 061, P, 98, 0, 0
40, Run: 062, P, 96, 0, 0
40, Run: 063, P, 95, 0, 0
40, Run: 064, P, 100, 0, 0
40, Run: 065, P, 95, 0, 0
40, Run: 066, P, 98, 0, 0
40, Run: 067, P, 97, 0, 0
40, Run: 068, P, 106, 0, 0
40, Run: 069, P, 82, 0, 0
40, Run: 070, P, 108, 0, 0
40, Run: 071, P, 118, 0, 0
40, Run: 072, P, 98, 0, 0
40, Run: 073, P, 107, 0, 0
40, Run: 074, P, 102, 0, 0
40, Run: 075, P, 104, 0, 0
40, Run: 076, P, 109, 0, 0
40, Run: 077, P, 113, 0, 0
40, Run: 078, P, 84, 0, 0
40, Run: 079, P, 102, 0, 0
40, Run: 080, P, 101, 0, 0
40, Run: 081, P, 76, 0, 0
40, Run: 082, P, 91, 0, 0
40, Run: 083, P, 97, 0, 0
40, Run: 084, P, 71, 0, 0
40, Run: 085, P, 100, 0, 0
40, Run: 086, P, 93, 0, 0
40, Run: 087, P, 114, 0, 0
40, Run: 088, P, 100, 0, 0
40, Run: 089, P, 107, 0, 0
40, Run: 090, P, 107, 0, 0
40, Run: 091, P, 94, 0, 0
40, Run: 092, P, 97, 0, 0
40, Run: 093, P, 96, 0, 0
40, Run: 094, P, 94, 0, 0
40, Run: 095, P, 105, 0, 0
40, Run: 096, P, 110, 0, 0
40, Run: 097, P, 104, 0, 0
40, Run: 098, P, 122, 0, 0
40, Run: 099, P, 102, 0, 0
40, Run: 100, P, 83, 0, 0
41, Run: 001, P, 93, 0, 0
41, Run: 002, P, 116, 0, 0
41, Run: 003, P, 108, 0, 0
41, Run: 004, P, 98, 0, 0
41, Run: 005, P, 95, 0, 0
41, Run: 006, P, 95, 0, 0
41, Run: 007, P, 113, 0, 0
41, Run: 008, P, 94, 0, 0
41, Run: 009, P, 101, 0, 0
41, Run: 010, P, 97, 0, 0
41, Run: 011, P, 83, 0, 0
41, Run: 012, P, 106, 0, 0
41, Run: 013, P, 110, 0, 0
41, Run: 014, P, 115, 0, 0
41, Run: 015, P, 107, 0, 0
41, Run: 016, P, 111, 0, 0
41, Run: 017, P, 92, 0, 0
41, Run: 018, P, 118, 0, 0
41, Run: 019, P, 103, 0, 0
41, Run: 020, P, 93, 0, 0
41, Run: 021, P, 66, 0, 0
41, Run: 022, P, 102, 0, 0
41, Run: 023, P, 109, 0, 0
41, Run: 024, P, 90, 0, 0
41, Run: 025, P, 129, 0, 0
41, Run: 026, P, 100, 0, 0
41, Run: 027, P, 107, 0, 0
41, Run: 028, P, 82, 0, 0
41, Run: 029, P, 111, 0, 0
41, Run: 030, P, 88, 0, 0
41, Run: 031, P, 108, 0, 0
41, Run: 032, P, 102, 0, 0
41, Run: 033, P, 111, 0, 0
41, Run: 034, P, 112, 0, 0
41, Run: 035, P, 97, 0, 0
41, Run: 036, P, 93, 0, 0
41, Run: 037, P, 97, 0, 0
41, Run: 038, P, 114, 0, 0
41, Run: 039, P, 105, 0, 0
41, Run: 040, P, 123, 0, 0
41, Run: 041, P, 104, 0, 0
41, Run: 042, P, 107, 0, 0
41, Run: 043, P, 101, 0, 0
41, Run: 044, P, 92, 0, 0
41, Run: 045, P, 117, 0, 0
41, Run: 046, P, 98, 0, 0
41, Run: 047, P, 94, 0, 0
41, Run: 048, P, 119, 0, 0
41, Run: 049, P, 98, 0, 0
41, Run: 050, P, 82, 0, 0
41, Run: 051, P, 88, 0, 0
41, Run: 052, P, 96, 0, 0
41, Run: 053, P, 96, 0, 0
41, Run: 054, P, 96, 0, 0
41, Run: 055, P, 110, 0, 0
41, Run: 056, P, 90, 0, 0
41, Run: 057, P, 84, 0, 0
41, Run: 058, P, 99, 0, 0
41, Run: 059, P, 99, 0, 0
41, Run: 060, P, 99, 0, 0
41, Run: 061, P, 90, 0, 0
41, Run: 062, P, 116, 0, 0
41, Run: 063, P, 95, 0, 0
41, Run: 064, P, 108, 0, 0
41, Run: 065, P, 103, 0, 0
41, Run: 066, P, 100, 0, 0
41, Run: 067, P, 99, 0, 0
41, Run: 068, P, 110, 0, 0
41, Run: 069, P, 108, 0, 0
41, Run: 070, P, 101, 0, 0
41, Run: 071, P, 114, 0, 0
41, Run: 072, P, 94, 0, 0
41, Run: 073, P, 107, 0, 0
41, Run: 074, P, 121, 0, 0
41, Run: 075, P, 117, 0, 0
41, Run: 076, P, 111, 0, 0
41, Run: 077, P, 99, 0, 0
41, Run: 078, P, 89, 0, 0
41, Run: 079, P, 99, 0, 0
41, Run: 080, P, 95, 0, 0
41, Run: 081, P, 103, 0, 0
41, Run: 082, P, 109, 0, 0
41, Run: 083, P, 124, 0, 0
41, Run: 084, P, 109, 0, 0
41, Run: 085, P, 99, 0, 0
41, Run: 086, P, 89, 0, 0
41, Run: 087, P, 111, 0, 0
41, Run: 088, P, 112, 0, 0
41, Run: 089, P, 106, 0, 0
41, Run: 090, P, 110, 0, 0
41, Run: 091, P, 115, 0, 0
41, Run: 092, P, 109, 0, 0
41, Run: 093, P, 104, 0, 0
41, Run: 094, P, 92, 0, 0
41, Run: 095, P, 96, 0, 0
41, Run: 096, P, 107, 0, 0
41, Run: 097, P, 103, 0, 0
41, Run: 098, P, 108, 0, 0
41, Run: 099, P, 118, 0, 0
41, Run: 100, P, 100, 0, 0
42, Run: 001, P, 113, 0, 0
42, Run: 002, P, 110, 0, 0
42, Run: 003, P, 132, 0, 0
42, Run: 004, P, 95, 0, 0
42, Run: 005, P, 88, 0, 0
42, Run: 006, P, 114, 0, 0
42, Run: 007, P, 95, 0, 0
42, Run: 008, P, 100, 0, 0
42, Run: 009, P, 104, 0, 0
42, Run: 010, P, 107, 0, 0
42, Run: 011, P, 109, 0, 0
42, Run: 012, P, 98, 0, 0
42, Run: 013, P, 89, 0, 0
42, Run: 014, P, 110, 0, 0
42, Run: 015, P, 105, 0, 0
42, Run: 016, P, 104, 0, 0
42, Run: 017, P, 93, 0, 0
42, Run: 018, P, 90, 0, 0
42, Run: 019, P, 98, 0, 0
42, Run: 020, P, 97, 0, 0
42, Run: 021, P, 106, 0, 0
42, Run: 022, P, 104, 0, 0
42, Run: 023, P, 92, 0, 0
42, Run: 024, P, 99, 0, 0
42, Run: 025, P, 107, 0, 0
42, Run: 026, P, 101, 0, 0
42, Run: 027, P, 89, 0, 0
42, Run: 028, P, 98, 0, 0
42, Run: 029, P, 90, 0, 0
42, Run: 030, P, 79, 0, 0
42, Run: 031, P, 86, 0, 0
42, Run: 032, P, 100, 0, 0
42, Run: 033, P, 113, 0, 0
42, Run: 034, P, 136, 0, 0
42, Run: 035, P, 98, 0, 0
42, Run: 036, P, 102, 0, 0
42, Run: 037, P, 93, 0, 0
42, Run: 038, P, 118, 0, 0
42, Run: 039, P, 97, 0, 0
42, Run: 040, P, 84, 0, 0
42, Run: 041, P, 105, 0, 0
42, Run: 042, P, 115, 0, 0
42, Run: 043, P, 88, 0, 0
42, Run: 044, P, 111, 0, 0
42, Run: 045, P, 89, 0, 0
42, Run: 046, P, 98, 0, 0
42, Run: 047, P, 102, 0, 0
42, Run: 048, P, 106, 0, 0
42, Run: 049, P, 90, 0, 0
42, Run: 050, P, 107, 0, 0
42, Run: 051, P, 100, 0, 0
42, Run: 052, P, 112, 0, 0
42, Run: 053, P, 96, 0, 0
42, Run: 054, P, 109, 0, 0
42, Run: 055, P, 88, 0, 0
42, Run: 056, P, 105, 0, 0
42, Run: 057, P, 92, 0, 0
42, Run: 058, P, 107, 0, 0
42, Run: 059, P, 109, 0, 0
42, Run: 060, P, 95, 0, 0
42, Run: 061, P, 90, 0, 0
42, Run: 062, P, 110, 0, 0
42, Run: 063, P, 94, 0, 0
42, Run: 064, P, 118, 0, 0
42, Run: 065, P, 96, 0, 0
42, Run: 066, P, 123, 0, 0
42, Run: 067, P, 106, 0, 0
42, Run: 068, P, 114, 0, 0
42, Run: 069, P, 87, 0, 0
42, Run: 070, P, 110, 0, 0
42, Run: 071, P, 116, 0, 0
42, Run: 072, P, 118, 0, 0
42, Run: 073, P, 106, 0, 0
42, Run: 074, P, 103, 0, 0
42, Run: 075, P, 99, 0, 0
42, Run: 076, P, 102, 0, 0
42, Run: 077, P, 103, 0, 0
42, Run: 078, P, 98, 0, 0
42, Run: 079, P, 97, 0, 0
42, Run: 080, P, 101, 0, 0
42, Run: 081, P, 83, 0, 0
42, Run: 082, P, 91, 0, 0
42, Run: 083, P, 95, 0, 0
42, Run: 084, P, 104, 0, 0
42, Run: 085, P, 113, 0, 0
42, Run: 086, P, 108, 0, 0
42, Run: 087, P, 88, 0, 0
42, Run: 088, P, 103, 0, 0
42, Run: 089, P, 101, 0, 0
42, Run: 090, P, 89, 0, 0
42, Run: 091, P, 87, 0, 0
42, Run: 092, P, 99, 0, 0
42, Run: 093, P, 101, 0, 0
42, Run: 094, P, 81, 0, 0
42, Run: 095, P, 94, 0, 0
42, Run: 096, P, 83, 0, 0
42, Run: 097, P, 107, 0, 0
42, Run: 098, P, 101, 0, 0
42, Run: 099, P, 85, 0, 0
42, Run: 100, P, 90, 0, 0
43, Run: 001, P, 120, 0, 0
43, Run: 002, P, 95, 0, 0
43, Run: 003, P, 104, 0, 0
43, Run: 004, P, 87, 0, 0
43, Run: 005, P, 100, 0, 0
43, Run: 006, P, 119, 0, 0
43, Run: 007, P, 104, 0, 0
43, Run: 008, P, 99, 0, 0
43, Run: 009, P, 119, 0, 0
43, Run: 010, P, 105, 0, 0
43, Run: 011, P, 121, 0, 0
43, Run: 012, P, 94, 0, 0
43, Run: 013, P, 81, 0, 0
43, Run: 014, P, 111, 0, 0
43, Run: 015, P, 101, 0, 0
43, Run: 016, P, 101, 0, 0
43, Run: 017, P, 99, 0, 0
43, Run: 018, P, 92, 0, 0
43, Run: 019, P, 107, 0, 0
43, Run: 020, P, 97, 0, 0
43, Run: 021, P, 106, 0, 0
43, Run: 022, P, 103, 0, 0
43, Run: 023, P, 103, 0, 0
43, Run: 024, P, 86, 0, 0
43, Run: 025, P, 106, 0, 0
43, Run: 026, P, 92, 0, 0
43, Run: 027, P, 106, 0, 0
43, Run: 028, P, 106, 0, 0
43, Run: 029, P, 92, 0, 0
43, Run: 030, P, 94, 0, 0
43, Run: 031, P, 82, 0, 0
43, Run: 032, P, 85, 0, 0
43, Run: 033, P, 111, 0, 0
43, Run: 034, P, 99, 0, 0
43, Run: 035, P, 91, 0, 0
43, Run: 036, P, 100, 0, 0
43, Run: 037, P, 93, 0, 0
43, Run: 038, P, 126, 0, 0
43, Run: 039, P, 95, 0, 0
43, Run: 040, P, 107, 0, 0
43, Run: 041, P, 85, 0, 0
43, Run: 042, P, 80, 0, 0
43, Run: 043, P, 100, 0, 0
43, Run: 044, P, 92, 0, 0
43, Run: 045, P, 94, 0, 0
43, Run: 046, P, 115, 0, 0
43, Run: 047, P, 102, 0, 0
43, Run: 048, P, 89, 0, 0
43, Run: 049, P, 96, 0, 0
43, Run: 050, P, 95, 0, 0
43, Run: 051, P, 99, 0, 0
43, Run: 052, P, 87, 0, 0
43, Run: 053, P, 93, 0, 0
43, Run: 054, P, 108, 0, 0
43, Run: 055, P, 101, 0, 0
43, Run: 056, P, 97, 0, 0
43, Run: 057, P, 89, 0, 0
43, Run: 058, P, 103, 0, 0
43, Run: 059, P, 91, 0, 0
43, Run: 060, P, 90, 0, 0
43, Run: 061, P, 101, 0, 0
43, Run: 062, P, 115, 0, 0
43, Run: 063, P, 113, 0, 0
43, Run: 064, P, 116, 0, 0
43, Run: 065, P, 116, 0, 0
43, Run: 066, P, 102, 0, 0
43, Run: 067, P, 84, 0, 0
43, Run: 068, P, 100, 0, 0
43, Run: 069, P, 87, 0, 0
43, Run: 070, P, 94, 0, 0
43, Run: 071, P, 92, 0, 0
43, Run: 072, P, 102, 0, 0
43, Run: 073, P, 98, 0, 0
43, Run: 074, P, 96, 0, 0
43, Run: 075, P, 98, 0, 0
43, Run: 076, P, 108, 0, 0
43, Run: 077, P, 94, 0, 0
43, Run: 078, P, 109, 0, 0
43, Run: 079, P, 94, 0, 0
43, Run: 080, P, 82, 0, 0
43, Run: 081, P, 111, 0, 0
43, Run: 082, P, 116, 0, 0
43, Run: 083, P, 111, 0, 0
43, Run: 084, P, 93, 0, 0
43, Run: 085, P, 106, 0, 0
43, Run: 086, P, 100, 0, 0
43, Run: 087, P, 91, 0, 0
43, Run: 088, P, 113, 0, 0
43, Run: 089, P, 90, 0, 0
43, Run: 090, P, 88, 0, 0
43, Run: 091, P, 110, 0, 0
43, Run: 092, P, 101, 0, 0
43, Run: 093, P, 110, 0, 0
43, Run: 094, P, 104, 0, 0
43, Run: 095, P, 96, 0, 0
43, Run: 096, P, 95, 0, 0
43, Run: 097, P, 104, 0, 0
43, Run: 098, P, 101, 0, 0
43, Run: 099, P, 117, 0, 0
43, Run: 100, P, 99, 0, 0
5, Run: 001, P, 91, 0, 0
5, Run: 002, P, 103, 0, 0
5, Run: 003, P, 93, 0, 0
5, Run: 004, P, 113, 0, 0
5, Run: 005, P, 105, 0, 0
5, Run: 006, P, 106, 0, 0
5, Run: 007, P, 92, 0, 0
5, Run: 008, P, 86, 0, 0
5, Run: 009, P, 97, 0, 0
5, Run: 010, P, 110, 0, 0
5, Run: 011, P, 91, 0, 0
5, Run: 012, P, 89, 0, 0
5, Run: 013, P, 99, 0, 0
5, Run: 014, P, 101, 0, 0
5, Run: 015, P, 94, 0, 0
5, Run: 016, P, 86, 0, 0
5, Run: 017, P, 99, 0, 0
5, Run: 018, P, 104, 0, 0
5, Run: 019, P, 93, 0, 0
5, Run: 020, P, 105, 0, 0
5, Run: 021, P, 87, 0, 0
5, Run: 022, P, 101, 0, 0
5, Run: 023, P, 106, 0, 0
5, Run: 024, P, 119, 0, 0
5, Run: 025, P, 98, 0, 0
5, Run: 026, P, 110, 0, 0
5, Run: 027, P, 100, 0, 0
5, Run: 028, P, 102, 0, 0
5, Run: 029, P, 102, 0, 0
5, Run: 030, P, 114, 0, 0
5, Run: 031, P, 97, 0, 0
5, Run: 032, P, 107, 0, 0
5, Run: 033, P, 81, 0, 0
5, Run: 034, P, 94, 0, 0
5, Run: 035, P, 99, 0, 0
5, Run: 036, P, 108, 0, 0
5, Run: 037, P, 89, 0, 0
5, Run: 038, P, 81, 0, 0
5, Run: 039, P, 110, 0, 0
5, Run: 040, P, 89, 0, 0
5, Run: 041, P, 97, 0, 0
5, Run: 042, P, 98, 0, 0
5, Run: 043, P, 116, 0, 0
5, Run: 044, P, 98, 0, 0
5, Run: 045, P, 100, 0, 0
5, Run: 046, P, 106, 0, 0
5, Run: 047, P, 108, 0, 0
5, Run: 048, P, 97, 0, 0
5, Run: 049, P, 99, 0, 0
5, Run: 050, P, 100, 0, 0
5, Run: 051, P, 100, 0, 0
5, Run: 052, P, 89, 0, 0
5, Run: 053, P, 91, 0, 0
5, Run: 054, P, 86, 0, 0
5, Run: 055, P, 101, 0, 0
5, Run: 056, P, 90, 0, 0
5, Run: 057, P, 92, 0, 0
5, Run: 058, P, 91, 0, 0
5, Run: 059, P, 90, 0, 0
5, Run: 060, P, 96, 0, 0
5, Run: 061, P, 79, 0, 0
5, Run: 062, P, 83, 0, 0
5, Run: 063, P, 99, 0, 0
5, Run: 064, P, 103, 0, 0
5, Run: 065, P, 99, 0, 0
5, Run: 066, P, 89, 0, 0
5, Run: 067, P, 102, 0, 0
5, Run: 068, P, 94, 0, 0
5, Run: 069, P, 87, 0, 0
5, Run: 070, P, 87, 0, 0
5, Run: 071, P, 108, 0, 0
5, Run: 072, P, 105, 0, 0
5, Run: 073, P, 104, 0, 0
5, Run: 074, P, 108, 0, 0
5, Run: 075, P, 123, 0, 0
5, Run: 076, P, 93, 0, 0
5, Run: 077, P, 95, 0, 0
5, Run: 078, P, 83, 0, 0
5, Run: 079, P, 111, 0, 0
5, Run: 080, P, 108, 0, 0
5, Run: 081, P, 115, 0, 0
5, Run: 082, P, 93, 0, 0
5, Run: 083, P, 102, 0, 0
5, Run: 084, P, 82, 0, 0
5, Run: 085, P, 96, 0, 0
5, Run: 086, P, 111, 0, 0
5, Run: 087, P, 120, 0, 0
5, Run: 088, P, 105, 0, 0
5, Run: 089, P, 94, 0, 0
5, Run: 090, P, 123, 0, 0
5, Run: 091, P, 109, 0, 0
5, Run: 092, P, 96, 0, 0
5, Run: 093, P, 83, 0, 0
5, Run: 094, P, 90, 0, 0
5, Run: 095, P, 98, 0, 0
5, Run: 096, P, 112, 0, 0
5, Run: 097, P, 99, 0, 0
5, Run: 098, P, 104, 0, 0
5, Run: 099, P, 110, 0, 0
5, Run: 100, P, 108, 0, 0
6, Run: 001, P, 97, 0, 0
6, Run: 002, P, 98, 0, 0
6, Run: 003, P, 113, 0, 0
6, Run: 004, P, 86, 0, 0
6, Run: 005, P, 83, 0, 0
6, Run: 006, P, 102, 0, 0
6, Run: 007, P, 87, 0, 0
6, Run: 008, P, 102, 0, 0
6, Run: 009, P, 117, 0, 0
6, Run: 010, P, 85, 0, 0
6, Run: 011, P, 110, 0, 0
6, Run: 012, P, 112, 0, 0
6, Run: 013, P, 103, 0, 0
6, Run: 014, P, 97, 0, 0
6, Run: 015, P, 107, 0, 0
6, Run: 016, P, 112, 0, 0
6, Run: 017, P, 90, 0, 0
6, Run: 018, P, 94, 0, 0
6, Run: 019, P, 108, 0, 0
6, Run: 020, P, 85, 0, 0
6, Run: 021, P, 102, 0, 0
6, Run: 022, P, 104, 0, 0
6, Run: 023, P, 111, 0, 0
6, Run: 024, P, 98, 0, 0
6, Run: 025, P, 103, 0, 0
6, Run: 026, P, 114, 0, 0
6, Run: 027, P, 100, 0, 0
6, Run: 028, P, 96, 0, 0
6, Run: 029, P, 99, 0, 0
6, Run: 030, P, 96, 0, 0
6, Run: 031, P, 109, 0, 0
6, Run: 032, P, 90, 0, 0
6, Run: 033, P, 99, 0, 0
6, Run: 034, P, 112, 0, 0
6, Run: 035, P, 112, 0, 0
6, Run: 036, P, 89, 0, 0
6, Run: 037, P, 102, 0, 0
6, Run: 038, P, 104, 0, 0
6, Run: 039, P, 106, 0, 0
6, Run: 040, P, 96, 0, 0
6, Run: 041, P, 110, 0, 0
6, Run: 042, P, 98, 0, 0
6, Run: 043, P, 110, 0, 0
6, Run: 044, P, 101, 0, 0
6, Run: 045, P, 99, 0, 0
6, Run: 046, P, 95, 0, 0
6, Run: 047, P, 112, 0, 0
6, Run: 048, P, 85, 0, 0
6, Run: 049, P, 85, 0, 0
6, Run: 050, P, 98, 0, 0
6, Run: 051, P, 91, 0, 0
6, Run: 052, P, 105, 0, 0
6, Run: 053, P, 111, 0, 0
6, Run: 054, P, 92, 0, 0
6, Run: 055, P, 98, 0, 0
6, Run: 056, P, 112, 0, 0
6, Run: 057, P, 83, 0, 0
6, Run: 058, P, 86, 0, 0
6, Run: 059, P, 112, 0, 0
6, Run: 060, P, 107, 0, 0
6, Run: 061, P, 100, 0, 0
6, Run: 062, P, 85, 0, 0
6, Run: 063, P, 98, 0, 0
6, Run: 064, P, 107, 0, 0
6, Run: 065, P, 104, 0, 0
6, Run: 066, P, 110, 0, 0
6, Run: 067, P, 114, 0, 0
6, Run: 068, P, 104, 0, 0
6, Run: 069, P, 105, 0, 0
6, Run: 070, P, 97, 0, 0
6, Run: 071, P, 99, 0, 0
6, Run: 072, P, 109, 0, 0
6, Run: 073, P, 111, 0, 0
6, Run: 074, P, 99, 0, 0
6, Run: 075, P, 113, 0, 0
6, Run: 076, P, 92, 0, 0
6, Run: 077, P, 109, 0, 0
6, Run: 078, P, 93, 0, 0
6, Run: 079, P, 102, 0, 0
6, Run: 080, P, 105, 0, 0
6, Run: 081, P, 96, 0, 0
6, Run: 082, P, 97, 0, 0
6, Run: 083, P, 96, 0, 0
6, Run: 084, P, 92, 0, 0
6, Run: 085, P, 95, 0, 0
6, Run: 086, P, 98, 0, 0
6, Run: 087, P, 89, 0, 0
6, Run: 088, P, 102, 0, 0
6, Run: 089, P, 102, 0, 0
6, Run: 090, P, 114, 0, 0
6, Run: 091, P, 100, 0, 0
6, Run: 092, P, 87, 0, 0
6, Run: 093, P, 103, 0, 0
6, Run: 094, P, 90, 0, 0
6, Run: 095, P, 112, 0, 0
6, Run: 096, P, 78, 0, 0
6, Run: 097, P, 99, 0, 0
6, Run: 098, P, 97, 0, 0
6, Run: 099, P, 82, 0, 0
6, Run: 100, P, 89, 0, 0
7, Run: 001, P, 124, 0, 0
7, Run: 002, P, 96, 0, 0
7, Run: 003, P, 102, 0, 0
7, Run: 004, P, 93, 0, 0
7, Run: 005, P, 95, 0, 0
7, Run: 006, P, 107, 0, 0
7, Run: 007, P, 95, 0, 0
7, Run: 008, P, 107, 0, 0
7, Run: 009, P, 107, 0, 0
7, Run: 010, P, 104, 0, 0
7, Run: 011, P, 102, 0, 0
7, Run: 012, P, 119, 0, 0
7, Run: 013, P, 100, 0, 0
7, Run: 014, P, 89, 0, 0
7, Run: 015, P, 89, 0, 0
7, Run: 016, P, 110, 0, 0
7, Run: 017, P, 99, 0, 0
7, Run: 018, P, 98, 0, 0
7, Run: 019, P, 101, 0, 0
7, Run: 020, P, 88, 0, 0
7, Run: 021, P, 80, 0, 0
7, Run: 022, P, 103, 0, 0
7, Run: 023, P, 89, 0, 0
7, Run: 024, P, 100, 0, 0
7, Run: 025, P, 101, 0, 0
7, Run: 026, P, 113, 0, 0
7, Run: 027, P, 82, 0, 0
7, Run: 028, P, 120, 0, 0
7, Run: 029, P, 76, 0, 0
7, Run: 030, P, 89, 0, 0
7, Run: 031, P, 103, 0, 0
7, Run: 032, P, 102, 0, 0
7, Run: 033, P, 94, 0, 0
7, Run: 034, P, 112, 0, 0
7, Run: 035, P, 82, 0, 0
7, Run: 036, P, 97, 0, 0
7, Run: 037, P, 116, 0, 0
7, Run: 038, P, 107, 0, 0
7, Run: 039, P, 98, 0, 0
7, Run: 040, P, 82, 0, 0
7, Run: 041, P, 76, 0, 0
7, Run: 042, P, 109, 0, 0
7, Run: 043, P, 84, 0, 0
7, Run: 044, P, 113, 0, 0
7, Run: 045, P, 87, 0, 0
7, Run: 046, P, 110, 0, 0
7, Run: 047, P, 116, 0, 0
7, Run: 048, P, 116, 0, 0
7, Run: 049, P, 102, 0, 0
7, Run: 050, P, 121, 0, 0
7, Run: 051, P, 113, 0, 0
7, Run: 052, P, 105, 0, 0
7, Run: 053, P, 97, 0, 0
7, Run: 054, P, 114, 0, 0
7, Run: 055, P, 113, 0, 0
7, Run: 056, P, 92, 0, 0
7, Run: 057, P, 85, 0, 0
7, Run: 058, P, 106, 0, 0
7, Run: 059, P, 119, 0, 0
7, Run: 060, P, 98, 0, 0
7, Run: 061, P, 107, 0, 0
7, Run: 062, P, 103, 0, 0
7, Run: 063, P, 84, 0, 0
7, Run: 064, P, 115, 0, 0
7, Run: 065, P, 100, 0, 0
7, Run: 066, P, 102, 0, 0
7, Run: 067, P, 78, 0, 0
7, Run: 068, P, 91, 0, 0
7, Run: 069, P, 87, 0, 0
7, Run: 070, P, 98, 0, 0
7, Run: 071, P, 102, 0, 0
7, Run: 072, P, 107, 0, 0
7, Run: 073, P, 100, 0, 0
7, Run: 074, P, 115, 0, 0
7, Run: 075, P, 101, 0, 0
7, Run: 076, P, 101, 0, 0
7, Run: 077, P, 109, 0, 0
7, Run: 078, P, 79, 0, 0
7, Run: 079, P, 108, 0, 0
7, Run: 080, P, 115, 0, 0
7, Run: 081, P, 101, 0, 0
7, Run: 082, P, 109, 0, 0
7, Run: 083, P, 105, 0, 0
7, Run: 084, P, 100, 0, 0
7, Run: 085, P, 108, 0, 0
7, Run: 086, P, 90, 0, 0
7, Run: 087, P, 95, 0, 0
7, Run: 088, P, 109, 0, 0
7, Run: 089, P, 97, 0, 0
7, Run: 090, P, 101, 0, 0
7, Run: 091, P, 87, 0, 0
7, Run: 092, P, 111, 0, 0
7, Run: 093, P, 84, 0, 0
7, Run: 094, P, 89, 0, 0
7, Run: 095, P, 95, 0, 0
7, Run: 096, P, 77, 0, 0
7, Run: 097, P, 107, 0, 0
7, Run: 098, P, 106, 0, 0
7, Run: 099, P, 106, 0, 0
7, Run: 100, P, 109, 0, 0
8, Run: 001, P, 86, 0, 0
8, Run: 002, P, 104, 0, 0
8, Run: 003, P, 87, 0, 0
8, Run: 004, P, 108, 0, 0
8, Run: 005, P, 101, 0, 0
8, Run: 006, P, 108, 0, 0
8, Run: 007, P, 81, 0, 0
8, Run: 008, P, 96, 0, 0
8, Run: 009, P, 106, 0, 0
8, Run: 010, P, 99, 0, 0
8, Run: 011, P, 114, 0, 0
8, Run: 012, P, 102, 0, 0
8, Run: 013, P, 103, 0, 0
8, Run: 014, P, 95, 0, 0
8, Run: 015, P, 91, 0, 0
8, Run: 016, P, 101, 0, 0
8, Run: 017, P, 105, 0, 0
8, Run: 018, P, 110, 0, 0
8, Run: 019, P, 101, 0, 0
8, Run: 020, P, 97, 0, 0
8, Run: 021, P, 86, 0, 0
8, Run: 022, P, 81, 0, 0
8, Run: 023, P, 103, 0, 0
8, Run: 024, P, 87, 0, 0
8, Run: 025, P, 93, 0, 0
8, Run: 026, P, 99, 0, 0
8, Run: 027, P, 79, 0, 0
8, Run: 028, P, 100, 0, 0
8, Run: 029, P, 119, 0, 0
8, Run: 030, P, 102, 0, 0
8, Run: 031, P, 109, 0, 0
8, Run: 032, P, 105, 0, 0
8, Run: 033, P, 105, 0, 0
8, Run: 034, P, 103, 0, 0
8, Run: 035, P, 116, 0, 0
8, Run: 036, P, 98, 0, 0
8, Run: 037, P, 102, 0, 0
8, Run: 038, P, 105, 0, 0
8, Run: 039, P, 102, 0, 0
8, Run: 040, P, 103, 0, 0
8, Run: 041, P, 96, 0, 0
8, Run: 042, P, 89, 0, 0
8, Run: 043, P, 103, 0, 0
8, Run: 044, P, 86, 0, 0
8, Run: 045, P, 115, 0, 0
8, Run: 046, P, 85, 0, 0
8, Run: 047, P, 104, 0, 0
8, Run: 048, P, 90, 0, 0
8, Run: 049, P, 85, 0, 0
8, Run: 050, P, 87, 0, 0
8, Run: 051, P, 97, 0, 0
8, Run: 052, P, 112, 0, 0
8, Run: 053, P, 99, 0, 0
8, Run: 054, P, 111, 0, 0
8, Run: 055, P, 100, 0, 0
8, Run: 056, P, 98, 0, 0
8, Run: 057, P, 97, 0, 0
8, Run: 058, P, 86, 0, 0
8, Run: 059, P, 95, 0, 0
8, Run: 060, P, 103, 0, 0
8, Run: 061, P, 112, 0, 0
8, Run: 062, P, 110, 0, 0
8, Run: 063, P, 107, 0, 0
8, Run: 064, P, 91, 0, 0
8, Run: 065, P, 92, 0, 0
8, Run: 066, P, 93, 0, 0
8, Run: 067, P, 97, 0, 0
8, Run: 068, P, 98, 0, 0
8, Run: 069, P, 107, 0, 0
8, Run: 070, P, 83, 0, 0
8, Run: 071, P, 109, 0, 0
8, Run: 072, P, 85, 0, 0
8, Run: 073, P, 123, 0, 0
8, Run: 074, P, 81, 0, 0
8, Run: 075, P, 80, 0, 0
8, Run: 076, P, 125, 0, 0
8, Run: 077, P, 102, 0, 0
8, Run: 078, P, 105, 0, 0
8, Run: 079, P, 107, 0, 0
8, Run: 080, P, 103, 0, 0
8, Run: 081, P, 105, 0, 0
8, Run: 082, P, 99, 0, 0
8, Run: 083, P, 97, 0, 0
8, Run: 084, P, 121, 0, 0
8, Run: 085, P, 95, 0, 0
8, Run: 086, P, 114, 0, 0
8, Run: 087, P, 88, 0, 0
8, Run: 088, P, 96, 0, 0
8, Run: 089, P, 89, 0, 0
8, Run: 090, P, 93, 0, 0
8, Run: 091, P, 107, 0, 0
8, Run: 092, P, 113, 0, 0
8, Run: 093, P, 102, 0, 0
8, Run: 094, P, 118, 0, 0
8, Run: 095, P, 111, 0, 0
8, Run: 096, P, 88, 0, 0
8, Run: 097, P, 90, 0, 0
8, Run: 098, P, 100, 0, 0
8, Run: 099, P, 106, 0, 0
8, Run: 100, P, 116, 0, 0
9, Run: 001, P, 92, 0, 0
9, Run: 002, P, 87, 0, 0
9, Run: 003, P, 98, 0, 0
9, Run: 004, P, 98, 0, 0
9, Run: 005, P, 89, 0, 0
9, Run: 006, P, 91, 0, 0
9, Run: 007, P, 109, 0, 0
9, Run: 008, P, 96, 0, 0
9, Run: 009, P, 122, 0, 0
9, Run: 010, P, 75, 0, 0
9, Run: 011, P, 90, 0, 0
9, Run: 012, P, 96, 0, 0
9, Run: 013, P, 86, 0, 0
9, Run: 014, P, 96, 0, 0
9, Run: 015, P, 103, 0, 0
9, Run: 016, P, 110, 0, 0
9, Run: 017, P, 103, 0, 0
9, Run: 018, P, 101, 0, 0
9, Run: 019, P, 86, 0, 0
9, Run: 020, P, 113, 0, 0
9, Run: 021, P, 108, 0, 0
9, Run: 022, P, 122, 0, 0
9, Run: 023, P, 88, 0, 0
9, Run: 024, P, 89, 0, 0
9, Run: 025, P, 97, 0, 0
9, Run: 026, P, 100, 0, 0
9, Run: 027, P, 130, 0, 0
9, Run: 028, P, 87, 0, 0
9, Run: 029, P, 96, 0, 0
9, Run: 030, P, 80, 0, 0
9, Run: 031, P, 116, 0, 0
9, Run: 032, P, 109, 0, 0
9, Run: 033, P, 104, 0, 0
9, Run: 034, P, 104, 0, 0
9, Run: 035, P, 89, 0, 0
9, Run: 036, P, 91, 0, 0
9, Run: 037, P, 91, 0, 0
9, Run: 038, P, 85, 0, 0
9, Run: 039, P, 88, 0, 0
9, Run: 040, P, 90, 0, 0
9, Run: 041, P, 89, 0, 0
9, Run: 042, P, 96, 0, 0
9, Run: 043, P, 91, 0, 0
9, Run: 044, P, 97, 0, 0
9, Run: 045, P, 95, 0, 0
9, Run: 046, P, 97, 0, 0
9, Run: 047, P, 83, 0, 0
9, Run: 048, P, 115, 0, 0
9, Run: 049, P, 105, 0, 0
9, Run: 050, P, 115, 0, 0
9, Run: 051, P, 103, 0, 0
9, Run: 052, P, 108, 0, 0
9, Run: 053, P, 95, 0, 0
9, Run: 054, P, 96, 0, 0
9, Run: 055, P, 103, 0, 0
9, Run: 056, P, 94, 0, 0
9, Run: 057, P, 99, 0, 0
9, Run: 058, P, 102, 0, 0
9, Run: 059, P, 73, 0, 0
9, Run: 060, P, 105, 0, 0
9, Run: 061, P, 101, 0, 0
9, Run: 062, P, 90, 0, 0
9, Run: 063, P, 93, 0, 0
9, Run: 064, P, 91, 0, 0
9, Run: 065, P, 120, 0, 0
9, Run: 066, P, 109, 0, 0
9, Run: 067, P, 99, 0, 0
9, Run: 068, P, 113, 0, 0
9, Run: 069, P, 90, 0, 0
9, Run: 070, P, 104, 0, 0
9, Run: 071, P, 87, 0, 0
9, Run: 072, P, 117, 0, 0
9, Run: 073, P, 128, 0, 0
9, Run: 074, P, 82, 0, 0
9, Run: 075, P, 120, 0, 0
9, Run: 076, P, 93, 0, 0
9, Run: 077, P, 85, 0, 0
9, Run: 078, P, 103, 0, 0
9, Run: 079, P, 98, 0, 0
9, Run: 080, P, 95, 0, 0
9, Run: 081, P, 93, 0, 0
9, Run: 082, P, 96, 0, 0
9, Run: 083, P, 94, 0, 0
9, Run: 084, P, 116, 0, 0
9, Run: 085, P, 87, 0, 0
9, Run: 086, P, 106, 0, 0
9, Run: 087, P, 121, 0, 0
9, Run: 088, P, 101, 0, 0
9, Run: 089, P, 103, 0, 0
9, Run: 090, P, 106, 0, 0
9, Run: 091, P, 107, 0, 0
9, Run: 092, P, 88, 0, 0
9, Run: 093, P, 87, 0, 0
9, Run: 094, P, 89, 0, 0
9, Run: 095, P, 81, 0, 0
9, Run: 096, P, 100, 0, 0
9, Run: 097, P, 106, 0, 0
9, Run: 098, P, 98, 0, 0
9, Run: 099, P, 119, 0, 0
9, Run: 100, P, 96, 0, 0
