Input Number, Run_Number, Result@ 100, X1, H, PO, CE, Y, D, CO, PE, A, M, B, Reaction1, Reaction10, Reaction11, Reaction2, Reaction3, Reaction4, Reaction5, Reaction6, Reaction7, Reaction8, Reaction9
INVAR-1, Run: 001, P, 0, 0, 0, 9, 9, 0, 0, 1, 0, 0, 0, 18, 10, 0, 9, 5, 3, 9, 0, 0, 19, 0
INVAR-1, Run: 002, P, 0, 0, 0, 9, 9, 0, 0, 1, 0, 0, 0, 18, 13, 0, 9, 8, 0, 9, 0, 0, 22, 0
INVAR-1, Run: 003, P, 0, 0, 0, 9, 9, 0, 0, 1, 0, 0, 0, 18, 6, 0, 9, 5, 3, 9, 0, 0, 15, 0
INVAR-1, Run: 004, P, 0, 0, 0, 9, 9, 0, 0, 1, 0, 0, 0, 18, 11, 0, 9, 5, 3, 9, 0, 0, 20, 0
INVAR-1, Run: 005, P, 0, 0, 0, 9, 9, 0, 0, 1, 0, 0, 0, 18, 20, 0, 9, 5, 3, 9, 0, 0, 29, 0
INVAR-1, Run: 006, P, 0, 0, 0, 9, 9, 0, 0, 1, 0, 0, 0, 18, 14, 0, 9, 7, 1, 9, 0, 0, 23, 0
INVAR-1, Run: 007, P, 0, 0, 0, 9, 9, 0, 0, 1, 0, 0, 0, 18, 9, 0, 9, 6, 2, 9, 0, 0, 18, 0
INVAR-1, Run: 008, P, 0, 0, 0, 9, 9, 0, 0, 1, 0, 0, 0, 18, 12, 0, 9, 7, 1, 9, 0, 0, 21, 0
INVAR-1, Run: 009, P, 0, 0, 0, 9, 9, 0, 0, 1, 0, 0, 0, 18, 10, 0, 9, 8, 0, 9, 0, 0, 19, 0
INVAR-1, Run: 010, P, 0, 0, 0, 9, 9, 0, 0, 1, 0, 0, 0, 18, 25, 0, 9, 7, 1, 9, 0, 0, 34, 0
INVAR-1, Run: 011, P, 0, 0, 0, 9, 9, 0, 0, 1, 0, 0, 0, 18, 16, 0, 9, 6, 2, 9, 0, 0, 25, 0
INVAR-1, Run: 012, P, 0, 0, 0, 9, 9, 0, 0, 1, 0, 0, 0, 18, 15, 0, 9, 8, 0, 9, 0, 0, 24, 0
INVAR-1, Run: 013, P, 0, 0, 0, 9, 9, 0, 0, 1, 0, 0, 0, 18, 12, 0, 9, 6, 2, 9, 0, 0, 21, 0
INVAR-1, Run: 014, P, 0, 0, 0, 9, 9, 0, 0, 1, 0, 0, 0, 18, 23, 0, 9, 4, 4, 9, 0, 0, 32, 0
INVAR-1, Run: 015, P, 0, 0, 0, 9, 9, 0, 0, 1, 0, 0, 0, 18, 11, 0, 9, 3, 5, 9, 0, 0, 20, 0
INVAR-1, Run: 016, P, 0, 0, 0, 9, 9, 0, 0, 1, 0, 0, 0, 18, 22, 0, 9, 5, 3, 9, 0, 0, 31, 0
INVAR-1, Run: 017, P, 0, 0, 0, 9, 9, 0, 0, 1, 0, 0, 0, 18, 10, 0, 9, 7, 1, 9, 0, 0, 19, 0
INVAR-1, Run: 018, P, 0, 0, 0, 9, 9, 0, 0, 1, 0, 0, 0, 18, 15, 0, 9, 1, 7, 9, 0, 0, 24, 0
INVAR-1, Run: 019, P, 0, 0, 0, 9, 9, 0, 0, 1, 0, 0, 0, 18, 18, 0, 9, 6, 2, 9, 0, 0, 27, 0
INVAR-1, Run: 020, P, 0, 0, 0, 9, 9, 0, 0, 1, 0, 0, 0, 18, 13, 0, 9, 3, 5, 9, 0, 0, 22, 0
INVAR-1, Run: 021, P, 0, 0, 0, 9, 9, 0, 0, 1, 0, 0, 0, 18, 7, 0, 9, 3, 5, 9, 0, 0, 16, 0
INVAR-1, Run: 022, P, 0, 0, 0, 9, 9, 0, 0, 1, 0, 0, 0, 18, 16, 0, 9, 4, 4, 9, 0, 0, 25, 0
INVAR-1, Run: 023, P, 0, 0, 0, 9, 9, 0, 0, 1, 0, 0, 0, 18, 18, 0, 9, 5, 3, 9, 0, 0, 27, 0
INVAR-1, Run: 024, P, 0, 0, 0, 9, 9, 0, 0, 1, 0, 0, 0, 18, 5, 0, 9, 5, 3, 9, 0, 0, 14, 0
INVAR-1, Run: 025, P, 0, 0, 0, 9, 9, 0, 0, 1, 0, 0, 0, 18, 15, 0, 9, 5, 3, 9, 0, 0, 24, 0
INVAR-1, Run: 026, P, 0, 0, 0, 9, 9, 0, 0, 1, 0, 0, 0, 18, 9, 0, 9, 5, 3, 9, 0, 0, 18, 0
INVAR-1, Run: 027, P, 0, 0, 0, 9, 9, 0, 0, 1, 0, 0, 0, 18, 5, 0, 9, 4, 4, 9, 0, 0, 14, 0
INVAR-1, Run: 028, P, 0, 0, 0, 9, 9, 0, 0, 1, 0, 0, 0, 18, 28, 0, 9, 4, 4, 9, 0, 0, 37, 0
INVAR-1, Run: 029, P, 0, 0, 0, 9, 9, 0, 0, 1, 0, 0, 0, 18, 7, 0, 9, 7, 1, 9, 0, 0, 16, 0
INVAR-1, Run: 030, P, 0, 0, 0, 9, 9, 0, 0, 1, 0, 0, 0, 18, 15, 0, 9, 5, 3, 9, 0, 0, 24, 0
INVAR-1, Run: 031, P, 0, 0, 0, 9, 9, 0, 0, 1, 0, 0, 0, 18, 12, 0, 9, 4, 4, 9, 0, 0, 21, 0
INVAR-1, Run: 032, P, 0, 0, 0, 9, 9, 0, 0, 1, 0, 0, 0, 18, 11, 0, 9, 6, 2, 9, 0, 0, 20, 0
INVAR-1, Run: 033, P, 0, 0, 0, 9, 9, 0, 0, 1, 0, 0, 0, 18, 8, 0, 9, 7, 1, 9, 0, 0, 17, 0
INVAR-1, Run: 034, P, 0, 0, 0, 9, 9, 0, 0, 1, 0, 0, 0, 18, 12, 0, 9, 7, 1, 9, 0, 0, 21, 0
INVAR-1, Run: 035, P, 0, 0, 0, 9, 9, 0, 0, 1, 0, 0, 0, 18, 15, 0, 9, 4, 4, 9, 0, 0, 24, 0
INVAR-1, Run: 036, P, 0, 0, 0, 9, 9, 0, 0, 1, 0, 0, 0, 18, 11, 0, 9, 7, 1, 9, 0, 0, 20, 0
INVAR-1, Run: 037, P, 0, 0, 0, 9, 9, 0, 0, 1, 0, 0, 0, 18, 13, 0, 9, 6, 2, 9, 0, 0, 22, 0
INVAR-1, Run: 038, P, 0, 0, 0, 9, 9, 0, 0, 1, 0, 0, 0, 18, 7, 0, 9, 6, 2, 9, 0, 0, 16, 0
INVAR-1, Run: 039, P, 0, 0, 0, 9, 9, 0, 0, 1, 0, 0, 0, 18, 23, 0, 9, 4, 4, 9, 0, 0, 32, 0
INVAR-1, Run: 040, P, 0, 0, 0, 9, 9, 0, 0, 1, 0, 0, 0, 18, 7, 0, 9, 6, 2, 9, 0, 0, 16, 0
INVAR-1, Run: 041, P, 0, 0, 0, 9, 9, 0, 0, 1, 0, 0, 0, 18, 7, 0, 9, 7, 1, 9, 0, 0, 16, 0
INVAR-1, Run: 042, P, 0, 0, 0, 9, 9, 0, 0, 1, 0, 0, 0, 18, 24, 0, 9, 8, 0, 9, 0, 0, 33, 0
INVAR-1, Run: 043, P, 0, 0, 0, 9, 9, 0, 0, 1, 0, 0, 0, 18, 13, 0, 9, 5, 3, 9, 0, 0, 22, 0
INVAR-1, Run: 044, P, 0, 0, 0, 9, 9, 0, 0, 1, 0, 0, 0, 18, 16, 0, 9, 4, 4, 9, 0, 0, 25, 0
INVAR-1, Run: 045, P, 0, 0, 0, 9, 9, 0, 0, 1, 0, 0, 0, 18, 12, 0, 9, 4, 4, 9, 0, 0, 21, 0
INVAR-1, Run: 046, P, 0, 0, 0, 9, 9, 0, 0, 1, 0, 0, 0, 18, 12, 0, 9, 7, 1, 9, 0, 0, 21, 0
INVAR-1, Run: 047, P, 0, 0, 0, 9, 9, 0, 0, 1, 0, 0, 0, 18, 20, 0, 9, 6, 2, 9, 0, 0, 29, 0
INVAR-1, Run: 048, P, 0, 0, 0, 9, 9, 0, 0, 1, 0, 0, 0, 18, 16, 0, 9, 7, 1, 9, 0, 0, 25, 0
INVAR-1, Run: 049, P, 0, 0, 0, 9, 9, 0, 0, 1, 0, 0, 0, 18, 8, 0, 9, 4, 4, 9, 0, 0, 17, 0
INVAR-1, Run: 050, P, 0, 0, 0, 9, 9, 0, 0, 1, 0, 0, 0, 18, 10, 0, 9, 5, 3, 9, 0, 0, 19, 0
INVAR-1, Run: 051, P, 0, 0, 0, 9, 9, 0, 0, 1, 0, 0, 0, 18, 10, 0, 9, 6, 2, 9, 0, 0, 19, 0
INVAR-1, Run: 052, P, 0, 0, 0, 9, 9, 0, 0, 1, 0, 0, 0, 18, 8, 0, 9, 8, 0, 9, 0, 0, 17, 0
INVAR-1, Run: 053, P, 0, 0, 0, 9, 9, 0, 0, 1, 0, 0, 0, 18, 8, 0, 9, 6, 2, 9, 0, 0, 17, 0
INVAR-1, Run: 054, P, 0, 0, 0, 9, 9, 0, 0, 1, 0, 0, 0, 18, 12, 0, 9, 5, 3, 9, 0, 0, 21, 0
INVAR-1, Run: 055, P, 0, 0, 0, 9, 9, 0, 0, 1, 0, 0, 0, 18, 7, 0, 9, 4, 4, 9, 0, 0, 16, 0
INVAR-1, Run: 056, P, 0, 0, 0, 9, 9, 0, 0, 1, 0, 0, 0, 18, 12, 0, 9, 4, 4, 9, 0, 0, 21, 0
INVAR-1, Run: 057, P, 0, 0, 0, 9, 9, 0, 0, 1, 0, 0, 0, 18, 22, 0, 9, 3, 5, 9, 0, 0, 31, 0
INVAR-1, Run: 058, P, 0, 0, 0, 9, 9, 0, 0, 1, 0, 0, 0, 18, 14, 0, 9, 3, 5, 9, 0, 0, 23, 0
INVAR-1, Run: 059, P, 0, 0, 0, 9, 9, 0, 0, 1, 0, 0, 0, 18, 7, 0, 9, 5, 3, 9, 0, 0, 16, 0
INVAR-1, Run: 060, P, 0, 0, 0, 9, 9, 0, 0, 1, 0, 0, 0, 18, 17, 0, 9, 4, 4, 9, 0, 0, 26, 0
INVAR-1, Run: 061, P, 0, 0, 0, 9, 9, 0, 0, 1, 0, 0, 0, 18, 11, 0, 9, 5, 3, 9, 0, 0, 20, 0
INVAR-1, Run: 062, P, 0, 0, 0, 9, 9, 0, 0, 1, 0, 0, 0, 18, 22, 0, 9, 5, 3, 9, 0, 0, 31, 0
INVAR-1, Run: 063, P, 0, 0, 0, 9, 9, 0, 0, 1, 0, 0, 0, 18, 19, 0, 9, 6, 2, 9, 0, 0, 28, 0
INVAR-1, Run: 064, P, 0, 0, 0, 9, 9, 0, 0, 1, 0, 0, 0, 18, 16, 0, 9, 5, 3, 9, 0, 0, 25, 0
INVAR-1, Run: 065, P, 0, 0, 0, 9, 9, 0, 0, 1, 0, 0, 0, 18, 14, 0, 9, 4, 4, 9, 0, 0, 23, 0
INVAR-1, Run: 066, P, 0, 0, 0, 9, 9, 0, 0, 1, 0, 0, 0, 18, 31, 0, 9, 5, 3, 9, 0, 0, 40, 0
INVAR-1, Run: 067, P, 0, 0, 0, 9, 9, 0, 0, 1, 0, 0, 0, 18, 9, 0, 9, 5, 3, 9, 0, 0, 18, 0
INVAR-1, Run: 068, P, 0, 0, 0, 9, 9, 0, 0, 1, 0, 0, 0, 18, 14, 0, 9, 4, 4, 9, 0, 0, 23, 0
INVAR-1, Run: 069, P, 0, 0, 0, 9, 9, 0, 0, 1, 0, 0, 0, 18, 18, 0, 9, 7, 1, 9, 0, 0, 27, 0
INVAR-1, Run: 070, P, 0, 0, 0, 9, 9, 0, 0, 1, 0, 0, 0, 18, 19, 0, 9, 5, 3, 9, 0, 0, 28, 0
INVAR-1, Run: 071, P, 0, 0, 0, 9, 9, 0, 0, 1, 0, 0, 0, 18, 16, 0, 9, 4, 4, 9, 0, 0, 25, 0
INVAR-1, Run: 072, P, 0, 0, 0, 9, 9, 0, 0, 1, 0, 0, 0, 18, 5, 0, 9, 6, 2, 9, 0, 0, 14, 0
INVAR-1, Run: 073, P, 0, 0, 0, 9, 9, 0, 0, 1, 0, 0, 0, 18, 10, 0, 9, 5, 3, 9, 0, 0, 19, 0
INVAR-1, Run: 074, P, 0, 0, 0, 9, 9, 0, 0, 1, 0, 0, 0, 18, 15, 0, 9, 4, 4, 9, 0, 0, 24, 0
INVAR-1, Run: 075, P, 0, 0, 0, 9, 9, 0, 0, 1, 0, 0, 0, 18, 15, 0, 9, 6, 2, 9, 0, 0, 24, 0
INVAR-1, Run: 076, P, 0, 0, 0, 9, 9, 0, 0, 1, 0, 0, 0, 18, 19, 0, 9, 5, 3, 9, 0, 0, 28, 0
INVAR-1, Run: 077, P, 0, 0, 0, 9, 9, 0, 0, 1, 0, 0, 0, 18, 10, 0, 9, 5, 3, 9, 0, 0, 19, 0
INVAR-1, Run: 078, P, 0, 0, 0, 9, 9, 0, 0, 1, 0, 0, 0, 18, 8, 0, 9, 7, 1, 9, 0, 0, 17, 0
INVAR-1, Run: 079, P, 0, 0, 0, 9, 9, 0, 0, 1, 0, 0, 0, 18, 19, 0, 9, 5, 3, 9, 0, 0, 28, 0
INVAR-1, Run: 080, P, 0, 0, 0, 9, 9, 0, 0, 1, 0, 0, 0, 18, 18, 0, 9, 5, 3, 9, 0, 0, 27, 0
INVAR-1, Run: 081, P, 0, 0, 0, 9, 9, 0, 0, 1, 0, 0, 0, 18, 12, 0, 9, 5, 3, 9, 0, 0, 21, 0
INVAR-1, Run: 082, P, 0, 0, 0, 9, 9, 0, 0, 1, 0, 0, 0, 18, 9, 0, 9, 5, 3, 9, 0, 0, 18, 0
INVAR-1, Run: 083, P, 0, 0, 0, 9, 9, 0, 0, 1, 0, 0, 0, 18, 15, 0, 9, 4, 4, 9, 0, 0, 24, 0
INVAR-1, Run: 084, P, 0, 0, 0, 9, 9, 0, 0, 1, 0, 0, 0, 18, 12, 0, 9, 4, 4, 9, 0, 0, 21, 0
INVAR-1, Run: 085, P, 0, 0, 0, 9, 9, 0, 0, 1, 0, 0, 0, 18, 8, 0, 9, 4, 4, 9, 0, 0, 17, 0
INVAR-1, Run: 086, P, 0, 0, 0, 9, 9, 0, 0, 1, 0, 0, 0, 18, 10, 0, 9, 4, 4, 9, 0, 0, 19, 0
INVAR-1, Run: 087, P, 0, 0, 0, 9, 9, 0, 0, 1, 0, 0, 0, 18, 7, 0, 9, 4, 4, 9, 0, 0, 16, 0
INVAR-1, Run: 088, P, 0, 0, 0, 9, 9, 0, 0, 1, 0, 0, 0, 18, 13, 0, 9, 3, 5, 9, 0, 0, 22, 0
INVAR-1, Run: 089, P, 0, 0, 0, 9, 9, 0, 0, 1, 0, 0, 0, 18, 13, 0, 9, 8, 0, 9, 0, 0, 22, 0
INVAR-1, Run: 090, P, 0, 0, 0, 9, 9, 0, 0, 1, 0, 0, 0, 18, 17, 0, 9, 5, 3, 9, 0, 0, 26, 0
INVAR-1, Run: 091, P, 0, 0, 0, 9, 9, 0, 0, 1, 0, 0, 0, 18, 9, 0, 9, 6, 2, 9, 0, 0, 18, 0
INVAR-1, Run: 092, P, 0, 0, 0, 9, 9, 0, 0, 1, 0, 0, 0, 18, 12, 0, 9, 4, 4, 9, 0, 0, 21, 0
INVAR-1, Run: 093, P, 0, 0, 0, 9, 9, 0, 0, 1, 0, 0, 0, 18, 13, 0, 9, 6, 2, 9, 0, 0, 22, 0
INVAR-1, Run: 094, P, 0, 0, 0, 9, 9, 0, 0, 1, 0, 0, 0, 18, 11, 0, 9, 7, 1, 9, 0, 0, 20, 0
INVAR-1, Run: 095, P, 0, 0, 0, 9, 9, 0, 0, 1, 0, 0, 0, 18, 17, 0, 9, 6, 2, 9, 0, 0, 26, 0
INVAR-1, Run: 096, P, 0, 0, 0, 9, 9, 0, 0, 1, 0, 0, 0, 18, 14, 0, 9, 5, 3, 9, 0, 0, 23, 0
INVAR-1, Run: 097, P, 0, 0, 0, 9, 9, 0, 0, 1, 0, 0, 0, 18, 16, 0, 9, 7, 1, 9, 0, 0, 25, 0
INVAR-1, Run: 098, P, 0, 0, 0, 9, 9, 0, 0, 1, 0, 0, 0, 18, 10, 0, 9, 4, 4, 9, 0, 0, 19, 0
INVAR-1, Run: 099, P, 0, 0, 0, 9, 9, 0, 0, 1, 0, 0, 0, 18, 22, 0, 9, 5, 3, 9, 0, 0, 31, 0
INVAR-1, Run: 100, P, 0, 0, 0, 9, 9, 0, 0, 1, 0, 0, 0, 18, 17, 0, 9, 7, 1, 9, 0, 0, 26, 0
INVAR-10, Run: 001, P, 0, 0, 0, 100, 100, 0, 0, 1, 0, 0, 0, 200, 560, 0, 100, 68, 31, 100, 0, 0, 660, 0
INVAR-10, Run: 002, P, 0, 0, 0, 100, 100, 0, 0, 1, 0, 0, 0, 200, 769, 0, 100, 64, 35, 100, 0, 0, 869, 0
INVAR-10, Run: 003, P, 0, 0, 0, 100, 100, 0, 0, 1, 0, 0, 0, 200, 764, 0, 100, 64, 35, 100, 0, 0, 864, 0
INVAR-10, Run: 004, P, 0, 0, 0, 100, 100, 0, 0, 1, 0, 0, 0, 200, 824, 0, 100, 65, 34, 100, 0, 0, 924, 0
INVAR-10, Run: 005, P, 0, 0, 0, 100, 100, 0, 0, 1, 0, 0, 0, 200, 748, 0, 100, 62, 37, 100, 0, 0, 848, 0
INVAR-10, Run: 006, P, 0, 0, 0, 100, 100, 0, 0, 1, 0, 0, 0, 200, 702, 0, 100, 67, 32, 100, 0, 0, 802, 0
INVAR-10, Run: 007, P, 0, 0, 0, 100, 100, 0, 0, 1, 0, 0, 0, 200, 821, 0, 100, 70, 29, 100, 0, 0, 921, 0
INVAR-10, Run: 008, P, 0, 0, 0, 100, 100, 0, 0, 1, 0, 0, 0, 200, 894, 0, 100, 60, 39, 100, 0, 0, 994, 0
INVAR-10, Run: 009, P, 0, 0, 0, 100, 100, 0, 0, 1, 0, 0, 0, 200, 1022, 0, 100, 62, 37, 100, 0, 0, 1122, 0
INVAR-10, Run: 010, P, 0, 0, 0, 100, 100, 0, 0, 1, 0, 0, 0, 200, 838, 0, 100, 65, 34, 100, 0, 0, 938, 0
INVAR-10, Run: 011, P, 0, 0, 0, 100, 100, 0, 0, 1, 0, 0, 0, 200, 795, 0, 100, 53, 46, 100, 0, 0, 895, 0
INVAR-10, Run: 012, P, 0, 0, 0, 100, 100, 0, 0, 1, 0, 0, 0, 200, 756, 0, 100, 64, 35, 100, 0, 0, 856, 0
INVAR-10, Run: 013, P, 0, 0, 0, 100, 100, 0, 0, 1, 0, 0, 0, 200, 841, 0, 100, 58, 41, 100, 0, 0, 941, 0
INVAR-10, Run: 014, P, 0, 0, 0, 100, 100, 0, 0, 1, 0, 0, 0, 200, 687, 0, 100, 66, 33, 100, 0, 0, 787, 0
INVAR-10, Run: 015, P, 0, 0, 0, 100, 100, 0, 0, 1, 0, 0, 0, 200, 709, 0, 100, 63, 36, 100, 0, 0, 809, 0
INVAR-10, Run: 016, P, 0, 0, 0, 100, 100, 0, 0, 1, 0, 0, 0, 200, 629, 0, 100, 66, 33, 100, 0, 0, 729, 0
INVAR-10, Run: 017, P, 0, 0, 0, 100, 100, 0, 0, 1, 0, 0, 0, 200, 876, 0, 100, 62, 37, 100, 0, 0, 976, 0
INVAR-10, Run: 018, P, 0, 0, 0, 100, 100, 0, 0, 1, 0, 0, 0, 200, 839, 0, 100, 55, 44, 100, 0, 0, 939, 0
INVAR-10, Run: 019, P, 0, 0, 0, 100, 100, 0, 0, 1, 0, 0, 0, 200, 867, 0, 100, 60, 39, 100, 0, 0, 967, 0
INVAR-10, Run: 020, P, 0, 0, 0, 100, 100, 0, 0, 1, 0, 0, 0, 200, 876, 0, 100, 70, 29, 100, 0, 0, 976, 0
INVAR-10, Run: 021, P, 0, 0, 0, 100, 100, 0, 0, 1, 0, 0, 0, 200, 764, 0, 100, 65, 34, 100, 0, 0, 864, 0
INVAR-10, Run: 022, P, 0, 0, 0, 100, 100, 0, 0, 1, 0, 0, 0, 200, 897, 0, 100, 59, 40, 100, 0, 0, 997, 0
INVAR-10, Run: 023, P, 0, 0, 0, 100, 100, 0, 0, 1, 0, 0, 0, 200, 844, 0, 100, 63, 36, 100, 0, 0, 944, 0
INVAR-10, Run: 024, P, 0, 0, 0, 100, 100, 0, 0, 1, 0, 0, 0, 200, 831, 0, 100, 63, 36, 100, 0, 0, 931, 0
INVAR-10, Run: 025, P, 0, 0, 0, 100, 100, 0, 0, 1, 0, 0, 0, 200, 890, 0, 100, 63, 36, 100, 0, 0, 990, 0
INVAR-10, Run: 026, P, 0, 0, 0, 100, 100, 0, 0, 1, 0, 0, 0, 200, 609, 0, 100, 64, 35, 100, 0, 0, 709, 0
INVAR-10, Run: 027, P, 0, 0, 0, 100, 100, 0, 0, 1, 0, 0, 0, 200, 758, 0, 100, 64, 35, 100, 0, 0, 858, 0
INVAR-10, Run: 028, P, 0, 0, 0, 100, 100, 0, 0, 1, 0, 0, 0, 200, 950, 0, 100, 60, 39, 100, 0, 0, 1050, 0
INVAR-10, Run: 029, P, 0, 0, 0, 100, 100, 0, 0, 1, 0, 0, 0, 200, 1048, 0, 100, 65, 34, 100, 0, 0, 1148, 0
INVAR-10, Run: 030, P, 0, 0, 0, 100, 100, 0, 0, 1, 0, 0, 0, 200, 928, 0, 100, 60, 39, 100, 0, 0, 1028, 0
INVAR-10, Run: 031, P, 0, 0, 0, 100, 100, 0, 0, 1, 0, 0, 0, 200, 686, 0, 100, 59, 40, 100, 0, 0, 786, 0
INVAR-10, Run: 032, P, 0, 0, 0, 100, 100, 0, 0, 1, 0, 0, 0, 200, 877, 0, 100, 60, 39, 100, 0, 0, 977, 0
INVAR-10, Run: 033, P, 0, 0, 0, 100, 100, 0, 0, 1, 0, 0, 0, 200, 840, 0, 100, 59, 40, 100, 0, 0, 940, 0
INVAR-10, Run: 034, P, 0, 0, 0, 100, 100, 0, 0, 1, 0, 0, 0, 200, 749, 0, 100, 70, 29, 100, 0, 0, 849, 0
INVAR-10, Run: 035, P, 0, 0, 0, 100, 100, 0, 0, 1, 0, 0, 0, 200, 757, 0, 100, 59, 40, 100, 0, 0, 857, 0
INVAR-10, Run: 036, P, 0, 0, 0, 100, 100, 0, 0, 1, 0, 0, 0, 200, 752, 0, 100, 67, 32, 100, 0, 0, 852, 0
INVAR-10, Run: 037, P, 0, 0, 0, 100, 100, 0, 0, 1, 0, 0, 0, 200, 610, 0, 100, 56, 43, 100, 0, 0, 710, 0
INVAR-10, Run: 038, P, 0, 0, 0, 100, 100, 0, 0, 1, 0, 0, 0, 200, 761, 0, 100, 56, 43, 100, 0, 0, 861, 0
INVAR-10, Run: 039, P, 0, 0, 0, 100, 100, 0, 0, 1, 0, 0, 0, 200, 756, 0, 100, 67, 32, 100, 0, 0, 856, 0
INVAR-10, Run: 040, P, 0, 0, 0, 100, 100, 0, 0, 1, 0, 0, 0, 200, 774, 0, 100, 60, 39, 100, 0, 0, 874, 0
INVAR-10, Run: 041, P, 0, 0, 0, 100, 100, 0, 0, 1, 0, 0, 0, 200, 810, 0, 100, 61, 38, 100, 0, 0, 910, 0
INVAR-10, Run: 042, P, 0, 0, 0, 100, 100, 0, 0, 1, 0, 0, 0, 200, 741, 0, 100, 71, 28, 100, 0, 0, 841, 0
INVAR-10, Run: 043, P, 0, 0, 0, 100, 100, 0, 0, 1, 0, 0, 0, 200, 763, 0, 100, 58, 41, 100, 0, 0, 863, 0
INVAR-10, Run: 044, P, 0, 0, 0, 100, 100, 0, 0, 1, 0, 0, 0, 200, 585, 0, 100, 62, 37, 100, 0, 0, 685, 0
INVAR-10, Run: 045, P, 0, 0, 0, 100, 100, 0, 0, 1, 0, 0, 0, 200, 643, 0, 100, 53, 46, 100, 0, 0, 743, 0
INVAR-10, Run: 046, P, 0, 0, 0, 100, 100, 0, 0, 1, 0, 0, 0, 200, 767, 0, 100, 56, 43, 100, 0, 0, 867, 0
INVAR-10, Run: 047, P, 0, 0, 0, 100, 100, 0, 0, 1, 0, 0, 0, 200, 735, 0, 100, 70, 29, 100, 0, 0, 835, 0
INVAR-10, Run: 048, P, 0, 0, 0, 100, 100, 0, 0, 1, 0, 0, 0, 200, 812, 0, 100, 60, 39, 100, 0, 0, 912, 0
INVAR-10, Run: 049, P, 0, 0, 0, 100, 100, 0, 0, 1, 0, 0, 0, 200, 919, 0, 100, 70, 29, 100, 0, 0, 1019, 0
INVAR-10, Run: 050, P, 0, 0, 0, 100, 100, 0, 0, 1, 0, 0, 0, 200, 695, 0, 100, 58, 41, 100, 0, 0, 795, 0
INVAR-10, Run: 051, P, 0, 0, 0, 100, 100, 0, 0, 1, 0, 0, 0, 200, 671, 0, 100, 67, 32, 100, 0, 0, 771, 0
INVAR-10, Run: 052, P, 0, 0, 0, 100, 100, 0, 0, 1, 0, 0, 0, 200, 1007, 0, 100, 66, 33, 100, 0, 0, 1107, 0
INVAR-10, Run: 053, P, 0, 0, 0, 100, 100, 0, 0, 1, 0, 0, 0, 200, 821, 0, 100, 55, 44, 100, 0, 0, 921, 0
INVAR-10, Run: 054, P, 0, 0, 0, 100, 100, 0, 0, 1, 0, 0, 0, 200, 836, 0, 100, 61, 38, 100, 0, 0, 936, 0
INVAR-10, Run: 055, P, 0, 0, 0, 100, 100, 0, 0, 1, 0, 0, 0, 200, 674, 0, 100, 56, 43, 100, 0, 0, 774, 0
INVAR-10, Run: 056, P, 0, 0, 0, 100, 100, 0, 0, 1, 0, 0, 0, 200, 871, 0, 100, 59, 40, 100, 0, 0, 971, 0
INVAR-10, Run: 057, P, 0, 0, 0, 100, 100, 0, 0, 1, 0, 0, 0, 200, 836, 0, 100, 61, 38, 100, 0, 0, 936, 0
INVAR-10, Run: 058, P, 0, 0, 0, 100, 100, 0, 0, 1, 0, 0, 0, 200, 667, 0, 100, 61, 38, 100, 0, 0, 767, 0
INVAR-10, Run: 059, P, 0, 0, 0, 100, 100, 0, 0, 1, 0, 0, 0, 200, 616, 0, 100, 64, 35, 100, 0, 0, 716, 0
INVAR-10, Run: 060, P, 0, 0, 0, 100, 100, 0, 0, 1, 0, 0, 0, 200, 702, 0, 100, 72, 27, 100, 0, 0, 802, 0
INVAR-10, Run: 061, P, 0, 0, 0, 100, 100, 0, 0, 1, 0, 0, 0, 200, 820, 0, 100, 58, 41, 100, 0, 0, 920, 0
INVAR-10, Run: 062, P, 0, 0, 0, 100, 100, 0, 0, 1, 0, 0, 0, 200, 836, 0, 100, 64, 35, 100, 0, 0, 936, 0
INVAR-10, Run: 063, P, 0, 0, 0, 100, 100, 0, 0, 1, 0, 0, 0, 200, 853, 0, 100, 63, 36, 100, 0, 0, 953, 0
INVAR-10, Run: 064, P, 0, 0, 0, 100, 100, 0, 0, 1, 0, 0, 0, 200, 701, 0, 100, 72, 27, 100, 0, 0, 801, 0
INVAR-10, Run: 065, P, 0, 0, 0, 100, 100, 0, 0, 1, 0, 0, 0, 200, 800, 0, 100, 64, 35, 100, 0, 0, 900, 0
INVAR-10, Run: 066, P, 0, 0, 0, 100, 100, 0, 0, 1, 0, 0, 0, 200, 880, 0, 100, 62, 37, 100, 0, 0, 980, 0
INVAR-10, Run: 067, P, 0, 0, 0, 100, 100, 0, 0, 1, 0, 0, 0, 200, 955, 0, 100, 67, 32, 100, 0, 0, 1055, 0
INVAR-10, Run: 068, P, 0, 0, 0, 100, 100, 0, 0, 1, 0, 0, 0, 200, 805, 0, 100, 68, 31, 100, 0, 0, 905, 0
INVAR-10, Run: 069, P, 0, 0, 0, 100, 100, 0, 0, 1, 0, 0, 0, 200, 920, 0, 100, 69, 30, 100, 0, 0, 1020, 0
INVAR-10, Run: 070, P, 0, 0, 0, 100, 100, 0, 0, 1, 0, 0, 0, 200, 846, 0, 100, 63, 36, 100, 0, 0, 946, 0
INVAR-10, Run: 071, P, 0, 0, 0, 100, 100, 0, 0, 1, 0, 0, 0, 200, 808, 0, 100, 60, 39, 100, 0, 0, 908, 0
INVAR-10, Run: 072, P, 0, 0, 0, 100, 100, 0, 0, 1, 0, 0, 0, 200, 830, 0, 100, 63, 36, 100, 0, 0, 930, 0
INVAR-10, Run: 073, P, 0, 0, 0, 100, 100, 0, 0, 1, 0, 0, 0, 200, 728, 0, 100, 61, 38, 100, 0, 0, 828, 0
INVAR-10, Run: 074, P, 0, 0, 0, 100, 100, 0, 0, 1, 0, 0, 0, 200, 795, 0, 100, 65, 34, 100, 0, 0, 895, 0
INVAR-10, Run: 075, P, 0, 0, 0, 100, 100, 0, 0, 1, 0, 0, 0, 200, 791, 0, 100, 67, 32, 100, 0, 0, 891, 0
INVAR-10, Run: 076, P, 0, 0, 0, 100, 100, 0, 0, 1, 0, 0, 0, 200, 907, 0, 100, 63, 36, 100, 0, 0, 1007, 0
INVAR-10, Run: 077, P, 0, 0, 0, 100, 100, 0, 0, 1, 0, 0, 0, 200, 751, 0, 100, 63, 36, 100, 0, 0, 851, 0
INVAR-10, Run: 078, P, 0, 0, 0, 100, 100, 0, 0, 1, 0, 0, 0, 200, 770, 0, 100, 60, 39, 100, 0, 0, 870, 0
INVAR-10, Run: 079, P, 0, 0, 0, 100, 100, 0, 0, 1, 0, 0, 0, 200, 864, 0, 100, 58, 41, 100, 0, 0, 964, 0
INVAR-10, Run: 080, P, 0, 0, 0, 100, 100, 0, 0, 1, 0, 0, 0, 200, 726, 0, 100, 61, 38, 100, 0, 0, 826, 0
INVAR-10, Run: 081, P, 0, 0, 0, 100, 100, 0, 0, 1, 0, 0, 0, 200, 596, 0, 100, 73, 26, 100, 0, 0, 696, 0
INVAR-10, Run: 082, P, 0, 0, 0, 100, 100, 0, 0, 1, 0, 0, 0, 200, 801, 0, 100, 69, 30, 100, 0, 0, 901, 0
INVAR-10, Run: 083, P, 0, 0, 0, 100, 100, 0, 0, 1, 0, 0, 0, 200, 1076, 0, 100, 58, 41, 100, 0, 0, 1176, 0
INVAR-10, Run: 084, P, 0, 0, 0, 100, 100, 0, 0, 1, 0, 0, 0, 200, 855, 0, 100, 63, 36, 100, 0, 0, 955, 0
INVAR-10, Run: 085, P, 0, 0, 0, 100, 100, 0, 0, 1, 0, 0, 0, 200, 800, 0, 100, 58, 41, 100, 0, 0, 900, 0
INVAR-10, Run: 086, P, 0, 0, 0, 100, 100, 0, 0, 1, 0, 0, 0, 200, 853, 0, 100, 66, 33, 100, 0, 0, 953, 0
INVAR-10, Run: 087, P, 0, 0, 0, 100, 100, 0, 0, 1, 0, 0, 0, 200, 886, 0, 100, 62, 37, 100, 0, 0, 986, 0
INVAR-10, Run: 088, P, 0, 0, 0, 100, 100, 0, 0, 1, 0, 0, 0, 200, 929, 0, 100, 46, 53, 100, 0, 0, 1029, 0
INVAR-10, Run: 089, P, 0, 0, 0, 100, 100, 0, 0, 1, 0, 0, 0, 200, 813, 0, 100, 67, 32, 100, 0, 0, 913, 0
INVAR-10, Run: 090, P, 0, 0, 0, 100, 100, 0, 0, 1, 0, 0, 0, 200, 857, 0, 100, 57, 42, 100, 0, 0, 957, 0
INVAR-10, Run: 091, P, 0, 0, 0, 100, 100, 0, 0, 1, 0, 0, 0, 200, 1021, 0, 100, 58, 41, 100, 0, 0, 1121, 0
INVAR-10, Run: 092, P, 0, 0, 0, 100, 100, 0, 0, 1, 0, 0, 0, 200, 861, 0, 100, 55, 44, 100, 0, 0, 961, 0
INVAR-10, Run: 093, P, 0, 0, 0, 100, 100, 0, 0, 1, 0, 0, 0, 200, 663, 0, 100, 75, 24, 100, 0, 0, 763, 0
INVAR-10, Run: 094, P, 0, 0, 0, 100, 100, 0, 0, 1, 0, 0, 0, 200, 841, 0, 100, 68, 31, 100, 0, 0, 941, 0
INVAR-10, Run: 095, P, 0, 0, 0, 100, 100, 0, 0, 1, 0, 0, 0, 200, 953, 0, 100, 59, 40, 100, 0, 0, 1053, 0
INVAR-10, Run: 096, P, 0, 0, 0, 100, 100, 0, 0, 1, 0, 0, 0, 200, 747, 0, 100, 66, 33, 100, 0, 0, 847, 0
INVAR-10, Run: 097, P, 0, 0, 0, 100, 100, 0, 0, 1, 0, 0, 0, 200, 544, 0, 100, 60, 39, 100, 0, 0, 644, 0
INVAR-10, Run: 098, P, 0, 0, 0, 100, 100, 0, 0, 1, 0, 0, 0, 200, 783, 0, 100, 60, 39, 100, 0, 0, 883, 0
INVAR-10, Run: 099, P, 0, 0, 0, 100, 100, 0, 0, 1, 0, 0, 0, 200, 820, 0, 100, 63, 36, 100, 0, 0, 920, 0
INVAR-10, Run: 100, P, 0, 0, 0, 100, 100, 0, 0, 1, 0, 0, 0, 200, 896, 0, 100, 59, 40, 100, 0, 0, 996, 0
INVAR-2, Run: 001, P, 0, 0, 0, 28, 28, 0, 0, 1, 0, 0, 0, 56, 93, 0, 28, 20, 7, 28, 0, 0, 121, 0
INVAR-2, Run: 002, P, 0, 0, 0, 28, 28, 0, 0, 1, 0, 0, 0, 56, 114, 0, 28, 20, 7, 28, 0, 0, 142, 0
INVAR-2, Run: 003, P, 0, 0, 0, 28, 28, 0, 0, 1, 0, 0, 0, 56, 117, 0, 28, 17, 10, 28, 0, 0, 145, 0
INVAR-2, Run: 004, P, 0, 0, 0, 28, 28, 0, 0, 1, 0, 0, 0, 56, 78, 0, 28, 16, 11, 28, 0, 0, 106, 0
INVAR-2, Run: 005, P, 0, 0, 0, 28, 28, 0, 0, 1, 0, 0, 0, 56, 110, 0, 28, 19, 8, 28, 0, 0, 138, 0
INVAR-2, Run: 006, P, 0, 0, 0, 28, 28, 0, 0, 1, 0, 0, 0, 56, 56, 0, 28, 24, 3, 28, 0, 0, 84, 0
INVAR-2, Run: 007, P, 0, 0, 0, 28, 28, 0, 0, 1, 0, 0, 0, 56, 81, 0, 28, 19, 8, 28, 0, 0, 109, 0
INVAR-2, Run: 008, P, 0, 0, 0, 28, 28, 0, 0, 1, 0, 0, 0, 56, 143, 0, 28, 20, 7, 28, 0, 0, 171, 0
INVAR-2, Run: 009, P, 0, 0, 0, 28, 28, 0, 0, 1, 0, 0, 0, 56, 101, 0, 28, 18, 9, 28, 0, 0, 129, 0
INVAR-2, Run: 010, P, 0, 0, 0, 28, 28, 0, 0, 1, 0, 0, 0, 56, 100, 0, 28, 15, 12, 28, 0, 0, 128, 0
INVAR-2, Run: 011, P, 0, 0, 0, 28, 28, 0, 0, 1, 0, 0, 0, 56, 83, 0, 28, 20, 7, 28, 0, 0, 111, 0
INVAR-2, Run: 012, P, 0, 0, 0, 28, 28, 0, 0, 1, 0, 0, 0, 56, 102, 0, 28, 20, 7, 28, 0, 0, 130, 0
INVAR-2, Run: 013, P, 0, 0, 0, 28, 28, 0, 0, 1, 0, 0, 0, 56, 117, 0, 28, 11, 16, 28, 0, 0, 145, 0
INVAR-2, Run: 014, P, 0, 0, 0, 28, 28, 0, 0, 1, 0, 0, 0, 56, 57, 0, 28, 18, 9, 28, 0, 0, 85, 0
INVAR-2, Run: 015, P, 0, 0, 0, 28, 28, 0, 0, 1, 0, 0, 0, 56, 84, 0, 28, 21, 6, 28, 0, 0, 112, 0
INVAR-2, Run: 016, P, 0, 0, 0, 28, 28, 0, 0, 1, 0, 0, 0, 56, 84, 0, 28, 22, 5, 28, 0, 0, 112, 0
INVAR-2, Run: 017, P, 0, 0, 0, 28, 28, 0, 0, 1, 0, 0, 0, 56, 74, 0, 28, 21, 6, 28, 0, 0, 102, 0
INVAR-2, Run: 018, P, 0, 0, 0, 28, 28, 0, 0, 1, 0, 0, 0, 56, 68, 0, 28, 22, 5, 28, 0, 0, 96, 0
INVAR-2, Run: 019, P, 0, 0, 0, 28, 28, 0, 0, 1, 0, 0, 0, 56, 80, 0, 28, 14, 13, 28, 0, 0, 108, 0
INVAR-2, Run: 020, P, 0, 0, 0, 28, 28, 0, 0, 1, 0, 0, 0, 56, 114, 0, 28, 22, 5, 28, 0, 0, 142, 0
INVAR-2, Run: 021, P, 0, 0, 0, 28, 28, 0, 0, 1, 0, 0, 0, 56, 166, 0, 28, 16, 11, 28, 0, 0, 194, 0
INVAR-2, Run: 022, P, 0, 0, 0, 28, 28, 0, 0, 1, 0, 0, 0, 56, 126, 0, 28, 19, 8, 28, 0, 0, 154, 0
INVAR-2, Run: 023, P, 0, 0, 0, 28, 28, 0, 0, 1, 0, 0, 0, 56, 142, 0, 28, 14, 13, 28, 0, 0, 170, 0
INVAR-2, Run: 024, P, 0, 0, 0, 28, 28, 0, 0, 1, 0, 0, 0, 56, 105, 0, 28, 15, 12, 28, 0, 0, 133, 0
INVAR-2, Run: 025, P, 0, 0, 0, 28, 28, 0, 0, 1, 0, 0, 0, 56, 133, 0, 28, 19, 8, 28, 0, 0, 161, 0
INVAR-2, Run: 026, P, 0, 0, 0, 28, 28, 0, 0, 1, 0, 0, 0, 56, 124, 0, 28, 16, 11, 28, 0, 0, 152, 0
INVAR-2, Run: 027, P, 0, 0, 0, 28, 28, 0, 0, 1, 0, 0, 0, 56, 69, 0, 28, 18, 9, 28, 0, 0, 97, 0
INVAR-2, Run: 028, P, 0, 0, 0, 28, 28, 0, 0, 1, 0, 0, 0, 56, 99, 0, 28, 17, 10, 28, 0, 0, 127, 0
INVAR-2, Run: 029, P, 0, 0, 0, 28, 28, 0, 0, 1, 0, 0, 0, 56, 91, 0, 28, 12, 15, 28, 0, 0, 119, 0
INVAR-2, Run: 030, P, 0, 0, 0, 28, 28, 0, 0, 1, 0, 0, 0, 56, 90, 0, 28, 19, 8, 28, 0, 0, 118, 0
INVAR-2, Run: 031, P, 0, 0, 0, 28, 28, 0, 0, 1, 0, 0, 0, 56, 71, 0, 28, 22, 5, 28, 0, 0, 99, 0
INVAR-2, Run: 032, P, 0, 0, 0, 28, 28, 0, 0, 1, 0, 0, 0, 56, 149, 0, 28, 17, 10, 28, 0, 0, 177, 0
INVAR-2, Run: 033, P, 0, 0, 0, 28, 28, 0, 0, 1, 0, 0, 0, 56, 86, 0, 28, 16, 11, 28, 0, 0, 114, 0
INVAR-2, Run: 034, P, 0, 0, 0, 28, 28, 0, 0, 1, 0, 0, 0, 56, 133, 0, 28, 18, 9, 28, 0, 0, 161, 0
INVAR-2, Run: 035, P, 0, 0, 0, 28, 28, 0, 0, 1, 0, 0, 0, 56, 107, 0, 28, 20, 7, 28, 0, 0, 135, 0
INVAR-2, Run: 036, P, 0, 0, 0, 28, 28, 0, 0, 1, 0, 0, 0, 56, 89, 0, 28, 19, 8, 28, 0, 0, 117, 0
INVAR-2, Run: 037, P, 0, 0, 0, 28, 28, 0, 0, 1, 0, 0, 0, 56, 116, 0, 28, 19, 8, 28, 0, 0, 144, 0
INVAR-2, Run: 038, P, 0, 0, 0, 28, 28, 0, 0, 1, 0, 0, 0, 56, 79, 0, 28, 19, 8, 28, 0, 0, 107, 0
INVAR-2, Run: 039, P, 0, 0, 0, 28, 28, 0, 0, 1, 0, 0, 0, 56, 108, 0, 28, 11, 16, 28, 0, 0, 136, 0
INVAR-2, Run: 040, P, 0, 0, 0, 28, 28, 0, 0, 1, 0, 0, 0, 56, 112, 0, 28, 19, 8, 28, 0, 0, 140, 0
INVAR-2, Run: 041, P, 0, 0, 0, 28, 28, 0, 0, 1, 0, 0, 0, 56, 134, 0, 28, 13, 14, 28, 0, 0, 162, 0
INVAR-2, Run: 042, P, 0, 0, 0, 28, 28, 0, 0, 1, 0, 0, 0, 56, 95, 0, 28, 17, 10, 28, 0, 0, 123, 0
INVAR-2, Run: 043, P, 0, 0, 0, 28, 28, 0, 0, 1, 0, 0, 0, 56, 84, 0, 28, 19, 8, 28, 0, 0, 112, 0
INVAR-2, Run: 044, P, 0, 0, 0, 28, 28, 0, 0, 1, 0, 0, 0, 56, 80, 0, 28, 16, 11, 28, 0, 0, 108, 0
INVAR-2, Run: 045, P, 0, 0, 0, 28, 28, 0, 0, 1, 0, 0, 0, 56, 119, 0, 28, 11, 16, 28, 0, 0, 147, 0
INVAR-2, Run: 046, P, 0, 0, 0, 28, 28, 0, 0, 1, 0, 0, 0, 56, 88, 0, 28, 18, 9, 28, 0, 0, 116, 0
INVAR-2, Run: 047, P, 0, 0, 0, 28, 28, 0, 0, 1, 0, 0, 0, 56, 90, 0, 28, 15, 12, 28, 0, 0, 118, 0
INVAR-2, Run: 048, P, 0, 0, 0, 28, 28, 0, 0, 1, 0, 0, 0, 56, 87, 0, 28, 18, 9, 28, 0, 0, 115, 0
INVAR-2, Run: 049, P, 0, 0, 0, 28, 28, 0, 0, 1, 0, 0, 0, 56, 55, 0, 28, 12, 15, 28, 0, 0, 83, 0
INVAR-2, Run: 050, P, 0, 0, 0, 28, 28, 0, 0, 1, 0, 0, 0, 56, 99, 0, 28, 13, 14, 28, 0, 0, 127, 0
INVAR-2, Run: 051, P, 0, 0, 0, 28, 28, 0, 0, 1, 0, 0, 0, 56, 97, 0, 28, 18, 9, 28, 0, 0, 125, 0
INVAR-2, Run: 052, P, 0, 0, 0, 28, 28, 0, 0, 1, 0, 0, 0, 56, 81, 0, 28, 20, 7, 28, 0, 0, 109, 0
INVAR-2, Run: 053, P, 0, 0, 0, 28, 28, 0, 0, 1, 0, 0, 0, 56, 107, 0, 28, 15, 12, 28, 0, 0, 135, 0
INVAR-2, Run: 054, P, 0, 0, 0, 28, 28, 0, 0, 1, 0, 0, 0, 56, 71, 0, 28, 19, 8, 28, 0, 0, 99, 0
INVAR-2, Run: 055, P, 0, 0, 0, 28, 28, 0, 0, 1, 0, 0, 0, 56, 92, 0, 28, 16, 11, 28, 0, 0, 120, 0
INVAR-2, Run: 056, P, 0, 0, 0, 28, 28, 0, 0, 1, 0, 0, 0, 56, 94, 0, 28, 18, 9, 28, 0, 0, 122, 0
INVAR-2, Run: 057, P, 0, 0, 0, 28, 28, 0, 0, 1, 0, 0, 0, 56, 136, 0, 28, 19, 8, 28, 0, 0, 164, 0
INVAR-2, Run: 058, P, 0, 0, 0, 28, 28, 0, 0, 1, 0, 0, 0, 56, 98, 0, 28, 14, 13, 28, 0, 0, 126, 0
INVAR-2, Run: 059, P, 0, 0, 0, 28, 28, 0, 0, 1, 0, 0, 0, 56, 95, 0, 28, 15, 12, 28, 0, 0, 123, 0
INVAR-2, Run: 060, P, 0, 0, 0, 28, 28, 0, 0, 1, 0, 0, 0, 56, 108, 0, 28, 16, 11, 28, 0, 0, 136, 0
INVAR-2, Run: 061, P, 0, 0, 0, 28, 28, 0, 0, 1, 0, 0, 0, 56, 128, 0, 28, 16, 11, 28, 0, 0, 156, 0
INVAR-2, Run: 062, P, 0, 0, 0, 28, 28, 0, 0, 1, 0, 0, 0, 56, 76, 0, 28, 16, 11, 28, 0, 0, 104, 0
INVAR-2, Run: 063, P, 0, 0, 0, 28, 28, 0, 0, 1, 0, 0, 0, 56, 127, 0, 28, 23, 4, 28, 0, 0, 155, 0
INVAR-2, Run: 064, P, 0, 0, 0, 28, 28, 0, 0, 1, 0, 0, 0, 56, 124, 0, 28, 17, 10, 28, 0, 0, 152, 0
INVAR-2, Run: 065, P, 0, 0, 0, 28, 28, 0, 0, 1, 0, 0, 0, 56, 78, 0, 28, 18, 9, 28, 0, 0, 106, 0
INVAR-2, Run: 066, P, 0, 0, 0, 28, 28, 0, 0, 1, 0, 0, 0, 56, 69, 0, 28, 21, 6, 28, 0, 0, 97, 0
INVAR-2, Run: 067, P, 0, 0, 0, 28, 28, 0, 0, 1, 0, 0, 0, 56, 115, 0, 28, 15, 12, 28, 0, 0, 143, 0
INVAR-2, Run: 068, P, 0, 0, 0, 28, 28, 0, 0, 1, 0, 0, 0, 56, 89, 0, 28, 17, 10, 28, 0, 0, 117, 0
INVAR-2, Run: 069, P, 0, 0, 0, 28, 28, 0, 0, 1, 0, 0, 0, 56, 147, 0, 28, 18, 9, 28, 0, 0, 175, 0
INVAR-2, Run: 070, P, 0, 0, 0, 28, 28, 0, 0, 1, 0, 0, 0, 56, 59, 0, 28, 19, 8, 28, 0, 0, 87, 0
INVAR-2, Run: 071, P, 0, 0, 0, 28, 28, 0, 0, 1, 0, 0, 0, 56, 113, 0, 28, 16, 11, 28, 0, 0, 141, 0
INVAR-2, Run: 072, P, 0, 0, 0, 28, 28, 0, 0, 1, 0, 0, 0, 56, 76, 0, 28, 20, 7, 28, 0, 0, 104, 0
INVAR-2, Run: 073, P, 0, 0, 0, 28, 28, 0, 0, 1, 0, 0, 0, 56, 79, 0, 28, 22, 5, 28, 0, 0, 107, 0
INVAR-2, Run: 074, P, 0, 0, 0, 28, 28, 0, 0, 1, 0, 0, 0, 56, 92, 0, 28, 18, 9, 28, 0, 0, 120, 0
INVAR-2, Run: 075, P, 0, 0, 0, 28, 28, 0, 0, 1, 0, 0, 0, 56, 111, 0, 28, 16, 11, 28, 0, 0, 139, 0
INVAR-2, Run: 076, P, 0, 0, 0, 28, 28, 0, 0, 1, 0, 0, 0, 56, 142, 0, 28, 21, 6, 28, 0, 0, 170, 0
INVAR-2, Run: 077, P, 0, 0, 0, 28, 28, 0, 0, 1, 0, 0, 0, 56, 105, 0, 28, 14, 13, 28, 0, 0, 133, 0
INVAR-2, Run: 078, P, 0, 0, 0, 28, 28, 0, 0, 1, 0, 0, 0, 56, 100, 0, 28, 20, 7, 28, 0, 0, 128, 0
INVAR-2, Run: 079, P, 0, 0, 0, 28, 28, 0, 0, 1, 0, 0, 0, 56, 85, 0, 28, 15, 12, 28, 0, 0, 113, 0
INVAR-2, Run: 080, P, 0, 0, 0, 28, 28, 0, 0, 1, 0, 0, 0, 56, 128, 0, 28, 18, 9, 28, 0, 0, 156, 0
INVAR-2, Run: 081, P, 0, 0, 0, 28, 28, 0, 0, 1, 0, 0, 0, 56, 90, 0, 28, 12, 15, 28, 0, 0, 118, 0
INVAR-2, Run: 082, P, 0, 0, 0, 28, 28, 0, 0, 1, 0, 0, 0, 56, 107, 0, 28, 18, 9, 28, 0, 0, 135, 0
INVAR-2, Run: 083, P, 0, 0, 0, 28, 28, 0, 0, 1, 0, 0, 0, 56, 132, 0, 28, 19, 8, 28, 0, 0, 160, 0
INVAR-2, Run: 084, P, 0, 0, 0, 28, 28, 0, 0, 1, 0, 0, 0, 56, 90, 0, 28, 16, 11, 28, 0, 0, 118, 0
INVAR-2, Run: 085, P, 0, 0, 0, 28, 28, 0, 0, 1, 0, 0, 0, 56, 110, 0, 28, 16, 11, 28, 0, 0, 138, 0
INVAR-2, Run: 086, P, 0, 0, 0, 28, 28, 0, 0, 1, 0, 0, 0, 56, 129, 0, 28, 18, 9, 28, 0, 0, 157, 0
INVAR-2, Run: 087, P, 0, 0, 0, 28, 28, 0, 0, 1, 0, 0, 0, 56, 95, 0, 28, 14, 13, 28, 0, 0, 123, 0
INVAR-2, Run: 088, P, 0, 0, 0, 28, 28, 0, 0, 1, 0, 0, 0, 56, 119, 0, 28, 13, 14, 28, 0, 0, 147, 0
INVAR-2, Run: 089, P, 0, 0, 0, 28, 28, 0, 0, 1, 0, 0, 0, 56, 74, 0, 28, 24, 3, 28, 0, 0, 102, 0
INVAR-2, Run: 090, P, 0, 0, 0, 28, 28, 0, 0, 1, 0, 0, 0, 56, 98, 0, 28, 19, 8, 28, 0, 0, 126, 0
INVAR-2, Run: 091, P, 0, 0, 0, 28, 28, 0, 0, 1, 0, 0, 0, 56, 122, 0, 28, 18, 9, 28, 0, 0, 150, 0
INVAR-2, Run: 092, P, 0, 0, 0, 28, 28, 0, 0, 1, 0, 0, 0, 56, 77, 0, 28, 18, 9, 28, 0, 0, 105, 0
INVAR-2, Run: 093, P, 0, 0, 0, 28, 28, 0, 0, 1, 0, 0, 0, 56, 77, 0, 28, 19, 8, 28, 0, 0, 105, 0
INVAR-2, Run: 094, P, 0, 0, 0, 28, 28, 0, 0, 1, 0, 0, 0, 56, 124, 0, 28, 20, 7, 28, 0, 0, 152, 0
INVAR-2, Run: 095, P, 0, 0, 0, 28, 28, 0, 0, 1, 0, 0, 0, 56, 101, 0, 28, 18, 9, 28, 0, 0, 129, 0
INVAR-2, Run: 096, P, 0, 0, 0, 28, 28, 0, 0, 1, 0, 0, 0, 56, 140, 0, 28, 14, 13, 28, 0, 0, 168, 0
INVAR-2, Run: 097, P, 0, 0, 0, 28, 28, 0, 0, 1, 0, 0, 0, 56, 121, 0, 28, 16, 11, 28, 0, 0, 149, 0
INVAR-2, Run: 098, P, 0, 0, 0, 28, 28, 0, 0, 1, 0, 0, 0, 56, 114, 0, 28, 20, 7, 28, 0, 0, 142, 0
INVAR-2, Run: 099, P, 0, 0, 0, 28, 28, 0, 0, 1, 0, 0, 0, 56, 82, 0, 28, 12, 15, 28, 0, 0, 110, 0
INVAR-2, Run: 100, P, 0, 0, 0, 28, 28, 0, 0, 1, 0, 0, 0, 56, 95, 0, 28, 18, 9, 28, 0, 0, 123, 0
INVAR-3, Run: 001, P, 0, 0, 0, 82, 82, 0, 0, 1, 0, 0, 0, 164, 537, 0, 82, 47, 34, 82, 0, 0, 619, 0
INVAR-3, Run: 002, P, 0, 0, 0, 82, 82, 0, 0, 1, 0, 0, 0, 164, 525, 0, 82, 50, 31, 82, 0, 0, 607, 0
INVAR-3, Run: 003, P, 0, 0, 0, 82, 82, 0, 0, 1, 0, 0, 0, 164, 689, 0, 82, 54, 27, 82, 0, 0, 771, 0
INVAR-3, Run: 004, P, 0, 0, 0, 82, 82, 0, 0, 1, 0, 0, 0, 164, 543, 0, 82, 47, 34, 82, 0, 0, 625, 0
INVAR-3, Run: 005, P, 0, 0, 0, 82, 82, 0, 0, 1, 0, 0, 0, 164, 663, 0, 82, 52, 29, 82, 0, 0, 745, 0
INVAR-3, Run: 006, P, 0, 0, 0, 82, 82, 0, 0, 1, 0, 0, 0, 164, 548, 0, 82, 53, 28, 82, 0, 0, 630, 0
INVAR-3, Run: 007, P, 0, 0, 0, 82, 82, 0, 0, 1, 0, 0, 0, 164, 575, 0, 82, 46, 35, 82, 0, 0, 657, 0
INVAR-3, Run: 008, P, 0, 0, 0, 82, 82, 0, 0, 1, 0, 0, 0, 164, 598, 0, 82, 60, 21, 82, 0, 0, 680, 0
INVAR-3, Run: 009, P, 0, 0, 0, 82, 82, 0, 0, 1, 0, 0, 0, 164, 819, 0, 82, 59, 22, 82, 0, 0, 901, 0
INVAR-3, Run: 010, P, 0, 0, 0, 82, 82, 0, 0, 1, 0, 0, 0, 164, 688, 0, 82, 56, 25, 82, 0, 0, 770, 0
INVAR-3, Run: 011, P, 0, 0, 0, 82, 82, 0, 0, 1, 0, 0, 0, 164, 696, 0, 82, 51, 30, 82, 0, 0, 778, 0
INVAR-3, Run: 012, P, 0, 0, 0, 82, 82, 0, 0, 1, 0, 0, 0, 164, 608, 0, 82, 50, 31, 82, 0, 0, 690, 0
INVAR-3, Run: 013, P, 0, 0, 0, 82, 82, 0, 0, 1, 0, 0, 0, 164, 622, 0, 82, 47, 34, 82, 0, 0, 704, 0
INVAR-3, Run: 014, P, 0, 0, 0, 82, 82, 0, 0, 1, 0, 0, 0, 164, 538, 0, 82, 45, 36, 82, 0, 0, 620, 0
INVAR-3, Run: 015, P, 0, 0, 0, 82, 82, 0, 0, 1, 0, 0, 0, 164, 486, 0, 82, 47, 34, 82, 0, 0, 568, 0
INVAR-3, Run: 016, P, 0, 0, 0, 82, 82, 0, 0, 1, 0, 0, 0, 164, 575, 0, 82, 50, 31, 82, 0, 0, 657, 0
INVAR-3, Run: 017, P, 0, 0, 0, 82, 82, 0, 0, 1, 0, 0, 0, 164, 704, 0, 82, 47, 34, 82, 0, 0, 786, 0
INVAR-3, Run: 018, P, 0, 0, 0, 82, 82, 0, 0, 1, 0, 0, 0, 164, 587, 0, 82, 53, 28, 82, 0, 0, 669, 0
INVAR-3, Run: 019, P, 0, 0, 0, 82, 82, 0, 0, 1, 0, 0, 0, 164, 389, 0, 82, 43, 38, 82, 0, 0, 471, 0
INVAR-3, Run: 020, P, 0, 0, 0, 82, 82, 0, 0, 1, 0, 0, 0, 164, 566, 0, 82, 49, 32, 82, 0, 0, 648, 0
INVAR-3, Run: 021, P, 0, 0, 0, 82, 82, 0, 0, 1, 0, 0, 0, 164, 609, 0, 82, 52, 29, 82, 0, 0, 691, 0
INVAR-3, Run: 022, P, 0, 0, 0, 82, 82, 0, 0, 1, 0, 0, 0, 164, 544, 0, 82, 43, 38, 82, 0, 0, 626, 0
INVAR-3, Run: 023, P, 0, 0, 0, 82, 82, 0, 0, 1, 0, 0, 0, 164, 374, 0, 82, 53, 28, 82, 0, 0, 456, 0
INVAR-3, Run: 024, P, 0, 0, 0, 82, 82, 0, 0, 1, 0, 0, 0, 164, 577, 0, 82, 46, 35, 82, 0, 0, 659, 0
INVAR-3, Run: 025, P, 0, 0, 0, 82, 82, 0, 0, 1, 0, 0, 0, 164, 584, 0, 82, 54, 27, 82, 0, 0, 666, 0
INVAR-3, Run: 026, P, 0, 0, 0, 82, 82, 0, 0, 1, 0, 0, 0, 164, 648, 0, 82, 42, 39, 82, 0, 0, 730, 0
INVAR-3, Run: 027, P, 0, 0, 0, 82, 82, 0, 0, 1, 0, 0, 0, 164, 605, 0, 82, 52, 29, 82, 0, 0, 687, 0
INVAR-3, Run: 028, P, 0, 0, 0, 82, 82, 0, 0, 1, 0, 0, 0, 164, 547, 0, 82, 44, 37, 82, 0, 0, 629, 0
INVAR-3, Run: 029, P, 0, 0, 0, 82, 82, 0, 0, 1, 0, 0, 0, 164, 548, 0, 82, 51, 30, 82, 0, 0, 630, 0
INVAR-3, Run: 030, P, 0, 0, 0, 82, 82, 0, 0, 1, 0, 0, 0, 164, 621, 0, 82, 50, 31, 82, 0, 0, 703, 0
INVAR-3, Run: 031, P, 0, 0, 0, 82, 82, 0, 0, 1, 0, 0, 0, 164, 431, 0, 82, 51, 30, 82, 0, 0, 513, 0
INVAR-3, Run: 032, P, 0, 0, 0, 82, 82, 0, 0, 1, 0, 0, 0, 164, 502, 0, 82, 51, 30, 82, 0, 0, 584, 0
INVAR-3, Run: 033, P, 0, 0, 0, 82, 82, 0, 0, 1, 0, 0, 0, 164, 564, 0, 82, 45, 36, 82, 0, 0, 646, 0
INVAR-3, Run: 034, P, 0, 0, 0, 82, 82, 0, 0, 1, 0, 0, 0, 164, 541, 0, 82, 43, 38, 82, 0, 0, 623, 0
INVAR-3, Run: 035, P, 0, 0, 0, 82, 82, 0, 0, 1, 0, 0, 0, 164, 564, 0, 82, 51, 30, 82, 0, 0, 646, 0
INVAR-3, Run: 036, P, 0, 0, 0, 82, 82, 0, 0, 1, 0, 0, 0, 164, 590, 0, 82, 50, 31, 82, 0, 0, 672, 0
INVAR-3, Run: 037, P, 0, 0, 0, 82, 82, 0, 0, 1, 0, 0, 0, 164, 608, 0, 82, 54, 27, 82, 0, 0, 690, 0
INVAR-3, Run: 038, P, 0, 0, 0, 82, 82, 0, 0, 1, 0, 0, 0, 164, 571, 0, 82, 52, 29, 82, 0, 0, 653, 0
INVAR-3, Run: 039, P, 0, 0, 0, 82, 82, 0, 0, 1, 0, 0, 0, 164, 553, 0, 82, 48, 33, 82, 0, 0, 635, 0
INVAR-3, Run: 040, P, 0, 0, 0, 82, 82, 0, 0, 1, 0, 0, 0, 164, 569, 0, 82, 55, 26, 82, 0, 0, 651, 0
INVAR-3, Run: 041, P, 0, 0, 0, 82, 82, 0, 0, 1, 0, 0, 0, 164, 731, 0, 82, 46, 35, 82, 0, 0, 813, 0
INVAR-3, Run: 042, P, 0, 0, 0, 82, 82, 0, 0, 1, 0, 0, 0, 164, 614, 0, 82, 44, 37, 82, 0, 0, 696, 0
INVAR-3, Run: 043, P, 0, 0, 0, 82, 82, 0, 0, 1, 0, 0, 0, 164, 615, 0, 82, 47, 34, 82, 0, 0, 697, 0
INVAR-3, Run: 044, P, 0, 0, 0, 82, 82, 0, 0, 1, 0, 0, 0, 164, 560, 0, 82, 51, 30, 82, 0, 0, 642, 0
INVAR-3, Run: 045, P, 0, 0, 0, 82, 82, 0, 0, 1, 0, 0, 0, 164, 597, 0, 82, 54, 27, 82, 0, 0, 679, 0
INVAR-3, Run: 046, P, 0, 0, 0, 82, 82, 0, 0, 1, 0, 0, 0, 164, 576, 0, 82, 54, 27, 82, 0, 0, 658, 0
INVAR-3, Run: 047, P, 0, 0, 0, 82, 82, 0, 0, 1, 0, 0, 0, 164, 512, 0, 82, 53, 28, 82, 0, 0, 594, 0
INVAR-3, Run: 048, P, 0, 0, 0, 82, 82, 0, 0, 1, 0, 0, 0, 164, 510, 0, 82, 56, 25, 82, 0, 0, 592, 0
INVAR-3, Run: 049, P, 0, 0, 0, 82, 82, 0, 0, 1, 0, 0, 0, 164, 608, 0, 82, 52, 29, 82, 0, 0, 690, 0
INVAR-3, Run: 050, P, 0, 0, 0, 82, 82, 0, 0, 1, 0, 0, 0, 164, 651, 0, 82, 45, 36, 82, 0, 0, 733, 0
INVAR-3, Run: 051, P, 0, 0, 0, 82, 82, 0, 0, 1, 0, 0, 0, 164, 397, 0, 82, 50, 31, 82, 0, 0, 479, 0
INVAR-3, Run: 052, P, 0, 0, 0, 82, 82, 0, 0, 1, 0, 0, 0, 164, 550, 0, 82, 49, 32, 82, 0, 0, 632, 0
INVAR-3, Run: 053, P, 0, 0, 0, 82, 82, 0, 0, 1, 0, 0, 0, 164, 716, 0, 82, 54, 27, 82, 0, 0, 798, 0
INVAR-3, Run: 054, P, 0, 0, 0, 82, 82, 0, 0, 1, 0, 0, 0, 164, 477, 0, 82, 53, 28, 82, 0, 0, 559, 0
INVAR-3, Run: 055, P, 0, 0, 0, 82, 82, 0, 0, 1, 0, 0, 0, 164, 483, 0, 82, 43, 38, 82, 0, 0, 565, 0
INVAR-3, Run: 056, P, 0, 0, 0, 82, 82, 0, 0, 1, 0, 0, 0, 164, 515, 0, 82, 49, 32, 82, 0, 0, 597, 0
INVAR-3, Run: 057, P, 0, 0, 0, 82, 82, 0, 0, 1, 0, 0, 0, 164, 602, 0, 82, 54, 27, 82, 0, 0, 684, 0
INVAR-3, Run: 058, P, 0, 0, 0, 82, 82, 0, 0, 1, 0, 0, 0, 164, 506, 0, 82, 58, 23, 82, 0, 0, 588, 0
INVAR-3, Run: 059, P, 0, 0, 0, 82, 82, 0, 0, 1, 0, 0, 0, 164, 519, 0, 82, 54, 27, 82, 0, 0, 601, 0
INVAR-3, Run: 060, P, 0, 0, 0, 82, 82, 0, 0, 1, 0, 0, 0, 164, 590, 0, 82, 51, 30, 82, 0, 0, 672, 0
INVAR-3, Run: 061, P, 0, 0, 0, 82, 82, 0, 0, 1, 0, 0, 0, 164, 591, 0, 82, 51, 30, 82, 0, 0, 673, 0
INVAR-3, Run: 062, P, 0, 0, 0, 82, 82, 0, 0, 1, 0, 0, 0, 164, 676, 0, 82, 52, 29, 82, 0, 0, 758, 0
INVAR-3, Run: 063, P, 0, 0, 0, 82, 82, 0, 0, 1, 0, 0, 0, 164, 495, 0, 82, 49, 32, 82, 0, 0, 577, 0
INVAR-3, Run: 064, P, 0, 0, 0, 82, 82, 0, 0, 1, 0, 0, 0, 164, 574, 0, 82, 51, 30, 82, 0, 0, 656, 0
INVAR-3, Run: 065, P, 0, 0, 0, 82, 82, 0, 0, 1, 0, 0, 0, 164, 530, 0, 82, 50, 31, 82, 0, 0, 612, 0
INVAR-3, Run: 066, P, 0, 0, 0, 82, 82, 0, 0, 1, 0, 0, 0, 164, 426, 0, 82, 44, 37, 82, 0, 0, 508, 0
INVAR-3, Run: 067, P, 0, 0, 0, 82, 82, 0, 0, 1, 0, 0, 0, 164, 607, 0, 82, 50, 31, 82, 0, 0, 689, 0
INVAR-3, Run: 068, P, 0, 0, 0, 82, 82, 0, 0, 1, 0, 0, 0, 164, 726, 0, 82, 54, 27, 82, 0, 0, 808, 0
INVAR-3, Run: 069, P, 0, 0, 0, 82, 82, 0, 0, 1, 0, 0, 0, 164, 745, 0, 82, 54, 27, 82, 0, 0, 827, 0
INVAR-3, Run: 070, P, 0, 0, 0, 82, 82, 0, 0, 1, 0, 0, 0, 164, 580, 0, 82, 44, 37, 82, 0, 0, 662, 0
INVAR-3, Run: 071, P, 0, 0, 0, 82, 82, 0, 0, 1, 0, 0, 0, 164, 653, 0, 82, 41, 40, 82, 0, 0, 735, 0
INVAR-3, Run: 072, P, 0, 0, 0, 82, 82, 0, 0, 1, 0, 0, 0, 164, 469, 0, 82, 47, 34, 82, 0, 0, 551, 0
INVAR-3, Run: 073, P, 0, 0, 0, 82, 82, 0, 0, 1, 0, 0, 0, 164, 579, 0, 82, 50, 31, 82, 0, 0, 661, 0
INVAR-3, Run: 074, P, 0, 0, 0, 82, 82, 0, 0, 1, 0, 0, 0, 164, 606, 0, 82, 47, 34, 82, 0, 0, 688, 0
INVAR-3, Run: 075, P, 0, 0, 0, 82, 82, 0, 0, 1, 0, 0, 0, 164, 589, 0, 82, 52, 29, 82, 0, 0, 671, 0
INVAR-3, Run: 076, P, 0, 0, 0, 82, 82, 0, 0, 1, 0, 0, 0, 164, 597, 0, 82, 55, 26, 82, 0, 0, 679, 0
INVAR-3, Run: 077, P, 0, 0, 0, 82, 82, 0, 0, 1, 0, 0, 0, 164, 551, 0, 82, 43, 38, 82, 0, 0, 633, 0
INVAR-3, Run: 078, P, 0, 0, 0, 82, 82, 0, 0, 1, 0, 0, 0, 164, 507, 0, 82, 56, 25, 82, 0, 0, 589, 0
INVAR-3, Run: 079, P, 0, 0, 0, 82, 82, 0, 0, 1, 0, 0, 0, 164, 585, 0, 82, 51, 30, 82, 0, 0, 667, 0
INVAR-3, Run: 080, P, 0, 0, 0, 82, 82, 0, 0, 1, 0, 0, 0, 164, 556, 0, 82, 54, 27, 82, 0, 0, 638, 0
INVAR-3, Run: 081, P, 0, 0, 0, 82, 82, 0, 0, 1, 0, 0, 0, 164, 609, 0, 82, 50, 31, 82, 0, 0, 691, 0
INVAR-3, Run: 082, P, 0, 0, 0, 82, 82, 0, 0, 1, 0, 0, 0, 164, 579, 0, 82, 53, 28, 82, 0, 0, 661, 0
INVAR-3, Run: 083, P, 0, 0, 0, 82, 82, 0, 0, 1, 0, 0, 0, 164, 616, 0, 82, 54, 27, 82, 0, 0, 698, 0
INVAR-3, Run: 084, P, 0, 0, 0, 82, 82, 0, 0, 1, 0, 0, 0, 164, 470, 0, 82, 53, 28, 82, 0, 0, 552, 0
INVAR-3, Run: 085, P, 0, 0, 0, 82, 82, 0, 0, 1, 0, 0, 0, 164, 510, 0, 82, 43, 38, 82, 0, 0, 592, 0
INVAR-3, Run: 086, P, 0, 0, 0, 82, 82, 0, 0, 1, 0, 0, 0, 164, 657, 0, 82, 45, 36, 82, 0, 0, 739, 0
INVAR-3, Run: 087, P, 0, 0, 0, 82, 82, 0, 0, 1, 0, 0, 0, 164, 560, 0, 82, 57, 24, 82, 0, 0, 642, 0
INVAR-3, Run: 088, P, 0, 0, 0, 82, 82, 0, 0, 1, 0, 0, 0, 164, 771, 0, 82, 53, 28, 82, 0, 0, 853, 0
INVAR-3, Run: 089, P, 0, 0, 0, 82, 82, 0, 0, 1, 0, 0, 0, 164, 570, 0, 82, 54, 27, 82, 0, 0, 652, 0
INVAR-3, Run: 090, P, 0, 0, 0, 82, 82, 0, 0, 1, 0, 0, 0, 164, 498, 0, 82, 46, 35, 82, 0, 0, 580, 0
INVAR-3, Run: 091, P, 0, 0, 0, 82, 82, 0, 0, 1, 0, 0, 0, 164, 534, 0, 82, 47, 34, 82, 0, 0, 616, 0
INVAR-3, Run: 092, P, 0, 0, 0, 82, 82, 0, 0, 1, 0, 0, 0, 164, 505, 0, 82, 41, 40, 82, 0, 0, 587, 0
INVAR-3, Run: 093, P, 0, 0, 0, 82, 82, 0, 0, 1, 0, 0, 0, 164, 575, 0, 82, 53, 28, 82, 0, 0, 657, 0
INVAR-3, Run: 094, P, 0, 0, 0, 82, 82, 0, 0, 1, 0, 0, 0, 164, 662, 0, 82, 49, 32, 82, 0, 0, 744, 0
INVAR-3, Run: 095, P, 0, 0, 0, 82, 82, 0, 0, 1, 0, 0, 0, 164, 573, 0, 82, 57, 24, 82, 0, 0, 655, 0
INVAR-3, Run: 096, P, 0, 0, 0, 82, 82, 0, 0, 1, 0, 0, 0, 164, 661, 0, 82, 61, 20, 82, 0, 0, 743, 0
INVAR-3, Run: 097, P, 0, 0, 0, 82, 82, 0, 0, 1, 0, 0, 0, 164, 459, 0, 82, 53, 28, 82, 0, 0, 541, 0
INVAR-3, Run: 098, P, 0, 0, 0, 82, 82, 0, 0, 1, 0, 0, 0, 164, 641, 0, 82, 54, 27, 82, 0, 0, 723, 0
INVAR-3, Run: 099, P, 0, 0, 0, 82, 82, 0, 0, 1, 0, 0, 0, 164, 702, 0, 82, 45, 36, 82, 0, 0, 784, 0
INVAR-3, Run: 100, P, 0, 0, 0, 82, 82, 0, 0, 1, 0, 0, 0, 164, 421, 0, 82, 62, 19, 82, 0, 0, 503, 0
INVAR-4, Run: 001, P, 0, 1, 1, 0, 0, 19, 0, 0, 0, 0, 0, 39, 75, 0, 19, 13, 6, 19, 0, 0, 75, 0
INVAR-4, Run: 002, P, 0, 1, 1, 0, 0, 19, 0, 0, 0, 0, 0, 39, 68, 0, 19, 15, 4, 19, 0, 0, 68, 0
INVAR-4, Run: 003, P, 0, 1, 1, 0, 0, 19, 0, 0, 0, 0, 0, 39, 102, 0, 19, 12, 7, 19, 0, 0, 102, 0
INVAR-4, Run: 004, P, 0, 1, 1, 0, 0, 19, 0, 0, 0, 0, 0, 39, 71, 0, 19, 8, 11, 19, 0, 0, 71, 0
INVAR-4, Run: 005, P, 0, 1, 1, 0, 0, 19, 0, 0, 0, 0, 0, 39, 131, 0, 19, 14, 5, 19, 0, 0, 131, 0
INVAR-4, Run: 006, P, 0, 1, 1, 0, 0, 19, 0, 0, 0, 0, 0, 39, 66, 0, 19, 11, 8, 19, 0, 0, 66, 0
INVAR-4, Run: 007, P, 0, 1, 1, 0, 0, 19, 0, 0, 0, 0, 0, 39, 78, 0, 19, 12, 7, 19, 0, 0, 78, 0
INVAR-4, Run: 008, P, 0, 1, 1, 0, 0, 19, 0, 0, 0, 0, 0, 39, 36, 0, 19, 12, 7, 19, 0, 0, 36, 0
INVAR-4, Run: 009, P, 0, 1, 1, 0, 0, 19, 0, 0, 0, 0, 0, 39, 67, 0, 19, 9, 10, 19, 0, 0, 67, 0
INVAR-4, Run: 010, P, 0, 1, 1, 0, 0, 19, 0, 0, 0, 0, 0, 39, 124, 0, 19, 11, 8, 19, 0, 0, 124, 0
INVAR-4, Run: 011, P, 0, 1, 1, 0, 0, 19, 0, 0, 0, 0, 0, 39, 86, 0, 19, 11, 8, 19, 0, 0, 86, 0
INVAR-4, Run: 012, P, 0, 1, 1, 0, 0, 19, 0, 0, 0, 0, 0, 39, 77, 0, 19, 12, 7, 19, 0, 0, 77, 0
INVAR-4, Run: 013, P, 0, 1, 1, 0, 0, 19, 0, 0, 0, 0, 0, 39, 75, 0, 19, 14, 5, 19, 0, 0, 75, 0
INVAR-4, Run: 014, P, 0, 1, 1, 0, 0, 19, 0, 0, 0, 0, 0, 39, 78, 0, 19, 15, 4, 19, 0, 0, 78, 0
INVAR-4, Run: 015, P, 0, 1, 1, 0, 0, 19, 0, 0, 0, 0, 0, 39, 72, 0, 19, 12, 7, 19, 0, 0, 72, 0
INVAR-4, Run: 016, P, 0, 1, 1, 0, 0, 19, 0, 0, 0, 0, 0, 39, 66, 0, 19, 11, 8, 19, 0, 0, 66, 0
INVAR-4, Run: 017, P, 0, 1, 1, 0, 0, 19, 0, 0, 0, 0, 0, 39, 45, 0, 19, 13, 6, 19, 0, 0, 45, 0
INVAR-4, Run: 018, P, 0, 1, 1, 0, 0, 19, 0, 0, 0, 0, 0, 39, 73, 0, 19, 12, 7, 19, 0, 0, 73, 0
INVAR-4, Run: 019, P, 0, 1, 1, 0, 0, 19, 0, 0, 0, 0, 0, 39, 55, 0, 19, 15, 4, 19, 0, 0, 55, 0
INVAR-4, Run: 020, P, 0, 1, 1, 0, 0, 19, 0, 0, 0, 0, 0, 39, 67, 0, 19, 12, 7, 19, 0, 0, 67, 0
INVAR-4, Run: 021, P, 0, 1, 1, 0, 0, 19, 0, 0, 0, 0, 0, 39, 107, 0, 19, 13, 6, 19, 0, 0, 107, 0
INVAR-4, Run: 022, P, 0, 1, 1, 0, 0, 19, 0, 0, 0, 0, 0, 39, 140, 0, 19, 12, 7, 19, 0, 0, 140, 0
INVAR-4, Run: 023, P, 0, 1, 1, 0, 0, 19, 0, 0, 0, 0, 0, 39, 108, 0, 19, 14, 5, 19, 0, 0, 108, 0
INVAR-4, Run: 024, P, 0, 1, 1, 0, 0, 19, 0, 0, 0, 0, 0, 39, 47, 0, 19, 8, 11, 19, 0, 0, 47, 0
INVAR-4, Run: 025, P, 0, 1, 1, 0, 0, 19, 0, 0, 0, 0, 0, 39, 108, 0, 19, 13, 6, 19, 0, 0, 108, 0
INVAR-4, Run: 026, P, 0, 1, 1, 0, 0, 19, 0, 0, 0, 0, 0, 39, 109, 0, 19, 10, 9, 19, 0, 0, 109, 0
INVAR-4, Run: 027, P, 0, 1, 1, 0, 0, 19, 0, 0, 0, 0, 0, 39, 68, 0, 19, 12, 7, 19, 0, 0, 68, 0
INVAR-4, Run: 028, P, 0, 1, 1, 0, 0, 19, 0, 0, 0, 0, 0, 39, 77, 0, 19, 12, 7, 19, 0, 0, 77, 0
INVAR-4, Run: 029, P, 0, 1, 1, 0, 0, 19, 0, 0, 0, 0, 0, 39, 93, 0, 19, 13, 6, 19, 0, 0, 93, 0
INVAR-4, Run: 030, P, 0, 1, 1, 0, 0, 19, 0, 0, 0, 0, 0, 39, 113, 0, 19, 9, 10, 19, 0, 0, 113, 0
INVAR-4, Run: 031, P, 0, 1, 1, 0, 0, 19, 0, 0, 0, 0, 0, 39, 54, 0, 19, 15, 4, 19, 0, 0, 54, 0
INVAR-4, Run: 032, P, 0, 1, 1, 0, 0, 19, 0, 0, 0, 0, 0, 39, 173, 0, 19, 7, 12, 19, 0, 0, 173, 0
INVAR-4, Run: 033, P, 0, 1, 1, 0, 0, 19, 0, 0, 0, 0, 0, 39, 94, 0, 19, 14, 5, 19, 0, 0, 94, 0
INVAR-4, Run: 034, P, 0, 1, 1, 0, 0, 19, 0, 0, 0, 0, 0, 39, 90, 0, 19, 16, 3, 19, 0, 0, 90, 0
INVAR-4, Run: 035, P, 0, 1, 1, 0, 0, 19, 0, 0, 0, 0, 0, 39, 75, 0, 19, 11, 8, 19, 0, 0, 75, 0
INVAR-4, Run: 036, P, 0, 1, 1, 0, 0, 19, 0, 0, 0, 0, 0, 39, 21, 0, 19, 14, 5, 19, 0, 0, 21, 0
INVAR-4, Run: 037, P, 0, 1, 1, 0, 0, 19, 0, 0, 0, 0, 0, 39, 58, 0, 19, 12, 7, 19, 0, 0, 58, 0
INVAR-4, Run: 038, P, 0, 1, 1, 0, 0, 19, 0, 0, 0, 0, 0, 39, 76, 0, 19, 12, 7, 19, 0, 0, 76, 0
INVAR-4, Run: 039, P, 0, 1, 1, 0, 0, 19, 0, 0, 0, 0, 0, 39, 61, 0, 19, 16, 3, 19, 0, 0, 61, 0
INVAR-4, Run: 040, P, 0, 1, 1, 0, 0, 19, 0, 0, 0, 0, 0, 39, 66, 0, 19, 12, 7, 19, 0, 0, 66, 0
INVAR-4, Run: 041, P, 0, 1, 1, 0, 0, 19, 0, 0, 0, 0, 0, 39, 65, 0, 19, 12, 7, 19, 0, 0, 65, 0
INVAR-4, Run: 042, P, 0, 1, 1, 0, 0, 19, 0, 0, 0, 0, 0, 39, 59, 0, 19, 15, 4, 19, 0, 0, 59, 0
INVAR-4, Run: 043, P, 0, 1, 1, 0, 0, 19, 0, 0, 0, 0, 0, 39, 97, 0, 19, 10, 9, 19, 0, 0, 97, 0
INVAR-4, Run: 044, P, 0, 1, 1, 0, 0, 19, 0, 0, 0, 0, 0, 39, 72, 0, 19, 12, 7, 19, 0, 0, 72, 0
INVAR-4, Run: 045, P, 0, 1, 1, 0, 0, 19, 0, 0, 0, 0, 0, 39, 94, 0, 19, 10, 9, 19, 0, 0, 94, 0
INVAR-4, Run: 046, P, 0, 1, 1, 0, 0, 19, 0, 0, 0, 0, 0, 39, 75, 0, 19, 14, 5, 19, 0, 0, 75, 0
INVAR-4, Run: 047, P, 0, 1, 1, 0, 0, 19, 0, 0, 0, 0, 0, 39, 123, 0, 19, 13, 6, 19, 0, 0, 123, 0
INVAR-4, Run: 048, P, 0, 1, 1, 0, 0, 19, 0, 0, 0, 0, 0, 39, 47, 0, 19, 13, 6, 19, 0, 0, 47, 0
INVAR-4, Run: 049, P, 0, 1, 1, 0, 0, 19, 0, 0, 0, 0, 0, 39, 60, 0, 19, 15, 4, 19, 0, 0, 60, 0
INVAR-4, Run: 050, P, 0, 1, 1, 0, 0, 19, 0, 0, 0, 0, 0, 39, 94, 0, 19, 14, 5, 19, 0, 0, 94, 0
INVAR-4, Run: 051, P, 0, 1, 1, 0, 0, 19, 0, 0, 0, 0, 0, 39, 31, 0, 19, 13, 6, 19, 0, 0, 31, 0
INVAR-4, Run: 052, P, 0, 1, 1, 0, 0, 19, 0, 0, 0, 0, 0, 39, 60, 0, 19, 9, 10, 19, 0, 0, 60, 0
INVAR-4, Run: 053, P, 0, 1, 1, 0, 0, 19, 0, 0, 0, 0, 0, 39, 82, 0, 19, 11, 8, 19, 0, 0, 82, 0
INVAR-4, Run: 054, P, 0, 1, 1, 0, 0, 19, 0, 0, 0, 0, 0, 39, 58, 0, 19, 12, 7, 19, 0, 0, 58, 0
INVAR-4, Run: 055, P, 0, 1, 1, 0, 0, 19, 0, 0, 0, 0, 0, 39, 73, 0, 19, 10, 9, 19, 0, 0, 73, 0
INVAR-4, Run: 056, P, 0, 1, 1, 0, 0, 19, 0, 0, 0, 0, 0, 39, 98, 0, 19, 14, 5, 19, 0, 0, 98, 0
INVAR-4, Run: 057, P, 0, 1, 1, 0, 0, 19, 0, 0, 0, 0, 0, 39, 102, 0, 19, 12, 7, 19, 0, 0, 102, 0
INVAR-4, Run: 058, P, 0, 1, 1, 0, 0, 19, 0, 0, 0, 0, 0, 39, 80, 0, 19, 15, 4, 19, 0, 0, 80, 0
INVAR-4, Run: 059, P, 0, 1, 1, 0, 0, 19, 0, 0, 0, 0, 0, 39, 67, 0, 19, 12, 7, 19, 0, 0, 67, 0
INVAR-4, Run: 060, P, 0, 1, 1, 0, 0, 19, 0, 0, 0, 0, 0, 39, 112, 0, 19, 10, 9, 19, 0, 0, 112, 0
INVAR-4, Run: 061, P, 0, 1, 1, 0, 0, 19, 0, 0, 0, 0, 0, 39, 55, 0, 19, 6, 13, 19, 0, 0, 55, 0
INVAR-4, Run: 062, P, 0, 1, 1, 0, 0, 19, 0, 0, 0, 0, 0, 39, 32, 0, 19, 12, 7, 19, 0, 0, 32, 0
INVAR-4, Run: 063, P, 0, 1, 1, 0, 0, 19, 0, 0, 0, 0, 0, 39, 86, 0, 19, 12, 7, 19, 0, 0, 86, 0
INVAR-4, Run: 064, P, 0, 1, 1, 0, 0, 19, 0, 0, 0, 0, 0, 39, 110, 0, 19, 13, 6, 19, 0, 0, 110, 0
INVAR-4, Run: 065, P, 0, 1, 1, 0, 0, 19, 0, 0, 0, 0, 0, 39, 66, 0, 19, 11, 8, 19, 0, 0, 66, 0
INVAR-4, Run: 066, P, 0, 1, 1, 0, 0, 19, 0, 0, 0, 0, 0, 39, 72, 0, 19, 16, 3, 19, 0, 0, 72, 0
INVAR-4, Run: 067, P, 0, 1, 1, 0, 0, 19, 0, 0, 0, 0, 0, 39, 86, 0, 19, 10, 9, 19, 0, 0, 86, 0
INVAR-4, Run: 068, P, 0, 1, 1, 0, 0, 19, 0, 0, 0, 0, 0, 39, 68, 0, 19, 13, 6, 19, 0, 0, 68, 0
INVAR-4, Run: 069, P, 0, 1, 1, 0, 0, 19, 0, 0, 0, 0, 0, 39, 66, 0, 19, 14, 5, 19, 0, 0, 66, 0
INVAR-4, Run: 070, P, 0, 1, 1, 0, 0, 19, 0, 0, 0, 0, 0, 39, 69, 0, 19, 10, 9, 19, 0, 0, 69, 0
INVAR-4, Run: 071, P, 0, 1, 1, 0, 0, 19, 0, 0, 0, 0, 0, 39, 143, 0, 19, 17, 2, 19, 0, 0, 143, 0
INVAR-4, Run: 072, P, 0, 1, 1, 0, 0, 19, 0, 0, 0, 0, 0, 39, 89, 0, 19, 15, 4, 19, 0, 0, 89, 0
INVAR-4, Run: 073, P, 0, 1, 1, 0, 0, 19, 0, 0, 0, 0, 0, 39, 55, 0, 19, 12, 7, 19, 0, 0, 55, 0
INVAR-4, Run: 074, P, 0, 1, 1, 0, 0, 19, 0, 0, 0, 0, 0, 39, 47, 0, 19, 12, 7, 19, 0, 0, 47, 0
INVAR-4, Run: 075, P, 0, 1, 1, 0, 0, 19, 0, 0, 0, 0, 0, 39, 42, 0, 19, 16, 3, 19, 0, 0, 42, 0
INVAR-4, Run: 076, P, 0, 1, 1, 0, 0, 19, 0, 0, 0, 0, 0, 39, 64, 0, 19, 15, 4, 19, 0, 0, 64, 0
INVAR-4, Run: 077, P, 0, 1, 1, 0, 0, 19, 0, 0, 0, 0, 0, 39, 69, 0, 19, 14, 5, 19, 0, 0, 69, 0
INVAR-4, Run: 078, P, 0, 1, 1, 0, 0, 19, 0, 0, 0, 0, 0, 39, 73, 0, 19, 13, 6, 19, 0, 0, 73, 0
INVAR-4, Run: 079, P, 0, 1, 1, 0, 0, 19, 0, 0, 0, 0, 0, 39, 51, 0, 19, 14, 5, 19, 0, 0, 51, 0
INVAR-4, Run: 080, P, 0, 1, 1, 0, 0, 19, 0, 0, 0, 0, 0, 39, 55, 0, 19, 15, 4, 19, 0, 0, 55, 0
INVAR-4, Run: 081, P, 0, 1, 1, 0, 0, 19, 0, 0, 0, 0, 0, 39, 58, 0, 19, 13, 6, 19, 0, 0, 58, 0
INVAR-4, Run: 082, P, 0, 1, 1, 0, 0, 19, 0, 0, 0, 0, 0, 39, 58, 0, 19, 12, 7, 19, 0, 0, 58, 0
INVAR-4, Run: 083, P, 0, 1, 1, 0, 0, 19, 0, 0, 0, 0, 0, 39, 75, 0, 19, 13, 6, 19, 0, 0, 75, 0
INVAR-4, Run: 084, P, 0, 1, 1, 0, 0, 19, 0, 0, 0, 0, 0, 39, 84, 0, 19, 15, 4, 19, 0, 0, 84, 0
INVAR-4, Run: 085, P, 0, 1, 1, 0, 0, 19, 0, 0, 0, 0, 0, 39, 69, 0, 19, 10, 9, 19, 0, 0, 69, 0
INVAR-4, Run: 086, P, 0, 1, 1, 0, 0, 19, 0, 0, 0, 0, 0, 39, 58, 0, 19, 12, 7, 19, 0, 0, 58, 0
INVAR-4, Run: 087, P, 0, 1, 1, 0, 0, 19, 0, 0, 0, 0, 0, 39, 57, 0, 19, 13, 6, 19, 0, 0, 57, 0
INVAR-4, Run: 088, P, 0, 1, 1, 0, 0, 19, 0, 0, 0, 0, 0, 39, 64, 0, 19, 16, 3, 19, 0, 0, 64, 0
INVAR-4, Run: 089, P, 0, 1, 1, 0, 0, 19, 0, 0, 0, 0, 0, 39, 34, 0, 19, 14, 5, 19, 0, 0, 34, 0
INVAR-4, Run: 090, P, 0, 1, 1, 0, 0, 19, 0, 0, 0, 0, 0, 39, 169, 0, 19, 14, 5, 19, 0, 0, 169, 0
INVAR-4, Run: 091, P, 0, 1, 1, 0, 0, 19, 0, 0, 0, 0, 0, 39, 57, 0, 19, 10, 9, 19, 0, 0, 57, 0
INVAR-4, Run: 092, P, 0, 1, 1, 0, 0, 19, 0, 0, 0, 0, 0, 39, 59, 0, 19, 10, 9, 19, 0, 0, 59, 0
INVAR-4, Run: 093, P, 0, 1, 1, 0, 0, 19, 0, 0, 0, 0, 0, 39, 89, 0, 19, 12, 7, 19, 0, 0, 89, 0
INVAR-4, Run: 094, P, 0, 1, 1, 0, 0, 19, 0, 0, 0, 0, 0, 39, 64, 0, 19, 11, 8, 19, 0, 0, 64, 0
INVAR-4, Run: 095, P, 0, 1, 1, 0, 0, 19, 0, 0, 0, 0, 0, 39, 82, 0, 19, 9, 10, 19, 0, 0, 82, 0
INVAR-4, Run: 096, P, 0, 1, 1, 0, 0, 19, 0, 0, 0, 0, 0, 39, 58, 0, 19, 14, 5, 19, 0, 0, 58, 0
INVAR-4, Run: 097, P, 0, 1, 1, 0, 0, 19, 0, 0, 0, 0, 0, 39, 73, 0, 19, 13, 6, 19, 0, 0, 73, 0
INVAR-4, Run: 098, P, 0, 1, 1, 0, 0, 19, 0, 0, 0, 0, 0, 39, 105, 0, 19, 13, 6, 19, 0, 0, 105, 0
INVAR-4, Run: 099, P, 0, 1, 1, 0, 0, 19, 0, 0, 0, 0, 0, 39, 110, 0, 19, 15, 4, 19, 0, 0, 110, 0
INVAR-4, Run: 100, P, 0, 1, 1, 0, 0, 19, 0, 0, 0, 0, 0, 39, 54, 0, 19, 9, 10, 19, 0, 0, 54, 0
INVAR-5, Run: 001, P, 0, 1, 1, 0, 0, 26, 0, 0, 0, 0, 0, 53, 81, 0, 26, 16, 10, 26, 0, 0, 81, 0
INVAR-5, Run: 002, P, 0, 1, 1, 0, 0, 26, 0, 0, 0, 0, 0, 53, 140, 0, 26, 23, 3, 26, 0, 0, 140, 0
INVAR-5, Run: 003, P, 0, 1, 1, 0, 0, 26, 0, 0, 0, 0, 0, 53, 81, 0, 26, 17, 9, 26, 0, 0, 81, 0
INVAR-5, Run: 004, P, 0, 1, 1, 0, 0, 26, 0, 0, 0, 0, 0, 53, 127, 0, 26, 15, 11, 26, 0, 0, 127, 0
INVAR-5, Run: 005, P, 0, 1, 1, 0, 0, 26, 0, 0, 0, 0, 0, 53, 110, 0, 26, 19, 7, 26, 0, 0, 110, 0
INVAR-5, Run: 006, P, 0, 1, 1, 0, 0, 26, 0, 0, 0, 0, 0, 53, 146, 0, 26, 18, 8, 26, 0, 0, 146, 0
INVAR-5, Run: 007, P, 0, 1, 1, 0, 0, 26, 0, 0, 0, 0, 0, 53, 127, 0, 26, 16, 10, 26, 0, 0, 127, 0
INVAR-5, Run: 008, P, 0, 1, 1, 0, 0, 26, 0, 0, 0, 0, 0, 53, 163, 0, 26, 15, 11, 26, 0, 0, 163, 0
INVAR-5, Run: 009, P, 0, 1, 1, 0, 0, 26, 0, 0, 0, 0, 0, 53, 134, 0, 26, 12, 14, 26, 0, 0, 134, 0
INVAR-5, Run: 010, P, 0, 1, 1, 0, 0, 26, 0, 0, 0, 0, 0, 53, 110, 0, 26, 17, 9, 26, 0, 0, 110, 0
INVAR-5, Run: 011, P, 0, 1, 1, 0, 0, 26, 0, 0, 0, 0, 0, 53, 113, 0, 26, 19, 7, 26, 0, 0, 113, 0
INVAR-5, Run: 012, P, 0, 1, 1, 0, 0, 26, 0, 0, 0, 0, 0, 53, 82, 0, 26, 19, 7, 26, 0, 0, 82, 0
INVAR-5, Run: 013, P, 0, 1, 1, 0, 0, 26, 0, 0, 0, 0, 0, 53, 92, 0, 26, 13, 13, 26, 0, 0, 92, 0
INVAR-5, Run: 014, P, 0, 1, 1, 0, 0, 26, 0, 0, 0, 0, 0, 53, 122, 0, 26, 21, 5, 26, 0, 0, 122, 0
INVAR-5, Run: 015, P, 0, 1, 1, 0, 0, 26, 0, 0, 0, 0, 0, 53, 84, 0, 26, 16, 10, 26, 0, 0, 84, 0
INVAR-5, Run: 016, P, 0, 1, 1, 0, 0, 26, 0, 0, 0, 0, 0, 53, 79, 0, 26, 19, 7, 26, 0, 0, 79, 0
INVAR-5, Run: 017, P, 0, 1, 1, 0, 0, 26, 0, 0, 0, 0, 0, 53, 99, 0, 26, 18, 8, 26, 0, 0, 99, 0
INVAR-5, Run: 018, P, 0, 1, 1, 0, 0, 26, 0, 0, 0, 0, 0, 53, 113, 0, 26, 18, 8, 26, 0, 0, 113, 0
INVAR-5, Run: 019, P, 0, 1, 1, 0, 0, 26, 0, 0, 0, 0, 0, 53, 114, 0, 26, 16, 10, 26, 0, 0, 114, 0
INVAR-5, Run: 020, P, 0, 1, 1, 0, 0, 26, 0, 0, 0, 0, 0, 53, 106, 0, 26, 21, 5, 26, 0, 0, 106, 0
INVAR-5, Run: 021, P, 0, 1, 1, 0, 0, 26, 0, 0, 0, 0, 0, 53, 108, 0, 26, 18, 8, 26, 0, 0, 108, 0
INVAR-5, Run: 022, P, 0, 1, 1, 0, 0, 26, 0, 0, 0, 0, 0, 53, 156, 0, 26, 19, 7, 26, 0, 0, 156, 0
INVAR-5, Run: 023, P, 0, 1, 1, 0, 0, 26, 0, 0, 0, 0, 0, 53, 71, 0, 26, 17, 9, 26, 0, 0, 71, 0
INVAR-5, Run: 024, P, 0, 1, 1, 0, 0, 26, 0, 0, 0, 0, 0, 53, 108, 0, 26, 14, 12, 26, 0, 0, 108, 0
INVAR-5, Run: 025, P, 0, 1, 1, 0, 0, 26, 0, 0, 0, 0, 0, 53, 111, 0, 26, 15, 11, 26, 0, 0, 111, 0
INVAR-5, Run: 026, P, 0, 1, 1, 0, 0, 26, 0, 0, 0, 0, 0, 53, 124, 0, 26, 16, 10, 26, 0, 0, 124, 0
INVAR-5, Run: 027, P, 0, 1, 1, 0, 0, 26, 0, 0, 0, 0, 0, 53, 125, 0, 26, 15, 11, 26, 0, 0, 125, 0
INVAR-5, Run: 028, P, 0, 1, 1, 0, 0, 26, 0, 0, 0, 0, 0, 53, 135, 0, 26, 18, 8, 26, 0, 0, 135, 0
INVAR-5, Run: 029, P, 0, 1, 1, 0, 0, 26, 0, 0, 0, 0, 0, 53, 153, 0, 26, 11, 15, 26, 0, 0, 153, 0
INVAR-5, Run: 030, P, 0, 1, 1, 0, 0, 26, 0, 0, 0, 0, 0, 53, 141, 0, 26, 16, 10, 26, 0, 0, 141, 0
INVAR-5, Run: 031, P, 0, 1, 1, 0, 0, 26, 0, 0, 0, 0, 0, 53, 130, 0, 26, 18, 8, 26, 0, 0, 130, 0
INVAR-5, Run: 032, P, 0, 1, 1, 0, 0, 26, 0, 0, 0, 0, 0, 53, 90, 0, 26, 17, 9, 26, 0, 0, 90, 0
INVAR-5, Run: 033, P, 0, 1, 1, 0, 0, 26, 0, 0, 0, 0, 0, 53, 122, 0, 26, 14, 12, 26, 0, 0, 122, 0
INVAR-5, Run: 034, P, 0, 1, 1, 0, 0, 26, 0, 0, 0, 0, 0, 53, 103, 0, 26, 19, 7, 26, 0, 0, 103, 0
INVAR-5, Run: 035, P, 0, 1, 1, 0, 0, 26, 0, 0, 0, 0, 0, 53, 87, 0, 26, 24, 2, 26, 0, 0, 87, 0
INVAR-5, Run: 036, P, 0, 1, 1, 0, 0, 26, 0, 0, 0, 0, 0, 53, 75, 0, 26, 19, 7, 26, 0, 0, 75, 0
INVAR-5, Run: 037, P, 0, 1, 1, 0, 0, 26, 0, 0, 0, 0, 0, 53, 93, 0, 26, 13, 13, 26, 0, 0, 93, 0
INVAR-5, Run: 038, P, 0, 1, 1, 0, 0, 26, 0, 0, 0, 0, 0, 53, 115, 0, 26, 19, 7, 26, 0, 0, 115, 0
INVAR-5, Run: 039, P, 0, 1, 1, 0, 0, 26, 0, 0, 0, 0, 0, 53, 121, 0, 26, 13, 13, 26, 0, 0, 121, 0
INVAR-5, Run: 040, P, 0, 1, 1, 0, 0, 26, 0, 0, 0, 0, 0, 53, 266, 0, 26, 17, 9, 26, 0, 0, 266, 0
INVAR-5, Run: 041, P, 0, 1, 1, 0, 0, 26, 0, 0, 0, 0, 0, 53, 97, 0, 26, 21, 5, 26, 0, 0, 97, 0
INVAR-5, Run: 042, P, 0, 1, 1, 0, 0, 26, 0, 0, 0, 0, 0, 53, 111, 0, 26, 14, 12, 26, 0, 0, 111, 0
INVAR-5, Run: 043, P, 0, 1, 1, 0, 0, 26, 0, 0, 0, 0, 0, 53, 108, 0, 26, 12, 14, 26, 0, 0, 108, 0
INVAR-5, Run: 044, P, 0, 1, 1, 0, 0, 26, 0, 0, 0, 0, 0, 53, 116, 0, 26, 17, 9, 26, 0, 0, 116, 0
INVAR-5, Run: 045, P, 0, 1, 1, 0, 0, 26, 0, 0, 0, 0, 0, 53, 151, 0, 26, 16, 10, 26, 0, 0, 151, 0
INVAR-5, Run: 046, P, 0, 1, 1, 0, 0, 26, 0, 0, 0, 0, 0, 53, 164, 0, 26, 16, 10, 26, 0, 0, 164, 0
INVAR-5, Run: 047, P, 0, 1, 1, 0, 0, 26, 0, 0, 0, 0, 0, 53, 93, 0, 26, 16, 10, 26, 0, 0, 93, 0
INVAR-5, Run: 048, P, 0, 1, 1, 0, 0, 26, 0, 0, 0, 0, 0, 53, 101, 0, 26, 13, 13, 26, 0, 0, 101, 0
INVAR-5, Run: 049, P, 0, 1, 1, 0, 0, 26, 0, 0, 0, 0, 0, 53, 78, 0, 26, 18, 8, 26, 0, 0, 78, 0
INVAR-5, Run: 050, P, 0, 1, 1, 0, 0, 26, 0, 0, 0, 0, 0, 53, 127, 0, 26, 18, 8, 26, 0, 0, 127, 0
INVAR-5, Run: 051, P, 0, 1, 1, 0, 0, 26, 0, 0, 0, 0, 0, 53, 71, 0, 26, 11, 15, 26, 0, 0, 71, 0
INVAR-5, Run: 052, P, 0, 1, 1, 0, 0, 26, 0, 0, 0, 0, 0, 53, 211, 0, 26, 17, 9, 26, 0, 0, 211, 0
INVAR-5, Run: 053, P, 0, 1, 1, 0, 0, 26, 0, 0, 0, 0, 0, 53, 141, 0, 26, 13, 13, 26, 0, 0, 141, 0
INVAR-5, Run: 054, P, 0, 1, 1, 0, 0, 26, 0, 0, 0, 0, 0, 53, 117, 0, 26, 17, 9, 26, 0, 0, 117, 0
INVAR-5, Run: 055, P, 0, 1, 1, 0, 0, 26, 0, 0, 0, 0, 0, 53, 110, 0, 26, 16, 10, 26, 0, 0, 110, 0
INVAR-5, Run: 056, P, 0, 1, 1, 0, 0, 26, 0, 0, 0, 0, 0, 53, 85, 0, 26, 21, 5, 26, 0, 0, 85, 0
INVAR-5, Run: 057, P, 0, 1, 1, 0, 0, 26, 0, 0, 0, 0, 0, 53, 78, 0, 26, 15, 11, 26, 0, 0, 78, 0
INVAR-5, Run: 058, P, 0, 1, 1, 0, 0, 26, 0, 0, 0, 0, 0, 53, 158, 0, 26, 14, 12, 26, 0, 0, 158, 0
INVAR-5, Run: 059, P, 0, 1, 1, 0, 0, 26, 0, 0, 0, 0, 0, 53, 100, 0, 26, 15, 11, 26, 0, 0, 100, 0
INVAR-5, Run: 060, P, 0, 1, 1, 0, 0, 26, 0, 0, 0, 0, 0, 53, 87, 0, 26, 19, 7, 26, 0, 0, 87, 0
INVAR-5, Run: 061, P, 0, 1, 1, 0, 0, 26, 0, 0, 0, 0, 0, 53, 140, 0, 26, 15, 11, 26, 0, 0, 140, 0
INVAR-5, Run: 062, P, 0, 1, 1, 0, 0, 26, 0, 0, 0, 0, 0, 53, 158, 0, 26, 18, 8, 26, 0, 0, 158, 0
INVAR-5, Run: 063, P, 0, 1, 1, 0, 0, 26, 0, 0, 0, 0, 0, 53, 84, 0, 26, 18, 8, 26, 0, 0, 84, 0
INVAR-5, Run: 064, P, 0, 1, 1, 0, 0, 26, 0, 0, 0, 0, 0, 53, 122, 0, 26, 16, 10, 26, 0, 0, 122, 0
INVAR-5, Run: 065, P, 0, 1, 1, 0, 0, 26, 0, 0, 0, 0, 0, 53, 112, 0, 26, 15, 11, 26, 0, 0, 112, 0
INVAR-5, Run: 066, P, 0, 1, 1, 0, 0, 26, 0, 0, 0, 0, 0, 53, 94, 0, 26, 22, 4, 26, 0, 0, 94, 0
INVAR-5, Run: 067, P, 0, 1, 1, 0, 0, 26, 0, 0, 0, 0, 0, 53, 134, 0, 26, 16, 10, 26, 0, 0, 134, 0
INVAR-5, Run: 068, P, 0, 1, 1, 0, 0, 26, 0, 0, 0, 0, 0, 53, 148, 0, 26, 12, 14, 26, 0, 0, 148, 0
INVAR-5, Run: 069, P, 0, 1, 1, 0, 0, 26, 0, 0, 0, 0, 0, 53, 149, 0, 26, 20, 6, 26, 0, 0, 149, 0
INVAR-5, Run: 070, P, 0, 1, 1, 0, 0, 26, 0, 0, 0, 0, 0, 53, 157, 0, 26, 15, 11, 26, 0, 0, 157, 0
INVAR-5, Run: 071, P, 0, 1, 1, 0, 0, 26, 0, 0, 0, 0, 0, 53, 89, 0, 26, 20, 6, 26, 0, 0, 89, 0
INVAR-5, Run: 072, P, 0, 1, 1, 0, 0, 26, 0, 0, 0, 0, 0, 53, 96, 0, 26, 22, 4, 26, 0, 0, 96, 0
INVAR-5, Run: 073, P, 0, 1, 1, 0, 0, 26, 0, 0, 0, 0, 0, 53, 105, 0, 26, 15, 11, 26, 0, 0, 105, 0
INVAR-5, Run: 074, P, 0, 1, 1, 0, 0, 26, 0, 0, 0, 0, 0, 53, 94, 0, 26, 13, 13, 26, 0, 0, 94, 0
INVAR-5, Run: 075, P, 0, 1, 1, 0, 0, 26, 0, 0, 0, 0, 0, 53, 100, 0, 26, 20, 6, 26, 0, 0, 100, 0
INVAR-5, Run: 076, P, 0, 1, 1, 0, 0, 26, 0, 0, 0, 0, 0, 53, 128, 0, 26, 20, 6, 26, 0, 0, 128, 0
INVAR-5, Run: 077, P, 0, 1, 1, 0, 0, 26, 0, 0, 0, 0, 0, 53, 141, 0, 26, 19, 7, 26, 0, 0, 141, 0
INVAR-5, Run: 078, P, 0, 1, 1, 0, 0, 26, 0, 0, 0, 0, 0, 53, 155, 0, 26, 19, 7, 26, 0, 0, 155, 0
INVAR-5, Run: 079, P, 0, 1, 1, 0, 0, 26, 0, 0, 0, 0, 0, 53, 132, 0, 26, 17, 9, 26, 0, 0, 132, 0
INVAR-5, Run: 080, P, 0, 1, 1, 0, 0, 26, 0, 0, 0, 0, 0, 53, 77, 0, 26, 20, 6, 26, 0, 0, 77, 0
INVAR-5, Run: 081, P, 0, 1, 1, 0, 0, 26, 0, 0, 0, 0, 0, 53, 142, 0, 26, 15, 11, 26, 0, 0, 142, 0
INVAR-5, Run: 082, P, 0, 1, 1, 0, 0, 26, 0, 0, 0, 0, 0, 53, 174, 0, 26, 17, 9, 26, 0, 0, 174, 0
INVAR-5, Run: 083, P, 0, 1, 1, 0, 0, 26, 0, 0, 0, 0, 0, 53, 141, 0, 26, 14, 12, 26, 0, 0, 141, 0
INVAR-5, Run: 084, P, 0, 1, 1, 0, 0, 26, 0, 0, 0, 0, 0, 53, 97, 0, 26, 21, 5, 26, 0, 0, 97, 0
INVAR-5, Run: 085, P, 0, 1, 1, 0, 0, 26, 0, 0, 0, 0, 0, 53, 104, 0, 26, 21, 5, 26, 0, 0, 104, 0
INVAR-5, Run: 086, P, 0, 1, 1, 0, 0, 26, 0, 0, 0, 0, 0, 53, 103, 0, 26, 19, 7, 26, 0, 0, 103, 0
INVAR-5, Run: 087, P, 0, 1, 1, 0, 0, 26, 0, 0, 0, 0, 0, 53, 134, 0, 26, 18, 8, 26, 0, 0, 134, 0
INVAR-5, Run: 088, P, 0, 1, 1, 0, 0, 26, 0, 0, 0, 0, 0, 53, 118, 0, 26, 23, 3, 26, 0, 0, 118, 0
INVAR-5, Run: 089, P, 0, 1, 1, 0, 0, 26, 0, 0, 0, 0, 0, 53, 90, 0, 26, 16, 10, 26, 0, 0, 90, 0
INVAR-5, Run: 090, P, 0, 1, 1, 0, 0, 26, 0, 0, 0, 0, 0, 53, 158, 0, 26, 16, 10, 26, 0, 0, 158, 0
INVAR-5, Run: 091, P, 0, 1, 1, 0, 0, 26, 0, 0, 0, 0, 0, 53, 171, 0, 26, 18, 8, 26, 0, 0, 171, 0
INVAR-5, Run: 092, P, 0, 1, 1, 0, 0, 26, 0, 0, 0, 0, 0, 53, 86, 0, 26, 16, 10, 26, 0, 0, 86, 0
INVAR-5, Run: 093, P, 0, 1, 1, 0, 0, 26, 0, 0, 0, 0, 0, 53, 153, 0, 26, 14, 12, 26, 0, 0, 153, 0
INVAR-5, Run: 094, P, 0, 1, 1, 0, 0, 26, 0, 0, 0, 0, 0, 53, 96, 0, 26, 18, 8, 26, 0, 0, 96, 0
INVAR-5, Run: 095, P, 0, 1, 1, 0, 0, 26, 0, 0, 0, 0, 0, 53, 74, 0, 26, 21, 5, 26, 0, 0, 74, 0
INVAR-5, Run: 096, P, 0, 1, 1, 0, 0, 26, 0, 0, 0, 0, 0, 53, 134, 0, 26, 21, 5, 26, 0, 0, 134, 0
INVAR-5, Run: 097, P, 0, 1, 1, 0, 0, 26, 0, 0, 0, 0, 0, 53, 121, 0, 26, 16, 10, 26, 0, 0, 121, 0
INVAR-5, Run: 098, P, 0, 1, 1, 0, 0, 26, 0, 0, 0, 0, 0, 53, 115, 0, 26, 11, 15, 26, 0, 0, 115, 0
INVAR-5, Run: 099, P, 0, 1, 1, 0, 0, 26, 0, 0, 0, 0, 0, 53, 115, 0, 26, 19, 7, 26, 0, 0, 115, 0
INVAR-5, Run: 100, P, 0, 1, 1, 0, 0, 26, 0, 0, 0, 0, 0, 53, 96, 0, 26, 15, 11, 26, 0, 0, 96, 0
INVAR-6, Run: 001, P, 0, 1, 1, 0, 0, 87, 0, 0, 0, 0, 0, 175, 749, 0, 87, 55, 32, 87, 0, 0, 749, 0
INVAR-6, Run: 002, P, 0, 1, 1, 0, 0, 87, 0, 0, 0, 0, 0, 175, 618, 0, 87, 59, 28, 87, 0, 0, 618, 0
INVAR-6, Run: 003, P, 0, 1, 1, 0, 0, 87, 0, 0, 0, 0, 0, 175, 881, 0, 87, 56, 31, 87, 0, 0, 881, 0
INVAR-6, Run: 004, P, 0, 1, 1, 0, 0, 87, 0, 0, 0, 0, 0, 175, 725, 0, 87, 50, 37, 87, 0, 0, 725, 0
INVAR-6, Run: 005, P, 0, 1, 1, 0, 0, 87, 0, 0, 0, 0, 0, 175, 646, 0, 87, 62, 25, 87, 0, 0, 646, 0
INVAR-6, Run: 006, P, 0, 1, 1, 0, 0, 87, 0, 0, 0, 0, 0, 175, 685, 0, 87, 54, 33, 87, 0, 0, 685, 0
INVAR-6, Run: 007, P, 0, 1, 1, 0, 0, 87, 0, 0, 0, 0, 0, 175, 643, 0, 87, 55, 32, 87, 0, 0, 643, 0
INVAR-6, Run: 008, P, 0, 1, 1, 0, 0, 87, 0, 0, 0, 0, 0, 175, 575, 0, 87, 65, 22, 87, 0, 0, 575, 0
INVAR-6, Run: 009, P, 0, 1, 1, 0, 0, 87, 0, 0, 0, 0, 0, 175, 626, 0, 87, 53, 34, 87, 0, 0, 626, 0
INVAR-6, Run: 010, P, 0, 1, 1, 0, 0, 87, 0, 0, 0, 0, 0, 175, 593, 0, 87, 60, 27, 87, 0, 0, 593, 0
INVAR-6, Run: 011, P, 0, 1, 1, 0, 0, 87, 0, 0, 0, 0, 0, 175, 602, 0, 87, 55, 32, 87, 0, 0, 602, 0
INVAR-6, Run: 012, P, 0, 1, 1, 0, 0, 87, 0, 0, 0, 0, 0, 175, 901, 0, 87, 64, 23, 87, 0, 0, 901, 0
INVAR-6, Run: 013, P, 0, 1, 1, 0, 0, 87, 0, 0, 0, 0, 0, 175, 671, 0, 87, 57, 30, 87, 0, 0, 671, 0
INVAR-6, Run: 014, P, 0, 1, 1, 0, 0, 87, 0, 0, 0, 0, 0, 175, 856, 0, 87, 59, 28, 87, 0, 0, 856, 0
INVAR-6, Run: 015, P, 0, 1, 1, 0, 0, 87, 0, 0, 0, 0, 0, 175, 788, 0, 87, 62, 25, 87, 0, 0, 788, 0
INVAR-6, Run: 016, P, 0, 1, 1, 0, 0, 87, 0, 0, 0, 0, 0, 175, 621, 0, 87, 58, 29, 87, 0, 0, 621, 0
INVAR-6, Run: 017, P, 0, 1, 1, 0, 0, 87, 0, 0, 0, 0, 0, 175, 574, 0, 87, 52, 35, 87, 0, 0, 574, 0
INVAR-6, Run: 018, P, 0, 1, 1, 0, 0, 87, 0, 0, 0, 0, 0, 175, 797, 0, 87, 53, 34, 87, 0, 0, 797, 0
INVAR-6, Run: 019, P, 0, 1, 1, 0, 0, 87, 0, 0, 0, 0, 0, 175, 700, 0, 87, 49, 38, 87, 0, 0, 700, 0
INVAR-6, Run: 020, P, 0, 1, 1, 0, 0, 87, 0, 0, 0, 0, 0, 175, 668, 0, 87, 55, 32, 87, 0, 0, 668, 0
INVAR-6, Run: 021, P, 0, 1, 1, 0, 0, 87, 0, 0, 0, 0, 0, 175, 577, 0, 87, 64, 23, 87, 0, 0, 577, 0
INVAR-6, Run: 022, P, 0, 1, 1, 0, 0, 87, 0, 0, 0, 0, 0, 175, 754, 0, 87, 59, 28, 87, 0, 0, 754, 0
INVAR-6, Run: 023, P, 0, 1, 1, 0, 0, 87, 0, 0, 0, 0, 0, 175, 829, 0, 87, 48, 39, 87, 0, 0, 829, 0
INVAR-6, Run: 024, P, 0, 1, 1, 0, 0, 87, 0, 0, 0, 0, 0, 175, 734, 0, 87, 51, 36, 87, 0, 0, 734, 0
INVAR-6, Run: 025, P, 0, 1, 1, 0, 0, 87, 0, 0, 0, 0, 0, 175, 766, 0, 87, 55, 32, 87, 0, 0, 766, 0
INVAR-6, Run: 026, P, 0, 1, 1, 0, 0, 87, 0, 0, 0, 0, 0, 175, 735, 0, 87, 55, 32, 87, 0, 0, 735, 0
INVAR-6, Run: 027, P, 0, 1, 1, 0, 0, 87, 0, 0, 0, 0, 0, 175, 728, 0, 87, 51, 36, 87, 0, 0, 728, 0
INVAR-6, Run: 028, P, 0, 1, 1, 0, 0, 87, 0, 0, 0, 0, 0, 175, 695, 0, 87, 56, 31, 87, 0, 0, 695, 0
INVAR-6, Run: 029, P, 0, 1, 1, 0, 0, 87, 0, 0, 0, 0, 0, 175, 520, 0, 87, 54, 33, 87, 0, 0, 520, 0
INVAR-6, Run: 030, P, 0, 1, 1, 0, 0, 87, 0, 0, 0, 0, 0, 175, 520, 0, 87, 57, 30, 87, 0, 0, 520, 0
INVAR-6, Run: 031, P, 0, 1, 1, 0, 0, 87, 0, 0, 0, 0, 0, 175, 833, 0, 87, 47, 40, 87, 0, 0, 833, 0
INVAR-6, Run: 032, P, 0, 1, 1, 0, 0, 87, 0, 0, 0, 0, 0, 175, 938, 0, 87, 53, 34, 87, 0, 0, 938, 0
INVAR-6, Run: 033, P, 0, 1, 1, 0, 0, 87, 0, 0, 0, 0, 0, 175, 678, 0, 87, 59, 28, 87, 0, 0, 678, 0
INVAR-6, Run: 034, P, 0, 1, 1, 0, 0, 87, 0, 0, 0, 0, 0, 175, 862, 0, 87, 53, 34, 87, 0, 0, 862, 0
INVAR-6, Run: 035, P, 0, 1, 1, 0, 0, 87, 0, 0, 0, 0, 0, 175, 538, 0, 87, 50, 37, 87, 0, 0, 538, 0
INVAR-6, Run: 036, P, 0, 1, 1, 0, 0, 87, 0, 0, 0, 0, 0, 175, 905, 0, 87, 54, 33, 87, 0, 0, 905, 0
INVAR-6, Run: 037, P, 0, 1, 1, 0, 0, 87, 0, 0, 0, 0, 0, 175, 627, 0, 87, 56, 31, 87, 0, 0, 627, 0
INVAR-6, Run: 038, P, 0, 1, 1, 0, 0, 87, 0, 0, 0, 0, 0, 175, 884, 0, 87, 54, 33, 87, 0, 0, 884, 0
INVAR-6, Run: 039, P, 0, 1, 1, 0, 0, 87, 0, 0, 0, 0, 0, 175, 773, 0, 87, 54, 33, 87, 0, 0, 773, 0
INVAR-6, Run: 040, P, 0, 1, 1, 0, 0, 87, 0, 0, 0, 0, 0, 175, 660, 0, 87, 59, 28, 87, 0, 0, 660, 0
INVAR-6, Run: 041, P, 0, 1, 1, 0, 0, 87, 0, 0, 0, 0, 0, 175, 756, 0, 87, 64, 23, 87, 0, 0, 756, 0
INVAR-6, Run: 042, P, 0, 1, 1, 0, 0, 87, 0, 0, 0, 0, 0, 175, 737, 0, 87, 64, 23, 87, 0, 0, 737, 0
INVAR-6, Run: 043, P, 0, 1, 1, 0, 0, 87, 0, 0, 0, 0, 0, 175, 630, 0, 87, 51, 36, 87, 0, 0, 630, 0
INVAR-6, Run: 044, P, 0, 1, 1, 0, 0, 87, 0, 0, 0, 0, 0, 175, 695, 0, 87, 53, 34, 87, 0, 0, 695, 0
INVAR-6, Run: 045, P, 0, 1, 1, 0, 0, 87, 0, 0, 0, 0, 0, 175, 891, 0, 87, 51, 36, 87, 0, 0, 891, 0
INVAR-6, Run: 046, P, 0, 1, 1, 0, 0, 87, 0, 0, 0, 0, 0, 175, 809, 0, 87, 58, 29, 87, 0, 0, 809, 0
INVAR-6, Run: 047, P, 0, 1, 1, 0, 0, 87, 0, 0, 0, 0, 0, 175, 621, 0, 87, 53, 34, 87, 0, 0, 621, 0
INVAR-6, Run: 048, P, 0, 1, 1, 0, 0, 87, 0, 0, 0, 0, 0, 175, 662, 0, 87, 54, 33, 87, 0, 0, 662, 0
INVAR-6, Run: 049, P, 0, 1, 1, 0, 0, 87, 0, 0, 0, 0, 0, 175, 793, 0, 87, 55, 32, 87, 0, 0, 793, 0
INVAR-6, Run: 050, P, 0, 1, 1, 0, 0, 87, 0, 0, 0, 0, 0, 175, 842, 0, 87, 61, 26, 87, 0, 0, 842, 0
INVAR-6, Run: 051, P, 0, 1, 1, 0, 0, 87, 0, 0, 0, 0, 0, 175, 627, 0, 87, 56, 31, 87, 0, 0, 627, 0
INVAR-6, Run: 052, P, 0, 1, 1, 0, 0, 87, 0, 0, 0, 0, 0, 175, 692, 0, 87, 57, 30, 87, 0, 0, 692, 0
INVAR-6, Run: 053, P, 0, 1, 1, 0, 0, 87, 0, 0, 0, 0, 0, 175, 614, 0, 87, 63, 24, 87, 0, 0, 614, 0
INVAR-6, Run: 054, P, 0, 1, 1, 0, 0, 87, 0, 0, 0, 0, 0, 175, 480, 0, 87, 54, 33, 87, 0, 0, 480, 0
INVAR-6, Run: 055, P, 0, 1, 1, 0, 0, 87, 0, 0, 0, 0, 0, 175, 927, 0, 87, 60, 27, 87, 0, 0, 927, 0
INVAR-6, Run: 056, P, 0, 1, 1, 0, 0, 87, 0, 0, 0, 0, 0, 175, 749, 0, 87, 50, 37, 87, 0, 0, 749, 0
INVAR-6, Run: 057, P, 0, 1, 1, 0, 0, 87, 0, 0, 0, 0, 0, 175, 615, 0, 87, 49, 38, 87, 0, 0, 615, 0
INVAR-6, Run: 058, P, 0, 1, 1, 0, 0, 87, 0, 0, 0, 0, 0, 175, 853, 0, 87, 61, 26, 87, 0, 0, 853, 0
INVAR-6, Run: 059, P, 0, 1, 1, 0, 0, 87, 0, 0, 0, 0, 0, 175, 798, 0, 87, 60, 27, 87, 0, 0, 798, 0
INVAR-6, Run: 060, P, 0, 1, 1, 0, 0, 87, 0, 0, 0, 0, 0, 175, 787, 0, 87, 60, 27, 87, 0, 0, 787, 0
INVAR-6, Run: 061, P, 0, 1, 1, 0, 0, 87, 0, 0, 0, 0, 0, 175, 637, 0, 87, 53, 34, 87, 0, 0, 637, 0
INVAR-6, Run: 062, P, 0, 1, 1, 0, 0, 87, 0, 0, 0, 0, 0, 175, 955, 0, 87, 60, 27, 87, 0, 0, 955, 0
INVAR-6, Run: 063, P, 0, 1, 1, 0, 0, 87, 0, 0, 0, 0, 0, 175, 937, 0, 87, 59, 28, 87, 0, 0, 937, 0
INVAR-6, Run: 064, P, 0, 1, 1, 0, 0, 87, 0, 0, 0, 0, 0, 175, 617, 0, 87, 61, 26, 87, 0, 0, 617, 0
INVAR-6, Run: 065, P, 0, 1, 1, 0, 0, 87, 0, 0, 0, 0, 0, 175, 838, 0, 87, 61, 26, 87, 0, 0, 838, 0
INVAR-6, Run: 066, P, 0, 1, 1, 0, 0, 87, 0, 0, 0, 0, 0, 175, 741, 0, 87, 50, 37, 87, 0, 0, 741, 0
INVAR-6, Run: 067, P, 0, 1, 1, 0, 0, 87, 0, 0, 0, 0, 0, 175, 755, 0, 87, 38, 49, 87, 0, 0, 755, 0
INVAR-6, Run: 068, P, 0, 1, 1, 0, 0, 87, 0, 0, 0, 0, 0, 175, 486, 0, 87, 58, 29, 87, 0, 0, 486, 0
INVAR-6, Run: 069, P, 0, 1, 1, 0, 0, 87, 0, 0, 0, 0, 0, 175, 492, 0, 87, 55, 32, 87, 0, 0, 492, 0
INVAR-6, Run: 070, P, 0, 1, 1, 0, 0, 87, 0, 0, 0, 0, 0, 175, 574, 0, 87, 54, 33, 87, 0, 0, 574, 0
INVAR-6, Run: 071, P, 0, 1, 1, 0, 0, 87, 0, 0, 0, 0, 0, 175, 743, 0, 87, 55, 32, 87, 0, 0, 743, 0
INVAR-6, Run: 072, P, 0, 1, 1, 0, 0, 87, 0, 0, 0, 0, 0, 175, 688, 0, 87, 56, 31, 87, 0, 0, 688, 0
INVAR-6, Run: 073, P, 0, 1, 1, 0, 0, 87, 0, 0, 0, 0, 0, 175, 602, 0, 87, 51, 36, 87, 0, 0, 602, 0
INVAR-6, Run: 074, P, 0, 1, 1, 0, 0, 87, 0, 0, 0, 0, 0, 175, 626, 0, 87, 59, 28, 87, 0, 0, 626, 0
INVAR-6, Run: 075, P, 0, 1, 1, 0, 0, 87, 0, 0, 0, 0, 0, 175, 635, 0, 87, 60, 27, 87, 0, 0, 635, 0
INVAR-6, Run: 076, P, 0, 1, 1, 0, 0, 87, 0, 0, 0, 0, 0, 175, 703, 0, 87, 59, 28, 87, 0, 0, 703, 0
INVAR-6, Run: 077, P, 0, 1, 1, 0, 0, 87, 0, 0, 0, 0, 0, 175, 796, 0, 87, 47, 40, 87, 0, 0, 796, 0
INVAR-6, Run: 078, P, 0, 1, 1, 0, 0, 87, 0, 0, 0, 0, 0, 175, 559, 0, 87, 63, 24, 87, 0, 0, 559, 0
INVAR-6, Run: 079, P, 0, 1, 1, 0, 0, 87, 0, 0, 0, 0, 0, 175, 739, 0, 87, 65, 22, 87, 0, 0, 739, 0
INVAR-6, Run: 080, P, 0, 1, 1, 0, 0, 87, 0, 0, 0, 0, 0, 175, 1026, 0, 87, 47, 40, 87, 0, 0, 1026, 0
INVAR-6, Run: 081, P, 0, 1, 1, 0, 0, 87, 0, 0, 0, 0, 0, 175, 611, 0, 87, 64, 23, 87, 0, 0, 611, 0
INVAR-6, Run: 082, P, 0, 1, 1, 0, 0, 87, 0, 0, 0, 0, 0, 175, 680, 0, 87, 43, 44, 87, 0, 0, 680, 0
INVAR-6, Run: 083, P, 0, 1, 1, 0, 0, 87, 0, 0, 0, 0, 0, 175, 645, 0, 87, 53, 34, 87, 0, 0, 645, 0
INVAR-6, Run: 084, P, 0, 1, 1, 0, 0, 87, 0, 0, 0, 0, 0, 175, 497, 0, 87, 52, 35, 87, 0, 0, 497, 0
INVAR-6, Run: 085, P, 0, 1, 1, 0, 0, 87, 0, 0, 0, 0, 0, 175, 700, 0, 87, 57, 30, 87, 0, 0, 700, 0
INVAR-6, Run: 086, P, 0, 1, 1, 0, 0, 87, 0, 0, 0, 0, 0, 175, 768, 0, 87, 55, 32, 87, 0, 0, 768, 0
INVAR-6, Run: 087, P, 0, 1, 1, 0, 0, 87, 0, 0, 0, 0, 0, 175, 656, 0, 87, 51, 36, 87, 0, 0, 656, 0
INVAR-6, Run: 088, P, 0, 1, 1, 0, 0, 87, 0, 0, 0, 0, 0, 175, 852, 0, 87, 61, 26, 87, 0, 0, 852, 0
INVAR-6, Run: 089, P, 0, 1, 1, 0, 0, 87, 0, 0, 0, 0, 0, 175, 823, 0, 87, 52, 35, 87, 0, 0, 823, 0
INVAR-6, Run: 090, P, 0, 1, 1, 0, 0, 87, 0, 0, 0, 0, 0, 175, 699, 0, 87, 58, 29, 87, 0, 0, 699, 0
INVAR-6, Run: 091, P, 0, 1, 1, 0, 0, 87, 0, 0, 0, 0, 0, 175, 551, 0, 87, 53, 34, 87, 0, 0, 551, 0
INVAR-6, Run: 092, P, 0, 1, 1, 0, 0, 87, 0, 0, 0, 0, 0, 175, 607, 0, 87, 57, 30, 87, 0, 0, 607, 0
INVAR-6, Run: 093, P, 0, 1, 1, 0, 0, 87, 0, 0, 0, 0, 0, 175, 741, 0, 87, 53, 34, 87, 0, 0, 741, 0
INVAR-6, Run: 094, P, 0, 1, 1, 0, 0, 87, 0, 0, 0, 0, 0, 175, 554, 0, 87, 52, 35, 87, 0, 0, 554, 0
INVAR-6, Run: 095, P, 0, 1, 1, 0, 0, 87, 0, 0, 0, 0, 0, 175, 813, 0, 87, 63, 24, 87, 0, 0, 813, 0
INVAR-6, Run: 096, P, 0, 1, 1, 0, 0, 87, 0, 0, 0, 0, 0, 175, 628, 0, 87, 61, 26, 87, 0, 0, 628, 0
INVAR-6, Run: 097, P, 0, 1, 1, 0, 0, 87, 0, 0, 0, 0, 0, 175, 669, 0, 87, 53, 34, 87, 0, 0, 669, 0
INVAR-6, Run: 098, P, 0, 1, 1, 0, 0, 87, 0, 0, 0, 0, 0, 175, 794, 0, 87, 57, 30, 87, 0, 0, 794, 0
INVAR-6, Run: 099, P, 0, 1, 1, 0, 0, 87, 0, 0, 0, 0, 0, 175, 745, 0, 87, 60, 27, 87, 0, 0, 745, 0
INVAR-6, Run: 100, P, 0, 1, 1, 0, 0, 87, 0, 0, 0, 0, 0, 175, 768, 0, 87, 59, 28, 87, 0, 0, 768, 0
INVAR-7, Run: 001, P, 0, 0, 0, 0, 0, 0, 0, 0, 0, 0, 0, 0, 0, 0, 0, 0, 0, 0, 0, 0, 0, 0
INVAR-7, Run: 002, P, 0, 0, 0, 0, 0, 0, 0, 0, 0, 0, 0, 0, 0, 0, 0, 0, 0, 0, 0, 0, 0, 0
INVAR-7, Run: 003, P, 0, 0, 0, 0, 0, 0, 0, 0, 0, 0, 0, 0, 0, 0, 0, 0, 0, 0, 0, 0, 0, 0
INVAR-7, Run: 004, P, 0, 0, 0, 0, 0, 0, 0, 0, 0, 0, 0, 0, 0, 0, 0, 0, 0, 0, 0, 0, 0, 0
INVAR-7, Run: 005, P, 0, 0, 0, 0, 0, 0, 0, 0, 0, 0, 0, 0, 0, 0, 0, 0, 0, 0, 0, 0, 0, 0
INVAR-7, Run: 006, P, 0, 0, 0, 0, 0, 0, 0, 0, 0, 0, 0, 0, 0, 0, 0, 0, 0, 0, 0, 0, 0, 0
INVAR-7, Run: 007, P, 0, 0, 0, 0, 0, 0, 0, 0, 0, 0, 0, 0, 0, 0, 0, 0, 0, 0, 0, 0, 0, 0
INVAR-7, Run: 008, P, 0, 0, 0, 0, 0, 0, 0, 0, 0, 0, 0, 0, 0, 0, 0, 0, 0, 0, 0, 0, 0, 0
INVAR-7, Run: 009, P, 0, 0, 0, 0, 0, 0, 0, 0, 0, 0, 0, 0, 0, 0, 0, 0, 0, 0, 0, 0, 0, 0
INVAR-7, Run: 010, P, 0, 0, 0, 0, 0, 0, 0, 0, 0, 0, 0, 0, 0, 0, 0, 0, 0, 0, 0, 0, 0, 0
INVAR-7, Run: 011, P, 0, 0, 0, 0, 0, 0, 0, 0, 0, 0, 0, 0, 0, 0, 0, 0, 0, 0, 0, 0, 0, 0
INVAR-7, Run: 012, P, 0, 0, 0, 0, 0, 0, 0, 0, 0, 0, 0, 0, 0, 0, 0, 0, 0, 0, 0, 0, 0, 0
INVAR-7, Run: 013, P, 0, 0, 0, 0, 0, 0, 0, 0, 0, 0, 0, 0, 0, 0, 0, 0, 0, 0, 0, 0, 0, 0
INVAR-7, Run: 014, P, 0, 0, 0, 0, 0, 0, 0, 0, 0, 0, 0, 0, 0, 0, 0, 0, 0, 0, 0, 0, 0, 0
INVAR-7, Run: 015, P, 0, 0, 0, 0, 0, 0, 0, 0, 0, 0, 0, 0, 0, 0, 0, 0, 0, 0, 0, 0, 0, 0
INVAR-7, Run: 016, P, 0, 0, 0, 0, 0, 0, 0, 0, 0, 0, 0, 0, 0, 0, 0, 0, 0, 0, 0, 0, 0, 0
INVAR-7, Run: 017, P, 0, 0, 0, 0, 0, 0, 0, 0, 0, 0, 0, 0, 0, 0, 0, 0, 0, 0, 0, 0, 0, 0
INVAR-7, Run: 018, P, 0, 0, 0, 0, 0, 0, 0, 0, 0, 0, 0, 0, 0, 0, 0, 0, 0, 0, 0, 0, 0, 0
INVAR-7, Run: 019, P, 0, 0, 0, 0, 0, 0, 0, 0, 0, 0, 0, 0, 0, 0, 0, 0, 0, 0, 0, 0, 0, 0
INVAR-7, Run: 020, P, 0, 0, 0, 0, 0, 0, 0, 0, 0, 0, 0, 0, 0, 0, 0, 0, 0, 0, 0, 0, 0, 0
INVAR-7, Run: 021, P, 0, 0, 0, 0, 0, 0, 0, 0, 0, 0, 0, 0, 0, 0, 0, 0, 0, 0, 0, 0, 0, 0
INVAR-7, Run: 022, P, 0, 0, 0, 0, 0, 0, 0, 0, 0, 0, 0, 0, 0, 0, 0, 0, 0, 0, 0, 0, 0, 0
INVAR-7, Run: 023, P, 0, 0, 0, 0, 0, 0, 0, 0, 0, 0, 0, 0, 0, 0, 0, 0, 0, 0, 0, 0, 0, 0
INVAR-7, Run: 024, P, 0, 0, 0, 0, 0, 0, 0, 0, 0, 0, 0, 0, 0, 0, 0, 0, 0, 0, 0, 0, 0, 0
INVAR-7, Run: 025, P, 0, 0, 0, 0, 0, 0, 0, 0, 0, 0, 0, 0, 0, 0, 0, 0, 0, 0, 0, 0, 0, 0
INVAR-7, Run: 026, P, 0, 0, 0, 0, 0, 0, 0, 0, 0, 0, 0, 0, 0, 0, 0, 0, 0, 0, 0, 0, 0, 0
INVAR-7, Run: 027, P, 0, 0, 0, 0, 0, 0, 0, 0, 0, 0, 0, 0, 0, 0, 0, 0, 0, 0, 0, 0, 0, 0
INVAR-7, Run: 028, P, 0, 0, 0, 0, 0, 0, 0, 0, 0, 0, 0, 0, 0, 0, 0, 0, 0, 0, 0, 0, 0, 0
INVAR-7, Run: 029, P, 0, 0, 0, 0, 0, 0, 0, 0, 0, 0, 0, 0, 0, 0, 0, 0, 0, 0, 0, 0, 0, 0
INVAR-7, Run: 030, P, 0, 0, 0, 0, 0, 0, 0, 0, 0, 0, 0, 0, 0, 0, 0, 0, 0, 0, 0, 0, 0, 0
INVAR-7, Run: 031, P, 0, 0, 0, 0, 0, 0, 0, 0, 0, 0, 0, 0, 0, 0, 0, 0, 0, 0, 0, 0, 0, 0
INVAR-7, Run: 032, P, 0, 0, 0, 0, 0, 0, 0, 0, 0, 0, 0, 0, 0, 0, 0, 0, 0, 0, 0, 0, 0, 0
INVAR-7, Run: 033, P, 0, 0, 0, 0, 0, 0, 0, 0, 0, 0, 0, 0, 0, 0, 0, 0, 0, 0, 0, 0, 0, 0
INVAR-7, Run: 034, P, 0, 0, 0, 0, 0, 0, 0, 0, 0, 0, 0, 0, 0, 0, 0, 0, 0, 0, 0, 0, 0, 0
INVAR-7, Run: 035, P, 0, 0, 0, 0, 0, 0, 0, 0, 0, 0, 0, 0, 0, 0, 0, 0, 0, 0, 0, 0, 0, 0
INVAR-7, Run: 036, P, 0, 0, 0, 0, 0, 0, 0, 0, 0, 0, 0, 0, 0, 0, 0, 0, 0, 0, 0, 0, 0, 0
INVAR-7, Run: 037, P, 0, 0, 0, 0, 0, 0, 0, 0, 0, 0, 0, 0, 0, 0, 0, 0, 0, 0, 0, 0, 0, 0
INVAR-7, Run: 038, P, 0, 0, 0, 0, 0, 0, 0, 0, 0, 0, 0, 0, 0, 0, 0, 0, 0, 0, 0, 0, 0, 0
INVAR-7, Run: 039, P, 0, 0, 0, 0, 0, 0, 0, 0, 0, 0, 0, 0, 0, 0, 0, 0, 0, 0, 0, 0, 0, 0
INVAR-7, Run: 040, P, 0, 0, 0, 0, 0, 0, 0, 0, 0, 0, 0, 0, 0, 0, 0, 0, 0, 0, 0, 0, 0, 0
INVAR-7, Run: 041, P, 0, 0, 0, 0, 0, 0, 0, 0, 0, 0, 0, 0, 0, 0, 0, 0, 0, 0, 0, 0, 0, 0
INVAR-7, Run: 042, P, 0, 0, 0, 0, 0, 0, 0, 0, 0, 0, 0, 0, 0, 0, 0, 0, 0, 0, 0, 0, 0, 0
INVAR-7, Run: 043, P, 0, 0, 0, 0, 0, 0, 0, 0, 0, 0, 0, 0, 0, 0, 0, 0, 0, 0, 0, 0, 0, 0
INVAR-7, Run: 044, P, 0, 0, 0, 0, 0, 0, 0, 0, 0, 0, 0, 0, 0, 0, 0, 0, 0, 0, 0, 0, 0, 0
INVAR-7, Run: 045, P, 0, 0, 0, 0, 0, 0, 0, 0, 0, 0, 0, 0, 0, 0, 0, 0, 0, 0, 0, 0, 0, 0
INVAR-7, Run: 046, P, 0, 0, 0, 0, 0, 0, 0, 0, 0, 0, 0, 0, 0, 0, 0, 0, 0, 0, 0, 0, 0, 0
INVAR-7, Run: 047, P, 0, 0, 0, 0, 0, 0, 0, 0, 0, 0, 0, 0, 0, 0, 0, 0, 0, 0, 0, 0, 0, 0
INVAR-7, Run: 048, P, 0, 0, 0, 0, 0, 0, 0, 0, 0, 0, 0, 0, 0, 0, 0, 0, 0, 0, 0, 0, 0, 0
INVAR-7, Run: 049, P, 0, 0, 0, 0, 0, 0, 0, 0, 0, 0, 0, 0, 0, 0, 0, 0, 0, 0, 0, 0, 0, 0
INVAR-7, Run: 050, P, 0, 0, 0, 0, 0, 0, 0, 0, 0, 0, 0, 0, 0, 0, 0, 0, 0, 0, 0, 0, 0, 0
INVAR-7, Run: 051, P, 0, 0, 0, 0, 0, 0, 0, 0, 0, 0, 0, 0, 0, 0, 0, 0, 0, 0, 0, 0, 0, 0
INVAR-7, Run: 052, P, 0, 0, 0, 0, 0, 0, 0, 0, 0, 0, 0, 0, 0, 0, 0, 0, 0, 0, 0, 0, 0, 0
INVAR-7, Run: 053, P, 0, 0, 0, 0, 0, 0, 0, 0, 0, 0, 0, 0, 0, 0, 0, 0, 0, 0, 0, 0, 0, 0
INVAR-7, Run: 054, P, 0, 0, 0, 0, 0, 0, 0, 0, 0, 0, 0, 0, 0, 0, 0, 0, 0, 0, 0, 0, 0, 0
INVAR-7, Run: 055, P, 0, 0, 0, 0, 0, 0, 0, 0, 0, 0, 0, 0, 0, 0, 0, 0, 0, 0, 0, 0, 0, 0
INVAR-7, Run: 056, P, 0, 0, 0, 0, 0, 0, 0, 0, 0, 0, 0, 0, 0, 0, 0, 0, 0, 0, 0, 0, 0, 0
INVAR-7, Run: 057, P, 0, 0, 0, 0, 0, 0, 0, 0, 0, 0, 0, 0, 0, 0, 0, 0, 0, 0, 0, 0, 0, 0
INVAR-7, Run: 058, P, 0, 0, 0, 0, 0, 0, 0, 0, 0, 0, 0, 0, 0, 0, 0, 0, 0, 0, 0, 0, 0, 0
INVAR-7, Run: 059, P, 0, 0, 0, 0, 0, 0, 0, 0, 0, 0, 0, 0, 0, 0, 0, 0, 0, 0, 0, 0, 0, 0
INVAR-7, Run: 060, P, 0, 0, 0, 0, 0, 0, 0, 0, 0, 0, 0, 0, 0, 0, 0, 0, 0, 0, 0, 0, 0, 0
INVAR-7, Run: 061, P, 0, 0, 0, 0, 0, 0, 0, 0, 0, 0, 0, 0, 0, 0, 0, 0, 0, 0, 0, 0, 0, 0
INVAR-7, Run: 062, P, 0, 0, 0, 0, 0, 0, 0, 0, 0, 0, 0, 0, 0, 0, 0, 0, 0, 0, 0, 0, 0, 0
INVAR-7, Run: 063, P, 0, 0, 0, 0, 0, 0, 0, 0, 0, 0, 0, 0, 0, 0, 0, 0, 0, 0, 0, 0, 0, 0
INVAR-7, Run: 064, P, 0, 0, 0, 0, 0, 0, 0, 0, 0, 0, 0, 0, 0, 0, 0, 0, 0, 0, 0, 0, 0, 0
INVAR-7, Run: 065, P, 0, 0, 0, 0, 0, 0, 0, 0, 0, 0, 0, 0, 0, 0, 0, 0, 0, 0, 0, 0, 0, 0
INVAR-7, Run: 066, P, 0, 0, 0, 0, 0, 0, 0, 0, 0, 0, 0, 0, 0, 0, 0, 0, 0, 0, 0, 0, 0, 0
INVAR-7, Run: 067, P, 0, 0, 0, 0, 0, 0, 0, 0, 0, 0, 0, 0, 0, 0, 0, 0, 0, 0, 0, 0, 0, 0
INVAR-7, Run: 068, P, 0, 0, 0, 0, 0, 0, 0, 0, 0, 0, 0, 0, 0, 0, 0, 0, 0, 0, 0, 0, 0, 0
INVAR-7, Run: 069, P, 0, 0, 0, 0, 0, 0, 0, 0, 0, 0, 0, 0, 0, 0, 0, 0, 0, 0, 0, 0, 0, 0
INVAR-7, Run: 070, P, 0, 0, 0, 0, 0, 0, 0, 0, 0, 0, 0, 0, 0, 0, 0, 0, 0, 0, 0, 0, 0, 0
INVAR-7, Run: 071, P, 0, 0, 0, 0, 0, 0, 0, 0, 0, 0, 0, 0, 0, 0, 0, 0, 0, 0, 0, 0, 0, 0
INVAR-7, Run: 072, P, 0, 0, 0, 0, 0, 0, 0, 0, 0, 0, 0, 0, 0, 0, 0, 0, 0, 0, 0, 0, 0, 0
INVAR-7, Run: 073, P, 0, 0, 0, 0, 0, 0, 0, 0, 0, 0, 0, 0, 0, 0, 0, 0, 0, 0, 0, 0, 0, 0
INVAR-7, Run: 074, P, 0, 0, 0, 0, 0, 0, 0, 0, 0, 0, 0, 0, 0, 0, 0, 0, 0, 0, 0, 0, 0, 0
INVAR-7, Run: 075, P, 0, 0, 0, 0, 0, 0, 0, 0, 0, 0, 0, 0, 0, 0, 0, 0, 0, 0, 0, 0, 0, 0
INVAR-7, Run: 076, P, 0, 0, 0, 0, 0, 0, 0, 0, 0, 0, 0, 0, 0, 0, 0, 0, 0, 0, 0, 0, 0, 0
INVAR-7, Run: 077, P, 0, 0, 0, 0, 0, 0, 0, 0, 0, 0, 0, 0, 0, 0, 0, 0, 0, 0, 0, 0, 0, 0
INVAR-7, Run: 078, P, 0, 0, 0, 0, 0, 0, 0, 0, 0, 0, 0, 0, 0, 0, 0, 0, 0, 0, 0, 0, 0, 0
INVAR-7, Run: 079, P, 0, 0, 0, 0, 0, 0, 0, 0, 0, 0, 0, 0, 0, 0, 0, 0, 0, 0, 0, 0, 0, 0
INVAR-7, Run: 080, P, 0, 0, 0, 0, 0, 0, 0, 0, 0, 0, 0, 0, 0, 0, 0, 0, 0, 0, 0, 0, 0, 0
INVAR-7, Run: 081, P, 0, 0, 0, 0, 0, 0, 0, 0, 0, 0, 0, 0, 0, 0, 0, 0, 0, 0, 0, 0, 0, 0
INVAR-7, Run: 082, P, 0, 0, 0, 0, 0, 0, 0, 0, 0, 0, 0, 0, 0, 0, 0, 0, 0, 0, 0, 0, 0, 0
INVAR-7, Run: 083, P, 0, 0, 0, 0, 0, 0, 0, 0, 0, 0, 0, 0, 0, 0, 0, 0, 0, 0, 0, 0, 0, 0
INVAR-7, Run: 084, P, 0, 0, 0, 0, 0, 0, 0, 0, 0, 0, 0, 0, 0, 0, 0, 0, 0, 0, 0, 0, 0, 0
INVAR-7, Run: 085, P, 0, 0, 0, 0, 0, 0, 0, 0, 0, 0, 0, 0, 0, 0, 0, 0, 0, 0, 0, 0, 0, 0
INVAR-7, Run: 086, P, 0, 0, 0, 0, 0, 0, 0, 0, 0, 0, 0, 0, 0, 0, 0, 0, 0, 0, 0, 0, 0, 0
INVAR-7, Run: 087, P, 0, 0, 0, 0, 0, 0, 0, 0, 0, 0, 0, 0, 0, 0, 0, 0, 0, 0, 0, 0, 0, 0
INVAR-7, Run: 088, P, 0, 0, 0, 0, 0, 0, 0, 0, 0, 0, 0, 0, 0, 0, 0, 0, 0, 0, 0, 0, 0, 0
INVAR-7, Run: 089, P, 0, 0, 0, 0, 0, 0, 0, 0, 0, 0, 0, 0, 0, 0, 0, 0, 0, 0, 0, 0, 0, 0
INVAR-7, Run: 090, P, 0, 0, 0, 0, 0, 0, 0, 0, 0, 0, 0, 0, 0, 0, 0, 0, 0, 0, 0, 0, 0, 0
INVAR-7, Run: 091, P, 0, 0, 0, 0, 0, 0, 0, 0, 0, 0, 0, 0, 0, 0, 0, 0, 0, 0, 0, 0, 0, 0
INVAR-7, Run: 092, P, 0, 0, 0, 0, 0, 0, 0, 0, 0, 0, 0, 0, 0, 0, 0, 0, 0, 0, 0, 0, 0, 0
INVAR-7, Run: 093, P, 0, 0, 0, 0, 0, 0, 0, 0, 0, 0, 0, 0, 0, 0, 0, 0, 0, 0, 0, 0, 0, 0
INVAR-7, Run: 094, P, 0, 0, 0, 0, 0, 0, 0, 0, 0, 0, 0, 0, 0, 0, 0, 0, 0, 0, 0, 0, 0, 0
INVAR-7, Run: 095, P, 0, 0, 0, 0, 0, 0, 0, 0, 0, 0, 0, 0, 0, 0, 0, 0, 0, 0, 0, 0, 0, 0
INVAR-7, Run: 096, P, 0, 0, 0, 0, 0, 0, 0, 0, 0, 0, 0, 0, 0, 0, 0, 0, 0, 0, 0, 0, 0, 0
INVAR-7, Run: 097, P, 0, 0, 0, 0, 0, 0, 0, 0, 0, 0, 0, 0, 0, 0, 0, 0, 0, 0, 0, 0, 0, 0
INVAR-7, Run: 098, P, 0, 0, 0, 0, 0, 0, 0, 0, 0, 0, 0, 0, 0, 0, 0, 0, 0, 0, 0, 0, 0, 0
INVAR-7, Run: 099, P, 0, 0, 0, 0, 0, 0, 0, 0, 0, 0, 0, 0, 0, 0, 0, 0, 0, 0, 0, 0, 0, 0
INVAR-7, Run: 100, P, 0, 0, 0, 0, 0, 0, 0, 0, 0, 0, 0, 0, 0, 0, 0, 0, 0, 0, 0, 0, 0, 0
INVAR-8, Run: 001, P, 0, 0, 0, 25, 25, 0, 0, 1, 0, 0, 0, 50, 63, 0, 25, 15, 9, 25, 0, 0, 88, 0
INVAR-8, Run: 002, P, 0, 0, 0, 25, 25, 0, 0, 1, 0, 0, 0, 50, 83, 0, 25, 14, 10, 25, 0, 0, 108, 0
INVAR-8, Run: 003, P, 0, 0, 0, 25, 25, 0, 0, 1, 0, 0, 0, 50, 92, 0, 25, 16, 8, 25, 0, 0, 117, 0
INVAR-8, Run: 004, P, 0, 0, 0, 25, 25, 0, 0, 1, 0, 0, 0, 50, 118, 0, 25, 15, 9, 25, 0, 0, 143, 0
INVAR-8, Run: 005, P, 0, 0, 0, 25, 25, 0, 0, 1, 0, 0, 0, 50, 87, 0, 25, 15, 9, 25, 0, 0, 112, 0
INVAR-8, Run: 006, P, 0, 0, 0, 25, 25, 0, 0, 1, 0, 0, 0, 50, 103, 0, 25, 13, 11, 25, 0, 0, 128, 0
INVAR-8, Run: 007, P, 0, 0, 0, 25, 25, 0, 0, 1, 0, 0, 0, 50, 107, 0, 25, 18, 6, 25, 0, 0, 132, 0
INVAR-8, Run: 008, P, 0, 0, 0, 25, 25, 0, 0, 1, 0, 0, 0, 50, 90, 0, 25, 16, 8, 25, 0, 0, 115, 0
INVAR-8, Run: 009, P, 0, 0, 0, 25, 25, 0, 0, 1, 0, 0, 0, 50, 80, 0, 25, 14, 10, 25, 0, 0, 105, 0
INVAR-8, Run: 010, P, 0, 0, 0, 25, 25, 0, 0, 1, 0, 0, 0, 50, 70, 0, 25, 13, 11, 25, 0, 0, 95, 0
INVAR-8, Run: 011, P, 0, 0, 0, 25, 25, 0, 0, 1, 0, 0, 0, 50, 62, 0, 25, 19, 5, 25, 0, 0, 87, 0
INVAR-8, Run: 012, P, 0, 0, 0, 25, 25, 0, 0, 1, 0, 0, 0, 50, 99, 0, 25, 9, 15, 25, 0, 0, 124, 0
INVAR-8, Run: 013, P, 0, 0, 0, 25, 25, 0, 0, 1, 0, 0, 0, 50, 81, 0, 25, 19, 5, 25, 0, 0, 106, 0
INVAR-8, Run: 014, P, 0, 0, 0, 25, 25, 0, 0, 1, 0, 0, 0, 50, 78, 0, 25, 18, 6, 25, 0, 0, 103, 0
INVAR-8, Run: 015, P, 0, 0, 0, 25, 25, 0, 0, 1, 0, 0, 0, 50, 103, 0, 25, 13, 11, 25, 0, 0, 128, 0
INVAR-8, Run: 016, P, 0, 0, 0, 25, 25, 0, 0, 1, 0, 0, 0, 50, 82, 0, 25, 13, 11, 25, 0, 0, 107, 0
INVAR-8, Run: 017, P, 0, 0, 0, 25, 25, 0, 0, 1, 0, 0, 0, 50, 65, 0, 25, 14, 10, 25, 0, 0, 90, 0
INVAR-8, Run: 018, P, 0, 0, 0, 25, 25, 0, 0, 1, 0, 0, 0, 50, 67, 0, 25, 15, 9, 25, 0, 0, 92, 0
INVAR-8, Run: 019, P, 0, 0, 0, 25, 25, 0, 0, 1, 0, 0, 0, 50, 62, 0, 25, 17, 7, 25, 0, 0, 87, 0
INVAR-8, Run: 020, P, 0, 0, 0, 25, 25, 0, 0, 1, 0, 0, 0, 50, 90, 0, 25, 14, 10, 25, 0, 0, 115, 0
INVAR-8, Run: 021, P, 0, 0, 0, 25, 25, 0, 0, 1, 0, 0, 0, 50, 93, 0, 25, 16, 8, 25, 0, 0, 118, 0
INVAR-8, Run: 022, P, 0, 0, 0, 25, 25, 0, 0, 1, 0, 0, 0, 50, 58, 0, 25, 16, 8, 25, 0, 0, 83, 0
INVAR-8, Run: 023, P, 0, 0, 0, 25, 25, 0, 0, 1, 0, 0, 0, 50, 108, 0, 25, 16, 8, 25, 0, 0, 133, 0
INVAR-8, Run: 024, P, 0, 0, 0, 25, 25, 0, 0, 1, 0, 0, 0, 50, 77, 0, 25, 14, 10, 25, 0, 0, 102, 0
INVAR-8, Run: 025, P, 0, 0, 0, 25, 25, 0, 0, 1, 0, 0, 0, 50, 96, 0, 25, 11, 13, 25, 0, 0, 121, 0
INVAR-8, Run: 026, P, 0, 0, 0, 25, 25, 0, 0, 1, 0, 0, 0, 50, 85, 0, 25, 15, 9, 25, 0, 0, 110, 0
INVAR-8, Run: 027, P, 0, 0, 0, 25, 25, 0, 0, 1, 0, 0, 0, 50, 118, 0, 25, 18, 6, 25, 0, 0, 143, 0
INVAR-8, Run: 028, P, 0, 0, 0, 25, 25, 0, 0, 1, 0, 0, 0, 50, 58, 0, 25, 14, 10, 25, 0, 0, 83, 0
INVAR-8, Run: 029, P, 0, 0, 0, 25, 25, 0, 0, 1, 0, 0, 0, 50, 55, 0, 25, 11, 13, 25, 0, 0, 80, 0
INVAR-8, Run: 030, P, 0, 0, 0, 25, 25, 0, 0, 1, 0, 0, 0, 50, 72, 0, 25, 13, 11, 25, 0, 0, 97, 0
INVAR-8, Run: 031, P, 0, 0, 0, 25, 25, 0, 0, 1, 0, 0, 0, 50, 51, 0, 25, 15, 9, 25, 0, 0, 76, 0
INVAR-8, Run: 032, P, 0, 0, 0, 25, 25, 0, 0, 1, 0, 0, 0, 50, 67, 0, 25, 14, 10, 25, 0, 0, 92, 0
INVAR-8, Run: 033, P, 0, 0, 0, 25, 25, 0, 0, 1, 0, 0, 0, 50, 101, 0, 25, 19, 5, 25, 0, 0, 126, 0
INVAR-8, Run: 034, P, 0, 0, 0, 25, 25, 0, 0, 1, 0, 0, 0, 50, 74, 0, 25, 13, 11, 25, 0, 0, 99, 0
INVAR-8, Run: 035, P, 0, 0, 0, 25, 25, 0, 0, 1, 0, 0, 0, 50, 77, 0, 25, 19, 5, 25, 0, 0, 102, 0
INVAR-8, Run: 036, P, 0, 0, 0, 25, 25, 0, 0, 1, 0, 0, 0, 50, 50, 0, 25, 10, 14, 25, 0, 0, 75, 0
INVAR-8, Run: 037, P, 0, 0, 0, 25, 25, 0, 0, 1, 0, 0, 0, 50, 57, 0, 25, 11, 13, 25, 0, 0, 82, 0
INVAR-8, Run: 038, P, 0, 0, 0, 25, 25, 0, 0, 1, 0, 0, 0, 50, 64, 0, 25, 16, 8, 25, 0, 0, 89, 0
INVAR-8, Run: 039, P, 0, 0, 0, 25, 25, 0, 0, 1, 0, 0, 0, 50, 101, 0, 25, 17, 7, 25, 0, 0, 126, 0
INVAR-8, Run: 040, P, 0, 0, 0, 25, 25, 0, 0, 1, 0, 0, 0, 50, 70, 0, 25, 19, 5, 25, 0, 0, 95, 0
INVAR-8, Run: 041, P, 0, 0, 0, 25, 25, 0, 0, 1, 0, 0, 0, 50, 57, 0, 25, 22, 2, 25, 0, 0, 82, 0
INVAR-8, Run: 042, P, 0, 0, 0, 25, 25, 0, 0, 1, 0, 0, 0, 50, 142, 0, 25, 15, 9, 25, 0, 0, 167, 0
INVAR-8, Run: 043, P, 0, 0, 0, 25, 25, 0, 0, 1, 0, 0, 0, 50, 57, 0, 25, 19, 5, 25, 0, 0, 82, 0
INVAR-8, Run: 044, P, 0, 0, 0, 25, 25, 0, 0, 1, 0, 0, 0, 50, 69, 0, 25, 18, 6, 25, 0, 0, 94, 0
INVAR-8, Run: 045, P, 0, 0, 0, 25, 25, 0, 0, 1, 0, 0, 0, 50, 54, 0, 25, 15, 9, 25, 0, 0, 79, 0
INVAR-8, Run: 046, P, 0, 0, 0, 25, 25, 0, 0, 1, 0, 0, 0, 50, 74, 0, 25, 10, 14, 25, 0, 0, 99, 0
INVAR-8, Run: 047, P, 0, 0, 0, 25, 25, 0, 0, 1, 0, 0, 0, 50, 102, 0, 25, 17, 7, 25, 0, 0, 127, 0
INVAR-8, Run: 048, P, 0, 0, 0, 25, 25, 0, 0, 1, 0, 0, 0, 50, 93, 0, 25, 19, 5, 25, 0, 0, 118, 0
INVAR-8, Run: 049, P, 0, 0, 0, 25, 25, 0, 0, 1, 0, 0, 0, 50, 103, 0, 25, 14, 10, 25, 0, 0, 128, 0
INVAR-8, Run: 050, P, 0, 0, 0, 25, 25, 0, 0, 1, 0, 0, 0, 50, 50, 0, 25, 17, 7, 25, 0, 0, 75, 0
INVAR-8, Run: 051, P, 0, 0, 0, 25, 25, 0, 0, 1, 0, 0, 0, 50, 86, 0, 25, 16, 8, 25, 0, 0, 111, 0
INVAR-8, Run: 052, P, 0, 0, 0, 25, 25, 0, 0, 1, 0, 0, 0, 50, 90, 0, 25, 12, 12, 25, 0, 0, 115, 0
INVAR-8, Run: 053, P, 0, 0, 0, 25, 25, 0, 0, 1, 0, 0, 0, 50, 107, 0, 25, 17, 7, 25, 0, 0, 132, 0
INVAR-8, Run: 054, P, 0, 0, 0, 25, 25, 0, 0, 1, 0, 0, 0, 50, 138, 0, 25, 13, 11, 25, 0, 0, 163, 0
INVAR-8, Run: 055, P, 0, 0, 0, 25, 25, 0, 0, 1, 0, 0, 0, 50, 61, 0, 25, 16, 8, 25, 0, 0, 86, 0
INVAR-8, Run: 056, P, 0, 0, 0, 25, 25, 0, 0, 1, 0, 0, 0, 50, 58, 0, 25, 17, 7, 25, 0, 0, 83, 0
INVAR-8, Run: 057, P, 0, 0, 0, 25, 25, 0, 0, 1, 0, 0, 0, 50, 81, 0, 25, 10, 14, 25, 0, 0, 106, 0
INVAR-8, Run: 058, P, 0, 0, 0, 25, 25, 0, 0, 1, 0, 0, 0, 50, 106, 0, 25, 11, 13, 25, 0, 0, 131, 0
INVAR-8, Run: 059, P, 0, 0, 0, 25, 25, 0, 0, 1, 0, 0, 0, 50, 75, 0, 25, 14, 10, 25, 0, 0, 100, 0
INVAR-8, Run: 060, P, 0, 0, 0, 25, 25, 0, 0, 1, 0, 0, 0, 50, 122, 0, 25, 15, 9, 25, 0, 0, 147, 0
INVAR-8, Run: 061, P, 0, 0, 0, 25, 25, 0, 0, 1, 0, 0, 0, 50, 93, 0, 25, 13, 11, 25, 0, 0, 118, 0
INVAR-8, Run: 062, P, 0, 0, 0, 25, 25, 0, 0, 1, 0, 0, 0, 50, 110, 0, 25, 14, 10, 25, 0, 0, 135, 0
INVAR-8, Run: 063, P, 0, 0, 0, 25, 25, 0, 0, 1, 0, 0, 0, 50, 90, 0, 25, 15, 9, 25, 0, 0, 115, 0
INVAR-8, Run: 064, P, 0, 0, 0, 25, 25, 0, 0, 1, 0, 0, 0, 50, 103, 0, 25, 14, 10, 25, 0, 0, 128, 0
INVAR-8, Run: 065, P, 0, 0, 0, 25, 25, 0, 0, 1, 0, 0, 0, 50, 43, 0, 25, 18, 6, 25, 0, 0, 68, 0
INVAR-8, Run: 066, P, 0, 0, 0, 25, 25, 0, 0, 1, 0, 0, 0, 50, 108, 0, 25, 13, 11, 25, 0, 0, 133, 0
INVAR-8, Run: 067, P, 0, 0, 0, 25, 25, 0, 0, 1, 0, 0, 0, 50, 62, 0, 25, 18, 6, 25, 0, 0, 87, 0
INVAR-8, Run: 068, P, 0, 0, 0, 25, 25, 0, 0, 1, 0, 0, 0, 50, 119, 0, 25, 17, 7, 25, 0, 0, 144, 0
INVAR-8, Run: 069, P, 0, 0, 0, 25, 25, 0, 0, 1, 0, 0, 0, 50, 82, 0, 25, 15, 9, 25, 0, 0, 107, 0
INVAR-8, Run: 070, P, 0, 0, 0, 25, 25, 0, 0, 1, 0, 0, 0, 50, 37, 0, 25, 17, 7, 25, 0, 0, 62, 0
INVAR-8, Run: 071, P, 0, 0, 0, 25, 25, 0, 0, 1, 0, 0, 0, 50, 51, 0, 25, 15, 9, 25, 0, 0, 76, 0
INVAR-8, Run: 072, P, 0, 0, 0, 25, 25, 0, 0, 1, 0, 0, 0, 50, 109, 0, 25, 12, 12, 25, 0, 0, 134, 0
INVAR-8, Run: 073, P, 0, 0, 0, 25, 25, 0, 0, 1, 0, 0, 0, 50, 112, 0, 25, 14, 10, 25, 0, 0, 137, 0
INVAR-8, Run: 074, P, 0, 0, 0, 25, 25, 0, 0, 1, 0, 0, 0, 50, 77, 0, 25, 19, 5, 25, 0, 0, 102, 0
INVAR-8, Run: 075, P, 0, 0, 0, 25, 25, 0, 0, 1, 0, 0, 0, 50, 84, 0, 25, 16, 8, 25, 0, 0, 109, 0
INVAR-8, Run: 076, P, 0, 0, 0, 25, 25, 0, 0, 1, 0, 0, 0, 50, 71, 0, 25, 14, 10, 25, 0, 0, 96, 0
INVAR-8, Run: 077, P, 0, 0, 0, 25, 25, 0, 0, 1, 0, 0, 0, 50, 112, 0, 25, 13, 11, 25, 0, 0, 137, 0
INVAR-8, Run: 078, P, 0, 0, 0, 25, 25, 0, 0, 1, 0, 0, 0, 50, 103, 0, 25, 17, 7, 25, 0, 0, 128, 0
INVAR-8, Run: 079, P, 0, 0, 0, 25, 25, 0, 0, 1, 0, 0, 0, 50, 80, 0, 25, 18, 6, 25, 0, 0, 105, 0
INVAR-8, Run: 080, P, 0, 0, 0, 25, 25, 0, 0, 1, 0, 0, 0, 50, 142, 0, 25, 11, 13, 25, 0, 0, 167, 0
INVAR-8, Run: 081, P, 0, 0, 0, 25, 25, 0, 0, 1, 0, 0, 0, 50, 95, 0, 25, 21, 3, 25, 0, 0, 120, 0
INVAR-8, Run: 082, P, 0, 0, 0, 25, 25, 0, 0, 1, 0, 0, 0, 50, 100, 0, 25, 13, 11, 25, 0, 0, 125, 0
INVAR-8, Run: 083, P, 0, 0, 0, 25, 25, 0, 0, 1, 0, 0, 0, 50, 73, 0, 25, 18, 6, 25, 0, 0, 98, 0
INVAR-8, Run: 084, P, 0, 0, 0, 25, 25, 0, 0, 1, 0, 0, 0, 50, 61, 0, 25, 11, 13, 25, 0, 0, 86, 0
INVAR-8, Run: 085, P, 0, 0, 0, 25, 25, 0, 0, 1, 0, 0, 0, 50, 69, 0, 25, 18, 6, 25, 0, 0, 94, 0
INVAR-8, Run: 086, P, 0, 0, 0, 25, 25, 0, 0, 1, 0, 0, 0, 50, 77, 0, 25, 13, 11, 25, 0, 0, 102, 0
INVAR-8, Run: 087, P, 0, 0, 0, 25, 25, 0, 0, 1, 0, 0, 0, 50, 58, 0, 25, 15, 9, 25, 0, 0, 83, 0
INVAR-8, Run: 088, P, 0, 0, 0, 25, 25, 0, 0, 1, 0, 0, 0, 50, 70, 0, 25, 13, 11, 25, 0, 0, 95, 0
INVAR-8, Run: 089, P, 0, 0, 0, 25, 25, 0, 0, 1, 0, 0, 0, 50, 78, 0, 25, 12, 12, 25, 0, 0, 103, 0
INVAR-8, Run: 090, P, 0, 0, 0, 25, 25, 0, 0, 1, 0, 0, 0, 50, 107, 0, 25, 12, 12, 25, 0, 0, 132, 0
INVAR-8, Run: 091, P, 0, 0, 0, 25, 25, 0, 0, 1, 0, 0, 0, 50, 62, 0, 25, 19, 5, 25, 0, 0, 87, 0
INVAR-8, Run: 092, P, 0, 0, 0, 25, 25, 0, 0, 1, 0, 0, 0, 50, 79, 0, 25, 18, 6, 25, 0, 0, 104, 0
INVAR-8, Run: 093, P, 0, 0, 0, 25, 25, 0, 0, 1, 0, 0, 0, 50, 114, 0, 25, 15, 9, 25, 0, 0, 139, 0
INVAR-8, Run: 094, P, 0, 0, 0, 25, 25, 0, 0, 1, 0, 0, 0, 50, 42, 0, 25, 14, 10, 25, 0, 0, 67, 0
INVAR-8, Run: 095, P, 0, 0, 0, 25, 25, 0, 0, 1, 0, 0, 0, 50, 59, 0, 25, 13, 11, 25, 0, 0, 84, 0
INVAR-8, Run: 096, P, 0, 0, 0, 25, 25, 0, 0, 1, 0, 0, 0, 50, 62, 0, 25, 18, 6, 25, 0, 0, 87, 0
INVAR-8, Run: 097, P, 0, 0, 0, 25, 25, 0, 0, 1, 0, 0, 0, 50, 95, 0, 25, 18, 6, 25, 0, 0, 120, 0
INVAR-8, Run: 098, P, 0, 0, 0, 25, 25, 0, 0, 1, 0, 0, 0, 50, 80, 0, 25, 14, 10, 25, 0, 0, 105, 0
INVAR-8, Run: 099, P, 0, 0, 0, 25, 25, 0, 0, 1, 0, 0, 0, 50, 74, 0, 25, 19, 5, 25, 0, 0, 99, 0
INVAR-8, Run: 100, P, 0, 0, 0, 25, 25, 0, 0, 1, 0, 0, 0, 50, 86, 0, 25, 9, 15, 25, 0, 0, 111, 0
INVAR-9, Run: 001, P, 0, 0, 0, 50, 50, 0, 0, 1, 0, 0, 0, 100, 294, 0, 50, 25, 24, 50, 0, 0, 344, 0
INVAR-9, Run: 002, P, 0, 0, 0, 50, 50, 0, 0, 1, 0, 0, 0, 100, 199, 0, 50, 35, 14, 50, 0, 0, 249, 0
INVAR-9, Run: 003, P, 0, 0, 0, 50, 50, 0, 0, 1, 0, 0, 0, 100, 294, 0, 50, 29, 20, 50, 0, 0, 344, 0
INVAR-9, Run: 004, P, 0, 0, 0, 50, 50, 0, 0, 1, 0, 0, 0, 100, 340, 0, 50, 29, 20, 50, 0, 0, 390, 0
INVAR-9, Run: 005, P, 0, 0, 0, 50, 50, 0, 0, 1, 0, 0, 0, 100, 255, 0, 50, 30, 19, 50, 0, 0, 305, 0
INVAR-9, Run: 006, P, 0, 0, 0, 50, 50, 0, 0, 1, 0, 0, 0, 100, 323, 0, 50, 35, 14, 50, 0, 0, 373, 0
INVAR-9, Run: 007, P, 0, 0, 0, 50, 50, 0, 0, 1, 0, 0, 0, 100, 212, 0, 50, 36, 13, 50, 0, 0, 262, 0
INVAR-9, Run: 008, P, 0, 0, 0, 50, 50, 0, 0, 1, 0, 0, 0, 100, 327, 0, 50, 33, 16, 50, 0, 0, 377, 0
INVAR-9, Run: 009, P, 0, 0, 0, 50, 50, 0, 0, 1, 0, 0, 0, 100, 319, 0, 50, 29, 20, 50, 0, 0, 369, 0
INVAR-9, Run: 010, P, 0, 0, 0, 50, 50, 0, 0, 1, 0, 0, 0, 100, 217, 0, 50, 28, 21, 50, 0, 0, 267, 0
INVAR-9, Run: 011, P, 0, 0, 0, 50, 50, 0, 0, 1, 0, 0, 0, 100, 241, 0, 50, 28, 21, 50, 0, 0, 291, 0
INVAR-9, Run: 012, P, 0, 0, 0, 50, 50, 0, 0, 1, 0, 0, 0, 100, 220, 0, 50, 32, 17, 50, 0, 0, 270, 0
INVAR-9, Run: 013, P, 0, 0, 0, 50, 50, 0, 0, 1, 0, 0, 0, 100, 229, 0, 50, 27, 22, 50, 0, 0, 279, 0
INVAR-9, Run: 014, P, 0, 0, 0, 50, 50, 0, 0, 1, 0, 0, 0, 100, 162, 0, 50, 39, 10, 50, 0, 0, 212, 0
INVAR-9, Run: 015, P, 0, 0, 0, 50, 50, 0, 0, 1, 0, 0, 0, 100, 254, 0, 50, 34, 15, 50, 0, 0, 304, 0
INVAR-9, Run: 016, P, 0, 0, 0, 50, 50, 0, 0, 1, 0, 0, 0, 100, 199, 0, 50, 37, 12, 50, 0, 0, 249, 0
INVAR-9, Run: 017, P, 0, 0, 0, 50, 50, 0, 0, 1, 0, 0, 0, 100, 261, 0, 50, 31, 18, 50, 0, 0, 311, 0
INVAR-9, Run: 018, P, 0, 0, 0, 50, 50, 0, 0, 1, 0, 0, 0, 100, 237, 0, 50, 27, 22, 50, 0, 0, 287, 0
INVAR-9, Run: 019, P, 0, 0, 0, 50, 50, 0, 0, 1, 0, 0, 0, 100, 255, 0, 50, 34, 15, 50, 0, 0, 305, 0
INVAR-9, Run: 020, P, 0, 0, 0, 50, 50, 0, 0, 1, 0, 0, 0, 100, 225, 0, 50, 32, 17, 50, 0, 0, 275, 0
INVAR-9, Run: 021, P, 0, 0, 0, 50, 50, 0, 0, 1, 0, 0, 0, 100, 321, 0, 50, 33, 16, 50, 0, 0, 371, 0
INVAR-9, Run: 022, P, 0, 0, 0, 50, 50, 0, 0, 1, 0, 0, 0, 100, 240, 0, 50, 33, 16, 50, 0, 0, 290, 0
INVAR-9, Run: 023, P, 0, 0, 0, 50, 50, 0, 0, 1, 0, 0, 0, 100, 298, 0, 50, 26, 23, 50, 0, 0, 348, 0
INVAR-9, Run: 024, P, 0, 0, 0, 50, 50, 0, 0, 1, 0, 0, 0, 100, 278, 0, 50, 37, 12, 50, 0, 0, 328, 0
INVAR-9, Run: 025, P, 0, 0, 0, 50, 50, 0, 0, 1, 0, 0, 0, 100, 224, 0, 50, 28, 21, 50, 0, 0, 274, 0
INVAR-9, Run: 026, P, 0, 0, 0, 50, 50, 0, 0, 1, 0, 0, 0, 100, 318, 0, 50, 29, 20, 50, 0, 0, 368, 0
INVAR-9, Run: 027, P, 0, 0, 0, 50, 50, 0, 0, 1, 0, 0, 0, 100, 205, 0, 50, 35, 14, 50, 0, 0, 255, 0
INVAR-9, Run: 028, P, 0, 0, 0, 50, 50, 0, 0, 1, 0, 0, 0, 100, 237, 0, 50, 34, 15, 50, 0, 0, 287, 0
INVAR-9, Run: 029, P, 0, 0, 0, 50, 50, 0, 0, 1, 0, 0, 0, 100, 242, 0, 50, 32, 17, 50, 0, 0, 292, 0
INVAR-9, Run: 030, P, 0, 0, 0, 50, 50, 0, 0, 1, 0, 0, 0, 100, 238, 0, 50, 25, 24, 50, 0, 0, 288, 0
INVAR-9, Run: 031, P, 0, 0, 0, 50, 50, 0, 0, 1, 0, 0, 0, 100, 205, 0, 50, 32, 17, 50, 0, 0, 255, 0
INVAR-9, Run: 032, P, 0, 0, 0, 50, 50, 0, 0, 1, 0, 0, 0, 100, 255, 0, 50, 36, 13, 50, 0, 0, 305, 0
INVAR-9, Run: 033, P, 0, 0, 0, 50, 50, 0, 0, 1, 0, 0, 0, 100, 249, 0, 50, 33, 16, 50, 0, 0, 299, 0
INVAR-9, Run: 034, P, 0, 0, 0, 50, 50, 0, 0, 1, 0, 0, 0, 100, 226, 0, 50, 30, 19, 50, 0, 0, 276, 0
INVAR-9, Run: 035, P, 0, 0, 0, 50, 50, 0, 0, 1, 0, 0, 0, 100, 259, 0, 50, 28, 21, 50, 0, 0, 309, 0
INVAR-9, Run: 036, P, 0, 0, 0, 50, 50, 0, 0, 1, 0, 0, 0, 100, 294, 0, 50, 36, 13, 50, 0, 0, 344, 0
INVAR-9, Run: 037, P, 0, 0, 0, 50, 50, 0, 0, 1, 0, 0, 0, 100, 258, 0, 50, 28, 21, 50, 0, 0, 308, 0
INVAR-9, Run: 038, P, 0, 0, 0, 50, 50, 0, 0, 1, 0, 0, 0, 100, 227, 0, 50, 31, 18, 50, 0, 0, 277, 0
INVAR-9, Run: 039, P, 0, 0, 0, 50, 50, 0, 0, 1, 0, 0, 0, 100, 260, 0, 50, 34, 15, 50, 0, 0, 310, 0
INVAR-9, Run: 040, P, 0, 0, 0, 50, 50, 0, 0, 1, 0, 0, 0, 100, 241, 0, 50, 31, 18, 50, 0, 0, 291, 0
INVAR-9, Run: 041, P, 0, 0, 0, 50, 50, 0, 0, 1, 0, 0, 0, 100, 254, 0, 50, 34, 15, 50, 0, 0, 304, 0
INVAR-9, Run: 042, P, 0, 0, 0, 50, 50, 0, 0, 1, 0, 0, 0, 100, 287, 0, 50, 33, 16, 50, 0, 0, 337, 0
INVAR-9, Run: 043, P, 0, 0, 0, 50, 50, 0, 0, 1, 0, 0, 0, 100, 332, 0, 50, 25, 24, 50, 0, 0, 382, 0
INVAR-9, Run: 044, P, 0, 0, 0, 50, 50, 0, 0, 1, 0, 0, 0, 100, 247, 0, 50, 29, 20, 50, 0, 0, 297, 0
INVAR-9, Run: 045, P, 0, 0, 0, 50, 50, 0, 0, 1, 0, 0, 0, 100, 273, 0, 50, 25, 24, 50, 0, 0, 323, 0
INVAR-9, Run: 046, P, 0, 0, 0, 50, 50, 0, 0, 1, 0, 0, 0, 100, 179, 0, 50, 24, 25, 50, 0, 0, 229, 0
INVAR-9, Run: 047, P, 0, 0, 0, 50, 50, 0, 0, 1, 0, 0, 0, 100, 280, 0, 50, 30, 19, 50, 0, 0, 330, 0
INVAR-9, Run: 048, P, 0, 0, 0, 50, 50, 0, 0, 1, 0, 0, 0, 100, 179, 0, 50, 40, 9, 50, 0, 0, 229, 0
INVAR-9, Run: 049, P, 0, 0, 0, 50, 50, 0, 0, 1, 0, 0, 0, 100, 313, 0, 50, 30, 19, 50, 0, 0, 363, 0
INVAR-9, Run: 050, P, 0, 0, 0, 50, 50, 0, 0, 1, 0, 0, 0, 100, 345, 0, 50, 31, 18, 50, 0, 0, 395, 0
INVAR-9, Run: 051, P, 0, 0, 0, 50, 50, 0, 0, 1, 0, 0, 0, 100, 239, 0, 50, 30, 19, 50, 0, 0, 289, 0
INVAR-9, Run: 052, P, 0, 0, 0, 50, 50, 0, 0, 1, 0, 0, 0, 100, 242, 0, 50, 35, 14, 50, 0, 0, 292, 0
INVAR-9, Run: 053, P, 0, 0, 0, 50, 50, 0, 0, 1, 0, 0, 0, 100, 320, 0, 50, 38, 11, 50, 0, 0, 370, 0
INVAR-9, Run: 054, P, 0, 0, 0, 50, 50, 0, 0, 1, 0, 0, 0, 100, 269, 0, 50, 30, 19, 50, 0, 0, 319, 0
INVAR-9, Run: 055, P, 0, 0, 0, 50, 50, 0, 0, 1, 0, 0, 0, 100, 243, 0, 50, 32, 17, 50, 0, 0, 293, 0
INVAR-9, Run: 056, P, 0, 0, 0, 50, 50, 0, 0, 1, 0, 0, 0, 100, 272, 0, 50, 31, 18, 50, 0, 0, 322, 0
INVAR-9, Run: 057, P, 0, 0, 0, 50, 50, 0, 0, 1, 0, 0, 0, 100, 323, 0, 50, 27, 22, 50, 0, 0, 373, 0
INVAR-9, Run: 058, P, 0, 0, 0, 50, 50, 0, 0, 1, 0, 0, 0, 100, 261, 0, 50, 36, 13, 50, 0, 0, 311, 0
INVAR-9, Run: 059, P, 0, 0, 0, 50, 50, 0, 0, 1, 0, 0, 0, 100, 262, 0, 50, 30, 19, 50, 0, 0, 312, 0
INVAR-9, Run: 060, P, 0, 0, 0, 50, 50, 0, 0, 1, 0, 0, 0, 100, 242, 0, 50, 27, 22, 50, 0, 0, 292, 0
INVAR-9, Run: 061, P, 0, 0, 0, 50, 50, 0, 0, 1, 0, 0, 0, 100, 284, 0, 50, 24, 25, 50, 0, 0, 334, 0
INVAR-9, Run: 062, P, 0, 0, 0, 50, 50, 0, 0, 1, 0, 0, 0, 100, 180, 0, 50, 31, 18, 50, 0, 0, 230, 0
INVAR-9, Run: 063, P, 0, 0, 0, 50, 50, 0, 0, 1, 0, 0, 0, 100, 271, 0, 50, 29, 20, 50, 0, 0, 321, 0
INVAR-9, Run: 064, P, 0, 0, 0, 50, 50, 0, 0, 1, 0, 0, 0, 100, 265, 0, 50, 33, 16, 50, 0, 0, 315, 0
INVAR-9, Run: 065, P, 0, 0, 0, 50, 50, 0, 0, 1, 0, 0, 0, 100, 272, 0, 50, 30, 19, 50, 0, 0, 322, 0
INVAR-9, Run: 066, P, 0, 0, 0, 50, 50, 0, 0, 1, 0, 0, 0, 100, 248, 0, 50, 29, 20, 50, 0, 0, 298, 0
INVAR-9, Run: 067, P, 0, 0, 0, 50, 50, 0, 0, 1, 0, 0, 0, 100, 231, 0, 50, 31, 18, 50, 0, 0, 281, 0
INVAR-9, Run: 068, P, 0, 0, 0, 50, 50, 0, 0, 1, 0, 0, 0, 100, 226, 0, 50, 32, 17, 50, 0, 0, 276, 0
INVAR-9, Run: 069, P, 0, 0, 0, 50, 50, 0, 0, 1, 0, 0, 0, 100, 211, 0, 50, 33, 16, 50, 0, 0, 261, 0
INVAR-9, Run: 070, P, 0, 0, 0, 50, 50, 0, 0, 1, 0, 0, 0, 100, 261, 0, 50, 38, 11, 50, 0, 0, 311, 0
INVAR-9, Run: 071, P, 0, 0, 0, 50, 50, 0, 0, 1, 0, 0, 0, 100, 265, 0, 50, 33, 16, 50, 0, 0, 315, 0
INVAR-9, Run: 072, P, 0, 0, 0, 50, 50, 0, 0, 1, 0, 0, 0, 100, 210, 0, 50, 33, 16, 50, 0, 0, 260, 0
INVAR-9, Run: 073, P, 0, 0, 0, 50, 50, 0, 0, 1, 0, 0, 0, 100, 276, 0, 50, 28, 21, 50, 0, 0, 326, 0
INVAR-9, Run: 074, P, 0, 0, 0, 50, 50, 0, 0, 1, 0, 0, 0, 100, 192, 0, 50, 30, 19, 50, 0, 0, 242, 0
INVAR-9, Run: 075, P, 0, 0, 0, 50, 50, 0, 0, 1, 0, 0, 0, 100, 218, 0, 50, 30, 19, 50, 0, 0, 268, 0
INVAR-9, Run: 076, P, 0, 0, 0, 50, 50, 0, 0, 1, 0, 0, 0, 100, 191, 0, 50, 28, 21, 50, 0, 0, 241, 0
INVAR-9, Run: 077, P, 0, 0, 0, 50, 50, 0, 0, 1, 0, 0, 0, 100, 270, 0, 50, 27, 22, 50, 0, 0, 320, 0
INVAR-9, Run: 078, P, 0, 0, 0, 50, 50, 0, 0, 1, 0, 0, 0, 100, 248, 0, 50, 28, 21, 50, 0, 0, 298, 0
INVAR-9, Run: 079, P, 0, 0, 0, 50, 50, 0, 0, 1, 0, 0, 0, 100, 240, 0, 50, 33, 16, 50, 0, 0, 290, 0
INVAR-9, Run: 080, P, 0, 0, 0, 50, 50, 0, 0, 1, 0, 0, 0, 100, 264, 0, 50, 29, 20, 50, 0, 0, 314, 0
INVAR-9, Run: 081, P, 0, 0, 0, 50, 50, 0, 0, 1, 0, 0, 0, 100, 230, 0, 50, 30, 19, 50, 0, 0, 280, 0
INVAR-9, Run: 082, P, 0, 0, 0, 50, 50, 0, 0, 1, 0, 0, 0, 100, 298, 0, 50, 28, 21, 50, 0, 0, 348, 0
INVAR-9, Run: 083, P, 0, 0, 0, 50, 50, 0, 0, 1, 0, 0, 0, 100, 209, 0, 50, 29, 20, 50, 0, 0, 259, 0
INVAR-9, Run: 084, P, 0, 0, 0, 50, 50, 0, 0, 1, 0, 0, 0, 100, 244, 0, 50, 34, 15, 50, 0, 0, 294, 0
INVAR-9, Run: 085, P, 0, 0, 0, 50, 50, 0, 0, 1, 0, 0, 0, 100, 238, 0, 50, 29, 20, 50, 0, 0, 288, 0
INVAR-9, Run: 086, P, 0, 0, 0, 50, 50, 0, 0, 1, 0, 0, 0, 100, 313, 0, 50, 34, 15, 50, 0, 0, 363, 0
INVAR-9, Run: 087, P, 0, 0, 0, 50, 50, 0, 0, 1, 0, 0, 0, 100, 264, 0, 50, 32, 17, 50, 0, 0, 314, 0
INVAR-9, Run: 088, P, 0, 0, 0, 50, 50, 0, 0, 1, 0, 0, 0, 100, 214, 0, 50, 31, 18, 50, 0, 0, 264, 0
INVAR-9, Run: 089, P, 0, 0, 0, 50, 50, 0, 0, 1, 0, 0, 0, 100, 203, 0, 50, 30, 19, 50, 0, 0, 253, 0
INVAR-9, Run: 090, P, 0, 0, 0, 50, 50, 0, 0, 1, 0, 0, 0, 100, 265, 0, 50, 27, 22, 50, 0, 0, 315, 0
INVAR-9, Run: 091, P, 0, 0, 0, 50, 50, 0, 0, 1, 0, 0, 0, 100, 238, 0, 50, 32, 17, 50, 0, 0, 288, 0
INVAR-9, Run: 092, P, 0, 0, 0, 50, 50, 0, 0, 1, 0, 0, 0, 100, 294, 0, 50, 39, 10, 50, 0, 0, 344, 0
INVAR-9, Run: 093, P, 0, 0, 0, 50, 50, 0, 0, 1, 0, 0, 0, 100, 269, 0, 50, 33, 16, 50, 0, 0, 319, 0
INVAR-9, Run: 094, P, 0, 0, 0, 50, 50, 0, 0, 1, 0, 0, 0, 100, 191, 0, 50, 32, 17, 50, 0, 0, 241, 0
INVAR-9, Run: 095, P, 0, 0, 0, 50, 50, 0, 0, 1, 0, 0, 0, 100, 196, 0, 50, 37, 12, 50, 0, 0, 246, 0
INVAR-9, Run: 096, P, 0, 0, 0, 50, 50, 0, 0, 1, 0, 0, 0, 100, 317, 0, 50, 25, 24, 50, 0, 0, 367, 0
INVAR-9, Run: 097, P, 0, 0, 0, 50, 50, 0, 0, 1, 0, 0, 0, 100, 212, 0, 50, 32, 17, 50, 0, 0, 262, 0
INVAR-9, Run: 098, P, 0, 0, 0, 50, 50, 0, 0, 1, 0, 0, 0, 100, 326, 0, 50, 29, 20, 50, 0, 0, 376, 0
INVAR-9, Run: 099, P, 0, 0, 0, 50, 50, 0, 0, 1, 0, 0, 0, 100, 288, 0, 50, 26, 23, 50, 0, 0, 338, 0
INVAR-9, Run: 100, P, 0, 0, 0, 50, 50, 0, 0, 1, 0, 0, 0, 100, 220, 0, 50, 38, 11, 50, 0, 0, 270, 0
