Input Number, Run_Number, Result@ 100, X1, H, M, PO, CE, Y, D, CO, PE, A, B
1, Run: 001, P, 0, 0, 0, 0, 9, 9, 0, 0, 1, 27, 0
1, Run: 002, P, 0, 0, 0, 0, 9, 9, 0, 0, 1, 27, 0
1, Run: 003, P, 0, 0, 0, 0, 9, 9, 0, 0, 1, 27, 0
1, Run: 004, P, 0, 0, 0, 0, 9, 9, 0, 0, 1, 27, 0
1, Run: 005, P, 0, 0, 0, 0, 9, 9, 0, 0, 1, 27, 0
1, Run: 006, P, 0, 0, 0, 0, 9, 9, 0, 0, 1, 27, 0
1, Run: 007, P, 0, 0, 0, 0, 9, 9, 0, 0, 1, 27, 0
1, Run: 008, P, 0, 0, 0, 0, 9, 9, 0, 0, 1, 27, 0
1, Run: 009, P, 0, 0, 0, 0, 9, 9, 0, 0, 1, 27, 0
1, Run: 010, P, 0, 0, 0, 0, 9, 9, 0, 0, 1, 27, 0
1, Run: 011, P, 0, 0, 0, 0, 9, 9, 0, 0, 1, 27, 0
1, Run: 012, P, 0, 0, 0, 0, 9, 9, 0, 0, 1, 27, 0
1, Run: 013, P, 0, 0, 0, 0, 9, 9, 0, 0, 1, 27, 0
1, Run: 014, P, 0, 0, 0, 0, 9, 9, 0, 0, 1, 27, 0
1, Run: 015, P, 0, 0, 0, 0, 9, 9, 0, 0, 1, 27, 0
1, Run: 016, P, 0, 0, 0, 0, 9, 9, 0, 0, 1, 27, 0
1, Run: 017, P, 0, 0, 0, 0, 9, 9, 0, 0, 1, 27, 0
1, Run: 018, P, 0, 0, 0, 0, 9, 9, 0, 0, 1, 27, 0
1, Run: 019, P, 0, 0, 0, 0, 9, 9, 0, 0, 1, 27, 0
1, Run: 020, P, 0, 0, 0, 0, 9, 9, 0, 0, 1, 27, 0
1, Run: 021, P, 0, 0, 0, 0, 9, 9, 0, 0, 1, 27, 0
1, Run: 022, P, 0, 0, 0, 0, 9, 9, 0, 0, 1, 27, 0
1, Run: 023, P, 0, 0, 0, 0, 9, 9, 0, 0, 1, 27, 0
1, Run: 024, P, 0, 0, 0, 0, 9, 9, 0, 0, 1, 27, 0
1, Run: 025, P, 0, 0, 0, 0, 9, 9, 0, 0, 1, 27, 0
1, Run: 026, P, 0, 0, 0, 0, 9, 9, 0, 0, 1, 27, 0
1, Run: 027, P, 0, 0, 0, 0, 9, 9, 0, 0, 1, 27, 0
1, Run: 028, P, 0, 0, 0, 0, 9, 9, 0, 0, 1, 27, 0
1, Run: 029, P, 0, 0, 0, 0, 9, 9, 0, 0, 1, 27, 0
1, Run: 030, P, 0, 0, 0, 0, 9, 9, 0, 0, 1, 27, 0
1, Run: 031, P, 0, 0, 0, 0, 9, 9, 0, 0, 1, 27, 0
1, Run: 032, P, 0, 0, 0, 0, 9, 9, 0, 0, 1, 27, 0
1, Run: 033, P, 0, 0, 0, 0, 9, 9, 0, 0, 1, 27, 0
1, Run: 034, P, 0, 0, 0, 0, 9, 9, 0, 0, 1, 27, 0
1, Run: 035, P, 0, 0, 0, 0, 9, 9, 0, 0, 1, 27, 0
1, Run: 036, P, 0, 0, 0, 0, 9, 9, 0, 0, 1, 27, 0
1, Run: 037, P, 0, 0, 0, 0, 9, 9, 0, 0, 1, 27, 0
1, Run: 038, P, 0, 0, 0, 0, 9, 9, 0, 0, 1, 27, 0
1, Run: 039, P, 0, 0, 0, 0, 9, 9, 0, 0, 1, 27, 0
1, Run: 040, P, 0, 0, 0, 0, 9, 9, 0, 0, 1, 27, 0
1, Run: 041, P, 0, 0, 0, 0, 9, 9, 0, 0, 1, 27, 0
1, Run: 042, P, 0, 0, 0, 0, 9, 9, 0, 0, 1, 27, 0
1, Run: 043, P, 0, 0, 0, 0, 9, 9, 0, 0, 1, 27, 0
1, Run: 044, P, 0, 0, 0, 0, 9, 9, 0, 0, 1, 27, 0
1, Run: 045, P, 0, 0, 0, 0, 9, 9, 0, 0, 1, 27, 0
1, Run: 046, P, 0, 0, 0, 0, 9, 9, 0, 0, 1, 27, 0
1, Run: 047, P, 0, 0, 0, 0, 9, 9, 0, 0, 1, 27, 0
1, Run: 048, P, 0, 0, 0, 0, 9, 9, 0, 0, 1, 27, 0
1, Run: 049, P, 0, 0, 0, 0, 9, 9, 0, 0, 1, 27, 0
1, Run: 050, P, 0, 0, 0, 0, 9, 9, 0, 0, 1, 27, 0
1, Run: 051, P, 0, 0, 0, 0, 9, 9, 0, 0, 1, 27, 0
1, Run: 052, P, 0, 0, 0, 0, 9, 9, 0, 0, 1, 27, 0
1, Run: 053, P, 0, 0, 0, 0, 9, 9, 0, 0, 1, 27, 0
1, Run: 054, P, 0, 0, 0, 0, 9, 9, 0, 0, 1, 27, 0
1, Run: 055, P, 0, 0, 0, 0, 9, 9, 0, 0, 1, 27, 0
1, Run: 056, P, 0, 0, 0, 0, 9, 9, 0, 0, 1, 27, 0
1, Run: 057, P, 0, 0, 0, 0, 9, 9, 0, 0, 1, 27, 0
1, Run: 058, P, 0, 0, 0, 0, 9, 9, 0, 0, 1, 27, 0
1, Run: 059, P, 0, 0, 0, 0, 9, 9, 0, 0, 1, 27, 0
1, Run: 060, P, 0, 0, 0, 0, 9, 9, 0, 0, 1, 27, 0
1, Run: 061, P, 0, 0, 0, 0, 9, 9, 0, 0, 1, 27, 0
1, Run: 062, P, 0, 0, 0, 0, 9, 9, 0, 0, 1, 27, 0
1, Run: 063, P, 0, 0, 0, 0, 9, 9, 0, 0, 1, 27, 0
1, Run: 064, P, 0, 0, 0, 0, 9, 9, 0, 0, 1, 27, 0
1, Run: 065, P, 0, 0, 0, 0, 9, 9, 0, 0, 1, 27, 0
1, Run: 066, P, 0, 0, 0, 0, 9, 9, 0, 0, 1, 27, 0
1, Run: 067, P, 0, 0, 0, 0, 9, 9, 0, 0, 1, 27, 0
1, Run: 068, P, 0, 0, 0, 0, 9, 9, 0, 0, 1, 27, 0
1, Run: 069, P, 0, 0, 0, 0, 9, 9, 0, 0, 1, 27, 0
1, Run: 070, P, 0, 0, 0, 0, 9, 9, 0, 0, 1, 27, 0
1, Run: 071, P, 0, 0, 0, 0, 9, 9, 0, 0, 1, 27, 0
1, Run: 072, P, 0, 0, 0, 0, 9, 9, 0, 0, 1, 27, 0
1, Run: 073, P, 0, 0, 0, 0, 9, 9, 0, 0, 1, 27, 0
1, Run: 074, P, 0, 0, 0, 0, 9, 9, 0, 0, 1, 27, 0
1, Run: 075, P, 0, 0, 0, 0, 9, 9, 0, 0, 1, 27, 0
1, Run: 076, P, 0, 0, 0, 0, 9, 9, 0, 0, 1, 27, 0
1, Run: 077, P, 0, 0, 0, 0, 9, 9, 0, 0, 1, 27, 0
1, Run: 078, P, 0, 0, 0, 0, 9, 9, 0, 0, 1, 27, 0
1, Run: 079, P, 0, 0, 0, 0, 9, 9, 0, 0, 1, 27, 0
1, Run: 080, P, 0, 0, 0, 0, 9, 9, 0, 0, 1, 27, 0
1, Run: 081, P, 0, 0, 0, 0, 9, 9, 0, 0, 1, 27, 0
1, Run: 082, P, 0, 0, 0, 0, 9, 9, 0, 0, 1, 27, 0
1, Run: 083, P, 0, 0, 0, 0, 9, 9, 0, 0, 1, 27, 0
1, Run: 084, P, 0, 0, 0, 0, 9, 9, 0, 0, 1, 27, 0
1, Run: 085, P, 0, 0, 0, 0, 9, 9, 0, 0, 1, 27, 0
1, Run: 086, P, 0, 0, 0, 0, 9, 9, 0, 0, 1, 27, 0
1, Run: 087, P, 0, 0, 0, 0, 9, 9, 0, 0, 1, 27, 0
1, Run: 088, P, 0, 0, 0, 0, 9, 9, 0, 0, 1, 27, 0
1, Run: 089, P, 0, 0, 0, 0, 9, 9, 0, 0, 1, 27, 0
1, Run: 090, P, 0, 0, 0, 0, 9, 9, 0, 0, 1, 27, 0
1, Run: 091, P, 0, 0, 0, 0, 9, 9, 0, 0, 1, 27, 0
1, Run: 092, P, 0, 0, 0, 0, 9, 9, 0, 0, 1, 27, 0
1, Run: 093, P, 0, 0, 0, 0, 9, 9, 0, 0, 1, 27, 0
1, Run: 094, P, 0, 0, 0, 0, 9, 9, 0, 0, 1, 27, 0
1, Run: 095, P, 0, 0, 0, 0, 9, 9, 0, 0, 1, 27, 0
1, Run: 096, P, 0, 0, 0, 0, 9, 9, 0, 0, 1, 27, 0
1, Run: 097, P, 0, 0, 0, 0, 9, 9, 0, 0, 1, 27, 0
1, Run: 098, P, 0, 0, 0, 0, 9, 9, 0, 0, 1, 27, 0
1, Run: 099, P, 0, 0, 0, 0, 9, 9, 0, 0, 1, 27, 0
1, Run: 100, P, 0, 0, 0, 0, 9, 9, 0, 0, 1, 27, 0
10, Run: 001, P, 0, 0, 0, 0, 100, 100, 0, 0, 1, 300, 0
10, Run: 002, P, 0, 0, 0, 0, 100, 100, 0, 0, 1, 300, 0
10, Run: 003, P, 0, 0, 0, 0, 100, 100, 0, 0, 1, 300, 0
10, Run: 004, P, 0, 0, 0, 0, 100, 100, 0, 0, 1, 300, 0
10, Run: 005, P, 0, 0, 0, 0, 100, 100, 0, 0, 1, 300, 0
10, Run: 006, P, 0, 0, 0, 0, 100, 100, 0, 0, 1, 300, 0
10, Run: 007, P, 0, 0, 0, 0, 100, 100, 0, 0, 1, 300, 0
10, Run: 008, P, 0, 0, 0, 0, 100, 100, 0, 0, 1, 300, 0
10, Run: 009, P, 0, 0, 0, 0, 100, 100, 0, 0, 1, 300, 0
10, Run: 010, P, 0, 0, 0, 0, 100, 100, 0, 0, 1, 300, 0
10, Run: 011, P, 0, 0, 0, 0, 100, 100, 0, 0, 1, 300, 0
10, Run: 012, P, 0, 0, 0, 0, 100, 100, 0, 0, 1, 300, 0
10, Run: 013, P, 0, 0, 0, 0, 100, 100, 0, 0, 1, 300, 0
10, Run: 014, P, 0, 0, 0, 0, 100, 100, 0, 0, 1, 300, 0
10, Run: 015, P, 0, 0, 0, 0, 100, 100, 0, 0, 1, 300, 0
10, Run: 016, P, 0, 0, 0, 0, 100, 100, 0, 0, 1, 300, 0
10, Run: 017, P, 0, 0, 0, 0, 100, 100, 0, 0, 1, 300, 0
10, Run: 018, P, 0, 0, 0, 0, 100, 100, 0, 0, 1, 300, 0
10, Run: 019, P, 0, 0, 0, 0, 100, 100, 0, 0, 1, 300, 0
10, Run: 020, P, 0, 0, 0, 0, 100, 100, 0, 0, 1, 300, 0
10, Run: 021, P, 0, 0, 0, 0, 100, 100, 0, 0, 1, 300, 0
10, Run: 022, P, 0, 0, 0, 0, 100, 100, 0, 0, 1, 300, 0
10, Run: 023, P, 0, 0, 0, 0, 100, 100, 0, 0, 1, 300, 0
10, Run: 024, P, 0, 0, 0, 0, 100, 100, 0, 0, 1, 300, 0
10, Run: 025, P, 0, 0, 0, 0, 100, 100, 0, 0, 1, 300, 0
10, Run: 026, P, 0, 0, 0, 0, 100, 100, 0, 0, 1, 300, 0
10, Run: 027, P, 0, 0, 0, 0, 100, 100, 0, 0, 1, 300, 0
10, Run: 028, P, 0, 0, 0, 0, 100, 100, 0, 0, 1, 300, 0
10, Run: 029, P, 0, 0, 0, 0, 100, 100, 0, 0, 1, 300, 0
10, Run: 030, P, 0, 0, 0, 0, 100, 100, 0, 0, 1, 300, 0
10, Run: 031, P, 0, 0, 0, 0, 100, 100, 0, 0, 1, 300, 0
10, Run: 032, P, 0, 0, 0, 0, 100, 100, 0, 0, 1, 300, 0
10, Run: 033, P, 0, 0, 0, 0, 100, 100, 0, 0, 1, 300, 0
10, Run: 034, P, 0, 0, 0, 0, 100, 100, 0, 0, 1, 300, 0
10, Run: 035, P, 0, 0, 0, 0, 100, 100, 0, 0, 1, 300, 0
10, Run: 036, P, 0, 0, 0, 0, 100, 100, 0, 0, 1, 300, 0
10, Run: 037, P, 0, 0, 0, 0, 100, 100, 0, 0, 1, 300, 0
10, Run: 038, P, 0, 0, 0, 0, 100, 100, 0, 0, 1, 300, 0
10, Run: 039, P, 0, 0, 0, 0, 100, 100, 0, 0, 1, 300, 0
10, Run: 040, P, 0, 0, 0, 0, 100, 100, 0, 0, 1, 300, 0
10, Run: 041, P, 0, 0, 0, 0, 100, 100, 0, 0, 1, 300, 0
10, Run: 042, P, 0, 0, 0, 0, 100, 100, 0, 0, 1, 300, 0
10, Run: 043, P, 0, 0, 0, 0, 100, 100, 0, 0, 1, 300, 0
10, Run: 044, P, 0, 0, 0, 0, 100, 100, 0, 0, 1, 300, 0
10, Run: 045, P, 0, 0, 0, 0, 100, 100, 0, 0, 1, 300, 0
10, Run: 046, P, 0, 0, 0, 0, 100, 100, 0, 0, 1, 300, 0
10, Run: 047, P, 0, 0, 0, 0, 100, 100, 0, 0, 1, 300, 0
10, Run: 048, P, 0, 0, 0, 0, 100, 100, 0, 0, 1, 300, 0
10, Run: 049, P, 0, 0, 0, 0, 100, 100, 0, 0, 1, 300, 0
10, Run: 050, P, 0, 0, 0, 0, 100, 100, 0, 0, 1, 300, 0
10, Run: 051, P, 0, 0, 0, 0, 100, 100, 0, 0, 1, 300, 0
10, Run: 052, P, 0, 0, 0, 0, 100, 100, 0, 0, 1, 300, 0
10, Run: 053, P, 0, 0, 0, 0, 100, 100, 0, 0, 1, 300, 0
10, Run: 054, P, 0, 0, 0, 0, 100, 100, 0, 0, 1, 300, 0
10, Run: 055, P, 0, 0, 0, 0, 100, 100, 0, 0, 1, 300, 0
10, Run: 056, P, 0, 0, 0, 0, 100, 100, 0, 0, 1, 300, 0
10, Run: 057, P, 0, 0, 0, 0, 100, 100, 0, 0, 1, 300, 0
10, Run: 058, P, 0, 0, 0, 0, 100, 100, 0, 0, 1, 300, 0
10, Run: 059, P, 0, 0, 0, 0, 100, 100, 0, 0, 1, 300, 0
10, Run: 060, P, 0, 0, 0, 0, 100, 100, 0, 0, 1, 300, 0
10, Run: 061, P, 0, 0, 0, 0, 100, 100, 0, 0, 1, 300, 0
10, Run: 062, P, 0, 0, 0, 0, 100, 100, 0, 0, 1, 300, 0
10, Run: 063, P, 0, 0, 0, 0, 100, 100, 0, 0, 1, 300, 0
10, Run: 064, P, 0, 0, 0, 0, 100, 100, 0, 0, 1, 300, 0
10, Run: 065, P, 0, 0, 0, 0, 100, 100, 0, 0, 1, 300, 0
10, Run: 066, P, 0, 0, 0, 0, 100, 100, 0, 0, 1, 300, 0
10, Run: 067, P, 0, 0, 0, 0, 100, 100, 0, 0, 1, 300, 0
10, Run: 068, P, 0, 0, 0, 0, 100, 100, 0, 0, 1, 300, 0
10, Run: 069, P, 0, 0, 0, 0, 100, 100, 0, 0, 1, 300, 0
10, Run: 070, P, 0, 0, 0, 0, 100, 100, 0, 0, 1, 300, 0
10, Run: 071, P, 0, 0, 0, 0, 100, 100, 0, 0, 1, 300, 0
10, Run: 072, P, 0, 0, 0, 0, 100, 100, 0, 0, 1, 300, 0
10, Run: 073, P, 0, 0, 0, 0, 100, 100, 0, 0, 1, 300, 0
10, Run: 074, P, 0, 0, 0, 0, 100, 100, 0, 0, 1, 300, 0
10, Run: 075, P, 0, 0, 0, 0, 100, 100, 0, 0, 1, 300, 0
10, Run: 076, P, 0, 0, 0, 0, 100, 100, 0, 0, 1, 300, 0
10, Run: 077, P, 0, 0, 0, 0, 100, 100, 0, 0, 1, 300, 0
10, Run: 078, P, 0, 0, 0, 0, 100, 100, 0, 0, 1, 300, 0
10, Run: 079, P, 0, 0, 0, 0, 100, 100, 0, 0, 1, 300, 0
10, Run: 080, P, 0, 0, 0, 0, 100, 100, 0, 0, 1, 300, 0
10, Run: 081, P, 0, 0, 0, 0, 100, 100, 0, 0, 1, 300, 0
10, Run: 082, P, 0, 0, 0, 0, 100, 100, 0, 0, 1, 300, 0
10, Run: 083, P, 0, 0, 0, 0, 100, 100, 0, 0, 1, 300, 0
10, Run: 084, P, 0, 0, 0, 0, 100, 100, 0, 0, 1, 300, 0
10, Run: 085, P, 0, 0, 0, 0, 100, 100, 0, 0, 1, 300, 0
10, Run: 086, P, 0, 0, 0, 0, 100, 100, 0, 0, 1, 300, 0
10, Run: 087, P, 0, 0, 0, 0, 100, 100, 0, 0, 1, 300, 0
10, Run: 088, P, 0, 0, 0, 0, 100, 100, 0, 0, 1, 300, 0
10, Run: 089, P, 0, 0, 0, 0, 100, 100, 0, 0, 1, 300, 0
10, Run: 090, P, 0, 0, 0, 0, 100, 100, 0, 0, 1, 300, 0
10, Run: 091, P, 0, 0, 0, 0, 100, 100, 0, 0, 1, 300, 0
10, Run: 092, P, 0, 0, 0, 0, 100, 100, 0, 0, 1, 300, 0
10, Run: 093, P, 0, 0, 0, 0, 100, 100, 0, 0, 1, 300, 0
10, Run: 094, P, 0, 0, 0, 0, 100, 100, 0, 0, 1, 300, 0
10, Run: 095, P, 0, 0, 0, 0, 100, 100, 0, 0, 1, 300, 0
10, Run: 096, P, 0, 0, 0, 0, 100, 100, 0, 0, 1, 300, 0
10, Run: 097, P, 0, 0, 0, 0, 100, 100, 0, 0, 1, 300, 0
10, Run: 098, P, 0, 0, 0, 0, 100, 100, 0, 0, 1, 300, 0
10, Run: 099, P, 0, 0, 0, 0, 100, 100, 0, 0, 1, 300, 0
10, Run: 100, P, 0, 0, 0, 0, 100, 100, 0, 0, 1, 300, 0
2, Run: 001, P, 0, 0, 0, 0, 28, 28, 0, 0, 1, 84, 0
2, Run: 002, P, 0, 0, 0, 0, 28, 28, 0, 0, 1, 84, 0
2, Run: 003, P, 0, 0, 0, 0, 28, 28, 0, 0, 1, 84, 0
2, Run: 004, P, 0, 0, 0, 0, 28, 28, 0, 0, 1, 84, 0
2, Run: 005, P, 0, 0, 0, 0, 28, 28, 0, 0, 1, 84, 0
2, Run: 006, P, 0, 0, 0, 0, 28, 28, 0, 0, 1, 84, 0
2, Run: 007, P, 0, 0, 0, 0, 28, 28, 0, 0, 1, 84, 0
2, Run: 008, P, 0, 0, 0, 0, 28, 28, 0, 0, 1, 84, 0
2, Run: 009, P, 0, 0, 0, 0, 28, 28, 0, 0, 1, 84, 0
2, Run: 010, P, 0, 0, 0, 0, 28, 28, 0, 0, 1, 84, 0
2, Run: 011, P, 0, 0, 0, 0, 28, 28, 0, 0, 1, 84, 0
2, Run: 012, P, 0, 0, 0, 0, 28, 28, 0, 0, 1, 84, 0
2, Run: 013, P, 0, 0, 0, 0, 28, 28, 0, 0, 1, 84, 0
2, Run: 014, P, 0, 0, 0, 0, 28, 28, 0, 0, 1, 84, 0
2, Run: 015, P, 0, 0, 0, 0, 28, 28, 0, 0, 1, 84, 0
2, Run: 016, P, 0, 0, 0, 0, 28, 28, 0, 0, 1, 84, 0
2, Run: 017, P, 0, 0, 0, 0, 28, 28, 0, 0, 1, 84, 0
2, Run: 018, P, 0, 0, 0, 0, 28, 28, 0, 0, 1, 84, 0
2, Run: 019, P, 0, 0, 0, 0, 28, 28, 0, 0, 1, 84, 0
2, Run: 020, P, 0, 0, 0, 0, 28, 28, 0, 0, 1, 84, 0
2, Run: 021, P, 0, 0, 0, 0, 28, 28, 0, 0, 1, 84, 0
2, Run: 022, P, 0, 0, 0, 0, 28, 28, 0, 0, 1, 84, 0
2, Run: 023, P, 0, 0, 0, 0, 28, 28, 0, 0, 1, 84, 0
2, Run: 024, P, 0, 0, 0, 0, 28, 28, 0, 0, 1, 84, 0
2, Run: 025, P, 0, 0, 0, 0, 28, 28, 0, 0, 1, 84, 0
2, Run: 026, P, 0, 0, 0, 0, 28, 28, 0, 0, 1, 84, 0
2, Run: 027, P, 0, 0, 0, 0, 28, 28, 0, 0, 1, 84, 0
2, Run: 028, P, 0, 0, 0, 0, 28, 28, 0, 0, 1, 84, 0
2, Run: 029, P, 0, 0, 0, 0, 28, 28, 0, 0, 1, 84, 0
2, Run: 030, P, 0, 0, 0, 0, 28, 28, 0, 0, 1, 84, 0
2, Run: 031, P, 0, 0, 0, 0, 28, 28, 0, 0, 1, 84, 0
2, Run: 032, P, 0, 0, 0, 0, 28, 28, 0, 0, 1, 84, 0
2, Run: 033, P, 0, 0, 0, 0, 28, 28, 0, 0, 1, 84, 0
2, Run: 034, P, 0, 0, 0, 0, 28, 28, 0, 0, 1, 84, 0
2, Run: 035, P, 0, 0, 0, 0, 28, 28, 0, 0, 1, 84, 0
2, Run: 036, P, 0, 0, 0, 0, 28, 28, 0, 0, 1, 84, 0
2, Run: 037, P, 0, 0, 0, 0, 28, 28, 0, 0, 1, 84, 0
2, Run: 038, P, 0, 0, 0, 0, 28, 28, 0, 0, 1, 84, 0
2, Run: 039, P, 0, 0, 0, 0, 28, 28, 0, 0, 1, 84, 0
2, Run: 040, P, 0, 0, 0, 0, 28, 28, 0, 0, 1, 84, 0
2, Run: 041, P, 0, 0, 0, 0, 28, 28, 0, 0, 1, 84, 0
2, Run: 042, P, 0, 0, 0, 0, 28, 28, 0, 0, 1, 84, 0
2, Run: 043, P, 0, 0, 0, 0, 28, 28, 0, 0, 1, 84, 0
2, Run: 044, P, 0, 0, 0, 0, 28, 28, 0, 0, 1, 84, 0
2, Run: 045, P, 0, 0, 0, 0, 28, 28, 0, 0, 1, 84, 0
2, Run: 046, P, 0, 0, 0, 0, 28, 28, 0, 0, 1, 84, 0
2, Run: 047, P, 0, 0, 0, 0, 28, 28, 0, 0, 1, 84, 0
2, Run: 048, P, 0, 0, 0, 0, 28, 28, 0, 0, 1, 84, 0
2, Run: 049, P, 0, 0, 0, 0, 28, 28, 0, 0, 1, 84, 0
2, Run: 050, P, 0, 0, 0, 0, 28, 28, 0, 0, 1, 84, 0
2, Run: 051, P, 0, 0, 0, 0, 28, 28, 0, 0, 1, 84, 0
2, Run: 052, P, 0, 0, 0, 0, 28, 28, 0, 0, 1, 84, 0
2, Run: 053, P, 0, 0, 0, 0, 28, 28, 0, 0, 1, 84, 0
2, Run: 054, P, 0, 0, 0, 0, 28, 28, 0, 0, 1, 84, 0
2, Run: 055, P, 0, 0, 0, 0, 28, 28, 0, 0, 1, 84, 0
2, Run: 056, P, 0, 0, 0, 0, 28, 28, 0, 0, 1, 84, 0
2, Run: 057, P, 0, 0, 0, 0, 28, 28, 0, 0, 1, 84, 0
2, Run: 058, P, 0, 0, 0, 0, 28, 28, 0, 0, 1, 84, 0
2, Run: 059, P, 0, 0, 0, 0, 28, 28, 0, 0, 1, 84, 0
2, Run: 060, P, 0, 0, 0, 0, 28, 28, 0, 0, 1, 84, 0
2, Run: 061, P, 0, 0, 0, 0, 28, 28, 0, 0, 1, 84, 0
2, Run: 062, P, 0, 0, 0, 0, 28, 28, 0, 0, 1, 84, 0
2, Run: 063, P, 0, 0, 0, 0, 28, 28, 0, 0, 1, 84, 0
2, Run: 064, P, 0, 0, 0, 0, 28, 28, 0, 0, 1, 84, 0
2, Run: 065, P, 0, 0, 0, 0, 28, 28, 0, 0, 1, 84, 0
2, Run: 066, P, 0, 0, 0, 0, 28, 28, 0, 0, 1, 84, 0
2, Run: 067, P, 0, 0, 0, 0, 28, 28, 0, 0, 1, 84, 0
2, Run: 068, P, 0, 0, 0, 0, 28, 28, 0, 0, 1, 84, 0
2, Run: 069, P, 0, 0, 0, 0, 28, 28, 0, 0, 1, 84, 0
2, Run: 070, P, 0, 0, 0, 0, 28, 28, 0, 0, 1, 84, 0
2, Run: 071, P, 0, 0, 0, 0, 28, 28, 0, 0, 1, 84, 0
2, Run: 072, P, 0, 0, 0, 0, 28, 28, 0, 0, 1, 84, 0
2, Run: 073, P, 0, 0, 0, 0, 28, 28, 0, 0, 1, 84, 0
2, Run: 074, P, 0, 0, 0, 0, 28, 28, 0, 0, 1, 84, 0
2, Run: 075, P, 0, 0, 0, 0, 28, 28, 0, 0, 1, 84, 0
2, Run: 076, P, 0, 0, 0, 0, 28, 28, 0, 0, 1, 84, 0
2, Run: 077, P, 0, 0, 0, 0, 28, 28, 0, 0, 1, 84, 0
2, Run: 078, P, 0, 0, 0, 0, 28, 28, 0, 0, 1, 84, 0
2, Run: 079, P, 0, 0, 0, 0, 28, 28, 0, 0, 1, 84, 0
2, Run: 080, P, 0, 0, 0, 0, 28, 28, 0, 0, 1, 84, 0
2, Run: 081, P, 0, 0, 0, 0, 28, 28, 0, 0, 1, 84, 0
2, Run: 082, P, 0, 0, 0, 0, 28, 28, 0, 0, 1, 84, 0
2, Run: 083, P, 0, 0, 0, 0, 28, 28, 0, 0, 1, 84, 0
2, Run: 084, P, 0, 0, 0, 0, 28, 28, 0, 0, 1, 84, 0
2, Run: 085, P, 0, 0, 0, 0, 28, 28, 0, 0, 1, 84, 0
2, Run: 086, P, 0, 0, 0, 0, 28, 28, 0, 0, 1, 84, 0
2, Run: 087, P, 0, 0, 0, 0, 28, 28, 0, 0, 1, 84, 0
2, Run: 088, P, 0, 0, 0, 0, 28, 28, 0, 0, 1, 84, 0
2, Run: 089, P, 0, 0, 0, 0, 28, 28, 0, 0, 1, 84, 0
2, Run: 090, P, 0, 0, 0, 0, 28, 28, 0, 0, 1, 84, 0
2, Run: 091, P, 0, 0, 0, 0, 28, 28, 0, 0, 1, 84, 0
2, Run: 092, P, 0, 0, 0, 0, 28, 28, 0, 0, 1, 84, 0
2, Run: 093, P, 0, 0, 0, 0, 28, 28, 0, 0, 1, 84, 0
2, Run: 094, P, 0, 0, 0, 0, 28, 28, 0, 0, 1, 84, 0
2, Run: 095, P, 0, 0, 0, 0, 28, 28, 0, 0, 1, 84, 0
2, Run: 096, P, 0, 0, 0, 0, 28, 28, 0, 0, 1, 84, 0
2, Run: 097, P, 0, 0, 0, 0, 28, 28, 0, 0, 1, 84, 0
2, Run: 098, P, 0, 0, 0, 0, 28, 28, 0, 0, 1, 84, 0
2, Run: 099, P, 0, 0, 0, 0, 28, 28, 0, 0, 1, 84, 0
2, Run: 100, P, 0, 0, 0, 0, 28, 28, 0, 0, 1, 84, 0
3, Run: 001, P, 0, 0, 0, 0, 82, 82, 0, 0, 1, 246, 0
3, Run: 002, P, 0, 0, 0, 0, 82, 82, 0, 0, 1, 246, 0
3, Run: 003, P, 0, 0, 0, 0, 82, 82, 0, 0, 1, 246, 0
3, Run: 004, P, 0, 0, 0, 0, 82, 82, 0, 0, 1, 246, 0
3, Run: 005, P, 0, 0, 0, 0, 82, 82, 0, 0, 1, 246, 0
3, Run: 006, P, 0, 0, 0, 0, 82, 82, 0, 0, 1, 246, 0
3, Run: 007, P, 0, 0, 0, 0, 82, 82, 0, 0, 1, 246, 0
3, Run: 008, P, 0, 0, 0, 0, 82, 82, 0, 0, 1, 246, 0
3, Run: 009, P, 0, 0, 0, 0, 82, 82, 0, 0, 1, 246, 0
3, Run: 010, P, 0, 0, 0, 0, 82, 82, 0, 0, 1, 246, 0
3, Run: 011, P, 0, 0, 0, 0, 82, 82, 0, 0, 1, 246, 0
3, Run: 012, P, 0, 0, 0, 0, 82, 82, 0, 0, 1, 246, 0
3, Run: 013, P, 0, 0, 0, 0, 82, 82, 0, 0, 1, 246, 0
3, Run: 014, P, 0, 0, 0, 0, 82, 82, 0, 0, 1, 246, 0
3, Run: 015, P, 0, 0, 0, 0, 82, 82, 0, 0, 1, 246, 0
3, Run: 016, P, 0, 0, 0, 0, 82, 82, 0, 0, 1, 246, 0
3, Run: 017, P, 0, 0, 0, 0, 82, 82, 0, 0, 1, 246, 0
3, Run: 018, P, 0, 0, 0, 0, 82, 82, 0, 0, 1, 246, 0
3, Run: 019, P, 0, 0, 0, 0, 82, 82, 0, 0, 1, 246, 0
3, Run: 020, P, 0, 0, 0, 0, 82, 82, 0, 0, 1, 246, 0
3, Run: 021, P, 0, 0, 0, 0, 82, 82, 0, 0, 1, 246, 0
3, Run: 022, P, 0, 0, 0, 0, 82, 82, 0, 0, 1, 246, 0
3, Run: 023, P, 0, 0, 0, 0, 82, 82, 0, 0, 1, 246, 0
3, Run: 024, P, 0, 0, 0, 0, 82, 82, 0, 0, 1, 246, 0
3, Run: 025, P, 0, 0, 0, 0, 82, 82, 0, 0, 1, 246, 0
3, Run: 026, P, 0, 0, 0, 0, 82, 82, 0, 0, 1, 246, 0
3, Run: 027, P, 0, 0, 0, 0, 82, 82, 0, 0, 1, 246, 0
3, Run: 028, P, 0, 0, 0, 0, 82, 82, 0, 0, 1, 246, 0
3, Run: 029, P, 0, 0, 0, 0, 82, 82, 0, 0, 1, 246, 0
3, Run: 030, P, 0, 0, 0, 0, 82, 82, 0, 0, 1, 246, 0
3, Run: 031, P, 0, 0, 0, 0, 82, 82, 0, 0, 1, 246, 0
3, Run: 032, P, 0, 0, 0, 0, 82, 82, 0, 0, 1, 246, 0
3, Run: 033, P, 0, 0, 0, 0, 82, 82, 0, 0, 1, 246, 0
3, Run: 034, P, 0, 0, 0, 0, 82, 82, 0, 0, 1, 246, 0
3, Run: 035, P, 0, 0, 0, 0, 82, 82, 0, 0, 1, 246, 0
3, Run: 036, P, 0, 0, 0, 0, 82, 82, 0, 0, 1, 246, 0
3, Run: 037, P, 0, 0, 0, 0, 82, 82, 0, 0, 1, 246, 0
3, Run: 038, P, 0, 0, 0, 0, 82, 82, 0, 0, 1, 246, 0
3, Run: 039, P, 0, 0, 0, 0, 82, 82, 0, 0, 1, 246, 0
3, Run: 040, P, 0, 0, 0, 0, 82, 82, 0, 0, 1, 246, 0
3, Run: 041, P, 0, 0, 0, 0, 82, 82, 0, 0, 1, 246, 0
3, Run: 042, P, 0, 0, 0, 0, 82, 82, 0, 0, 1, 246, 0
3, Run: 043, P, 0, 0, 0, 0, 82, 82, 0, 0, 1, 246, 0
3, Run: 044, P, 0, 0, 0, 0, 82, 82, 0, 0, 1, 246, 0
3, Run: 045, P, 0, 0, 0, 0, 82, 82, 0, 0, 1, 246, 0
3, Run: 046, P, 0, 0, 0, 0, 82, 82, 0, 0, 1, 246, 0
3, Run: 047, P, 0, 0, 0, 0, 82, 82, 0, 0, 1, 246, 0
3, Run: 048, P, 0, 0, 0, 0, 82, 82, 0, 0, 1, 246, 0
3, Run: 049, P, 0, 0, 0, 0, 82, 82, 0, 0, 1, 246, 0
3, Run: 050, P, 0, 0, 0, 0, 82, 82, 0, 0, 1, 246, 0
3, Run: 051, P, 0, 0, 0, 0, 82, 82, 0, 0, 1, 246, 0
3, Run: 052, P, 0, 0, 0, 0, 82, 82, 0, 0, 1, 246, 0
3, Run: 053, P, 0, 0, 0, 0, 82, 82, 0, 0, 1, 246, 0
3, Run: 054, P, 0, 0, 0, 0, 82, 82, 0, 0, 1, 246, 0
3, Run: 055, P, 0, 0, 0, 0, 82, 82, 0, 0, 1, 246, 0
3, Run: 056, P, 0, 0, 0, 0, 82, 82, 0, 0, 1, 246, 0
3, Run: 057, P, 0, 0, 0, 0, 82, 82, 0, 0, 1, 246, 0
3, Run: 058, P, 0, 0, 0, 0, 82, 82, 0, 0, 1, 246, 0
3, Run: 059, P, 0, 0, 0, 0, 82, 82, 0, 0, 1, 246, 0
3, Run: 060, P, 0, 0, 0, 0, 82, 82, 0, 0, 1, 246, 0
3, Run: 061, P, 0, 0, 0, 0, 82, 82, 0, 0, 1, 246, 0
3, Run: 062, P, 0, 0, 0, 0, 82, 82, 0, 0, 1, 246, 0
3, Run: 063, P, 0, 0, 0, 0, 82, 82, 0, 0, 1, 246, 0
3, Run: 064, P, 0, 0, 0, 0, 82, 82, 0, 0, 1, 246, 0
3, Run: 065, P, 0, 0, 0, 0, 82, 82, 0, 0, 1, 246, 0
3, Run: 066, P, 0, 0, 0, 0, 82, 82, 0, 0, 1, 246, 0
3, Run: 067, P, 0, 0, 0, 0, 82, 82, 0, 0, 1, 246, 0
3, Run: 068, P, 0, 0, 0, 0, 82, 82, 0, 0, 1, 246, 0
3, Run: 069, P, 0, 0, 0, 0, 82, 82, 0, 0, 1, 246, 0
3, Run: 070, P, 0, 0, 0, 0, 82, 82, 0, 0, 1, 246, 0
3, Run: 071, P, 0, 0, 0, 0, 82, 82, 0, 0, 1, 246, 0
3, Run: 072, P, 0, 0, 0, 0, 82, 82, 0, 0, 1, 246, 0
3, Run: 073, P, 0, 0, 0, 0, 82, 82, 0, 0, 1, 246, 0
3, Run: 074, P, 0, 0, 0, 0, 82, 82, 0, 0, 1, 246, 0
3, Run: 075, P, 0, 0, 0, 0, 82, 82, 0, 0, 1, 246, 0
3, Run: 076, P, 0, 0, 0, 0, 82, 82, 0, 0, 1, 246, 0
3, Run: 077, P, 0, 0, 0, 0, 82, 82, 0, 0, 1, 246, 0
3, Run: 078, P, 0, 0, 0, 0, 82, 82, 0, 0, 1, 246, 0
3, Run: 079, P, 0, 0, 0, 0, 82, 82, 0, 0, 1, 246, 0
3, Run: 080, P, 0, 0, 0, 0, 82, 82, 0, 0, 1, 246, 0
3, Run: 081, P, 0, 0, 0, 0, 82, 82, 0, 0, 1, 246, 0
3, Run: 082, P, 0, 0, 0, 0, 82, 82, 0, 0, 1, 246, 0
3, Run: 083, P, 0, 0, 0, 0, 82, 82, 0, 0, 1, 246, 0
3, Run: 084, P, 0, 0, 0, 0, 82, 82, 0, 0, 1, 246, 0
3, Run: 085, P, 0, 0, 0, 0, 82, 82, 0, 0, 1, 246, 0
3, Run: 086, P, 0, 0, 0, 0, 82, 82, 0, 0, 1, 246, 0
3, Run: 087, P, 0, 0, 0, 0, 82, 82, 0, 0, 1, 246, 0
3, Run: 088, P, 0, 0, 0, 0, 82, 82, 0, 0, 1, 246, 0
3, Run: 089, P, 0, 0, 0, 0, 82, 82, 0, 0, 1, 246, 0
3, Run: 090, P, 0, 0, 0, 0, 82, 82, 0, 0, 1, 246, 0
3, Run: 091, P, 0, 0, 0, 0, 82, 82, 0, 0, 1, 246, 0
3, Run: 092, P, 0, 0, 0, 0, 82, 82, 0, 0, 1, 246, 0
3, Run: 093, P, 0, 0, 0, 0, 82, 82, 0, 0, 1, 246, 0
3, Run: 094, P, 0, 0, 0, 0, 82, 82, 0, 0, 1, 246, 0
3, Run: 095, P, 0, 0, 0, 0, 82, 82, 0, 0, 1, 246, 0
3, Run: 096, P, 0, 0, 0, 0, 82, 82, 0, 0, 1, 246, 0
3, Run: 097, P, 0, 0, 0, 0, 82, 82, 0, 0, 1, 246, 0
3, Run: 098, P, 0, 0, 0, 0, 82, 82, 0, 0, 1, 246, 0
3, Run: 099, P, 0, 0, 0, 0, 82, 82, 0, 0, 1, 246, 0
3, Run: 100, P, 0, 0, 0, 0, 82, 82, 0, 0, 1, 246, 0
4, Run: 001, P, 0, 1, 0, 1, 0, 60, 19, 60, 0, 0, 1
4, Run: 002, P, 0, 1, 0, 1, 0, 60, 19, 60, 0, 0, 1
4, Run: 003, P, 0, 1, 0, 1, 0, 60, 19, 60, 0, 0, 1
4, Run: 004, P, 0, 1, 0, 1, 0, 60, 19, 60, 0, 0, 1
4, Run: 005, P, 0, 1, 0, 1, 0, 60, 19, 60, 0, 0, 1
4, Run: 006, P, 0, 1, 0, 1, 0, 60, 19, 60, 0, 0, 1
4, Run: 007, P, 0, 1, 0, 1, 0, 60, 19, 60, 0, 0, 1
4, Run: 008, P, 0, 1, 0, 1, 0, 60, 19, 60, 0, 0, 1
4, Run: 009, P, 0, 1, 0, 1, 0, 60, 19, 60, 0, 0, 1
4, Run: 010, P, 0, 1, 0, 1, 0, 60, 19, 60, 0, 0, 1
4, Run: 011, P, 0, 1, 0, 1, 0, 60, 19, 60, 0, 0, 1
4, Run: 012, P, 0, 1, 0, 1, 0, 60, 19, 60, 0, 0, 1
4, Run: 013, P, 0, 1, 0, 1, 0, 60, 19, 60, 0, 0, 1
4, Run: 014, P, 0, 1, 0, 1, 0, 60, 19, 60, 0, 0, 1
4, Run: 015, P, 0, 1, 0, 1, 0, 60, 19, 60, 0, 0, 1
4, Run: 016, P, 0, 1, 0, 1, 0, 60, 19, 60, 0, 0, 1
4, Run: 017, P, 0, 1, 0, 1, 0, 60, 19, 60, 0, 0, 1
4, Run: 018, P, 0, 1, 0, 1, 0, 60, 19, 60, 0, 0, 1
4, Run: 019, P, 0, 1, 0, 1, 0, 60, 19, 60, 0, 0, 1
4, Run: 020, P, 0, 1, 0, 1, 0, 60, 19, 60, 0, 0, 1
4, Run: 021, P, 0, 1, 0, 1, 0, 60, 19, 60, 0, 0, 1
4, Run: 022, P, 0, 1, 0, 1, 0, 60, 19, 60, 0, 0, 1
4, Run: 023, P, 0, 1, 0, 1, 0, 60, 19, 60, 0, 0, 1
4, Run: 024, P, 0, 1, 0, 1, 0, 60, 19, 60, 0, 0, 1
4, Run: 025, P, 0, 1, 0, 1, 0, 60, 19, 60, 0, 0, 1
4, Run: 026, P, 0, 1, 0, 1, 0, 60, 19, 60, 0, 0, 1
4, Run: 027, P, 0, 1, 0, 1, 0, 60, 19, 60, 0, 0, 1
4, Run: 028, P, 0, 1, 0, 1, 0, 60, 19, 60, 0, 0, 1
4, Run: 029, P, 0, 1, 0, 1, 0, 60, 19, 60, 0, 0, 1
4, Run: 030, P, 0, 1, 0, 1, 0, 60, 19, 60, 0, 0, 1
4, Run: 031, P, 0, 1, 0, 1, 0, 60, 19, 60, 0, 0, 1
4, Run: 032, P, 0, 1, 0, 1, 0, 60, 19, 60, 0, 0, 1
4, Run: 033, P, 0, 1, 0, 1, 0, 60, 19, 60, 0, 0, 1
4, Run: 034, P, 0, 1, 0, 1, 0, 60, 19, 60, 0, 0, 1
4, Run: 035, P, 0, 1, 0, 1, 0, 60, 19, 60, 0, 0, 1
4, Run: 036, P, 0, 1, 0, 1, 0, 60, 19, 60, 0, 0, 1
4, Run: 037, P, 0, 1, 0, 1, 0, 60, 19, 60, 0, 0, 1
4, Run: 038, P, 0, 1, 0, 1, 0, 60, 19, 60, 0, 0, 1
4, Run: 039, P, 0, 1, 0, 1, 0, 60, 19, 60, 0, 0, 1
4, Run: 040, P, 0, 1, 0, 1, 0, 60, 19, 60, 0, 0, 1
4, Run: 041, P, 0, 1, 0, 1, 0, 60, 19, 60, 0, 0, 1
4, Run: 042, P, 0, 1, 0, 1, 0, 60, 19, 60, 0, 0, 1
4, Run: 043, P, 0, 1, 0, 1, 0, 60, 19, 60, 0, 0, 1
4, Run: 044, P, 0, 1, 0, 1, 0, 60, 19, 60, 0, 0, 1
4, Run: 045, P, 0, 1, 0, 1, 0, 60, 19, 60, 0, 0, 1
4, Run: 046, P, 0, 1, 0, 1, 0, 60, 19, 60, 0, 0, 1
4, Run: 047, P, 0, 1, 0, 1, 0, 60, 19, 60, 0, 0, 1
4, Run: 048, P, 0, 1, 0, 1, 0, 60, 19, 60, 0, 0, 1
4, Run: 049, P, 0, 1, 0, 1, 0, 60, 19, 60, 0, 0, 1
4, Run: 050, P, 0, 1, 0, 1, 0, 60, 19, 60, 0, 0, 1
4, Run: 051, P, 0, 1, 0, 1, 0, 60, 19, 60, 0, 0, 1
4, Run: 052, P, 0, 1, 0, 1, 0, 60, 19, 60, 0, 0, 1
4, Run: 053, P, 0, 1, 0, 1, 0, 60, 19, 60, 0, 0, 1
4, Run: 054, P, 0, 1, 0, 1, 0, 60, 19, 60, 0, 0, 1
4, Run: 055, P, 0, 1, 0, 1, 0, 60, 19, 60, 0, 0, 1
4, Run: 056, P, 0, 1, 0, 1, 0, 60, 19, 60, 0, 0, 1
4, Run: 057, P, 0, 1, 0, 1, 0, 60, 19, 60, 0, 0, 1
4, Run: 058, P, 0, 1, 0, 1, 0, 60, 19, 60, 0, 0, 1
4, Run: 059, P, 0, 1, 0, 1, 0, 60, 19, 60, 0, 0, 1
4, Run: 060, P, 0, 1, 0, 1, 0, 60, 19, 60, 0, 0, 1
4, Run: 061, P, 0, 1, 0, 1, 0, 60, 19, 60, 0, 0, 1
4, Run: 062, P, 0, 1, 0, 1, 0, 60, 19, 60, 0, 0, 1
4, Run: 063, P, 0, 1, 0, 1, 0, 60, 19, 60, 0, 0, 1
4, Run: 064, P, 0, 1, 0, 1, 0, 60, 19, 60, 0, 0, 1
4, Run: 065, P, 0, 1, 0, 1, 0, 60, 19, 60, 0, 0, 1
4, Run: 066, P, 0, 1, 0, 1, 0, 60, 19, 60, 0, 0, 1
4, Run: 067, P, 0, 1, 0, 1, 0, 60, 19, 60, 0, 0, 1
4, Run: 068, P, 0, 1, 0, 1, 0, 60, 19, 60, 0, 0, 1
4, Run: 069, P, 0, 1, 0, 1, 0, 60, 19, 60, 0, 0, 1
4, Run: 070, P, 0, 1, 0, 1, 0, 60, 19, 60, 0, 0, 1
4, Run: 071, P, 0, 1, 0, 1, 0, 60, 19, 60, 0, 0, 1
4, Run: 072, P, 0, 1, 0, 1, 0, 60, 19, 60, 0, 0, 1
4, Run: 073, P, 0, 1, 0, 1, 0, 60, 19, 60, 0, 0, 1
4, Run: 074, P, 0, 1, 0, 1, 0, 60, 19, 60, 0, 0, 1
4, Run: 075, P, 0, 1, 0, 1, 0, 60, 19, 60, 0, 0, 1
4, Run: 076, P, 0, 1, 0, 1, 0, 60, 19, 60, 0, 0, 1
4, Run: 077, P, 0, 1, 0, 1, 0, 60, 19, 60, 0, 0, 1
4, Run: 078, P, 0, 1, 0, 1, 0, 60, 19, 60, 0, 0, 1
4, Run: 079, P, 0, 1, 0, 1, 0, 60, 19, 60, 0, 0, 1
4, Run: 080, P, 0, 1, 0, 1, 0, 60, 19, 60, 0, 0, 1
4, Run: 081, P, 0, 1, 0, 1, 0, 60, 19, 60, 0, 0, 1
4, Run: 082, P, 0, 1, 0, 1, 0, 60, 19, 60, 0, 0, 1
4, Run: 083, P, 0, 1, 0, 1, 0, 60, 19, 60, 0, 0, 1
4, Run: 084, P, 0, 1, 0, 1, 0, 60, 19, 60, 0, 0, 1
4, Run: 085, P, 0, 1, 0, 1, 0, 60, 19, 60, 0, 0, 1
4, Run: 086, P, 0, 1, 0, 1, 0, 60, 19, 60, 0, 0, 1
4, Run: 087, P, 0, 1, 0, 1, 0, 60, 19, 60, 0, 0, 1
4, Run: 088, P, 0, 1, 0, 1, 0, 60, 19, 60, 0, 0, 1
4, Run: 089, P, 0, 1, 0, 1, 0, 60, 19, 60, 0, 0, 1
4, Run: 090, P, 0, 1, 0, 1, 0, 60, 19, 60, 0, 0, 1
4, Run: 091, P, 0, 1, 0, 1, 0, 60, 19, 60, 0, 0, 1
4, Run: 092, P, 0, 1, 0, 1, 0, 60, 19, 60, 0, 0, 1
4, Run: 093, P, 0, 1, 0, 1, 0, 60, 19, 60, 0, 0, 1
4, Run: 094, P, 0, 1, 0, 1, 0, 60, 19, 60, 0, 0, 1
4, Run: 095, P, 0, 1, 0, 1, 0, 60, 19, 60, 0, 0, 1
4, Run: 096, P, 0, 1, 0, 1, 0, 60, 19, 60, 0, 0, 1
4, Run: 097, P, 0, 1, 0, 1, 0, 60, 19, 60, 0, 0, 1
4, Run: 098, P, 0, 1, 0, 1, 0, 60, 19, 60, 0, 0, 1
4, Run: 099, P, 0, 1, 0, 1, 0, 60, 19, 60, 0, 0, 1
4, Run: 100, P, 0, 1, 0, 1, 0, 60, 19, 60, 0, 0, 1
5, Run: 001, P, 0, 1, 0, 1, 0, 81, 26, 81, 0, 0, 1
5, Run: 002, P, 0, 1, 0, 1, 0, 81, 26, 81, 0, 0, 1
5, Run: 003, P, 0, 1, 0, 1, 0, 81, 26, 81, 0, 0, 1
5, Run: 004, P, 0, 1, 0, 1, 0, 81, 26, 81, 0, 0, 1
5, Run: 005, P, 0, 1, 0, 1, 0, 81, 26, 81, 0, 0, 1
5, Run: 006, P, 0, 1, 0, 1, 0, 81, 26, 81, 0, 0, 1
5, Run: 007, P, 0, 1, 0, 1, 0, 81, 26, 81, 0, 0, 1
5, Run: 008, P, 0, 1, 0, 1, 0, 81, 26, 81, 0, 0, 1
5, Run: 009, P, 0, 1, 0, 1, 0, 81, 26, 81, 0, 0, 1
5, Run: 010, P, 0, 1, 0, 1, 0, 81, 26, 81, 0, 0, 1
5, Run: 011, P, 0, 1, 0, 1, 0, 81, 26, 81, 0, 0, 1
5, Run: 012, P, 0, 1, 0, 1, 0, 81, 26, 81, 0, 0, 1
5, Run: 013, P, 0, 1, 0, 1, 0, 81, 26, 81, 0, 0, 1
5, Run: 014, P, 0, 1, 0, 1, 0, 81, 26, 81, 0, 0, 1
5, Run: 015, P, 0, 1, 0, 1, 0, 81, 26, 81, 0, 0, 1
5, Run: 016, P, 0, 1, 0, 1, 0, 81, 26, 81, 0, 0, 1
5, Run: 017, P, 0, 1, 0, 1, 0, 81, 26, 81, 0, 0, 1
5, Run: 018, P, 0, 1, 0, 1, 0, 81, 26, 81, 0, 0, 1
5, Run: 019, P, 0, 1, 0, 1, 0, 81, 26, 81, 0, 0, 1
5, Run: 020, P, 0, 1, 0, 1, 0, 81, 26, 81, 0, 0, 1
5, Run: 021, P, 0, 1, 0, 1, 0, 81, 26, 81, 0, 0, 1
5, Run: 022, P, 0, 1, 0, 1, 0, 81, 26, 81, 0, 0, 1
5, Run: 023, P, 0, 1, 0, 1, 0, 81, 26, 81, 0, 0, 1
5, Run: 024, P, 0, 1, 0, 1, 0, 81, 26, 81, 0, 0, 1
5, Run: 025, P, 0, 1, 0, 1, 0, 81, 26, 81, 0, 0, 1
5, Run: 026, P, 0, 1, 0, 1, 0, 81, 26, 81, 0, 0, 1
5, Run: 027, P, 0, 1, 0, 1, 0, 81, 26, 81, 0, 0, 1
5, Run: 028, P, 0, 1, 0, 1, 0, 81, 26, 81, 0, 0, 1
5, Run: 029, P, 0, 1, 0, 1, 0, 81, 26, 81, 0, 0, 1
5, Run: 030, P, 0, 1, 0, 1, 0, 81, 26, 81, 0, 0, 1
5, Run: 031, P, 0, 1, 0, 1, 0, 81, 26, 81, 0, 0, 1
5, Run: 032, P, 0, 1, 0, 1, 0, 81, 26, 81, 0, 0, 1
5, Run: 033, P, 0, 1, 0, 1, 0, 81, 26, 81, 0, 0, 1
5, Run: 034, P, 0, 1, 0, 1, 0, 81, 26, 81, 0, 0, 1
5, Run: 035, P, 0, 1, 0, 1, 0, 81, 26, 81, 0, 0, 1
5, Run: 036, P, 0, 1, 0, 1, 0, 81, 26, 81, 0, 0, 1
5, Run: 037, P, 0, 1, 0, 1, 0, 81, 26, 81, 0, 0, 1
5, Run: 038, P, 0, 1, 0, 1, 0, 81, 26, 81, 0, 0, 1
5, Run: 039, P, 0, 1, 0, 1, 0, 81, 26, 81, 0, 0, 1
5, Run: 040, P, 0, 1, 0, 1, 0, 81, 26, 81, 0, 0, 1
5, Run: 041, P, 0, 1, 0, 1, 0, 81, 26, 81, 0, 0, 1
5, Run: 042, P, 0, 1, 0, 1, 0, 81, 26, 81, 0, 0, 1
5, Run: 043, P, 0, 1, 0, 1, 0, 81, 26, 81, 0, 0, 1
5, Run: 044, P, 0, 1, 0, 1, 0, 81, 26, 81, 0, 0, 1
5, Run: 045, P, 0, 1, 0, 1, 0, 81, 26, 81, 0, 0, 1
5, Run: 046, P, 0, 1, 0, 1, 0, 81, 26, 81, 0, 0, 1
5, Run: 047, P, 0, 1, 0, 1, 0, 81, 26, 81, 0, 0, 1
5, Run: 048, P, 0, 1, 0, 1, 0, 81, 26, 81, 0, 0, 1
5, Run: 049, P, 0, 1, 0, 1, 0, 81, 26, 81, 0, 0, 1
5, Run: 050, P, 0, 1, 0, 1, 0, 81, 26, 81, 0, 0, 1
5, Run: 051, P, 0, 1, 0, 1, 0, 81, 26, 81, 0, 0, 1
5, Run: 052, P, 0, 1, 0, 1, 0, 81, 26, 81, 0, 0, 1
5, Run: 053, P, 0, 1, 0, 1, 0, 81, 26, 81, 0, 0, 1
5, Run: 054, P, 0, 1, 0, 1, 0, 81, 26, 81, 0, 0, 1
5, Run: 055, P, 0, 1, 0, 1, 0, 81, 26, 81, 0, 0, 1
5, Run: 056, P, 0, 1, 0, 1, 0, 81, 26, 81, 0, 0, 1
5, Run: 057, P, 0, 1, 0, 1, 0, 81, 26, 81, 0, 0, 1
5, Run: 058, P, 0, 1, 0, 1, 0, 81, 26, 81, 0, 0, 1
5, Run: 059, P, 0, 1, 0, 1, 0, 81, 26, 81, 0, 0, 1
5, Run: 060, P, 0, 1, 0, 1, 0, 81, 26, 81, 0, 0, 1
5, Run: 061, P, 0, 1, 0, 1, 0, 81, 26, 81, 0, 0, 1
5, Run: 062, P, 0, 1, 0, 1, 0, 81, 26, 81, 0, 0, 1
5, Run: 063, P, 0, 1, 0, 1, 0, 81, 26, 81, 0, 0, 1
5, Run: 064, P, 0, 1, 0, 1, 0, 81, 26, 81, 0, 0, 1
5, Run: 065, P, 0, 1, 0, 1, 0, 81, 26, 81, 0, 0, 1
5, Run: 066, P, 0, 1, 0, 1, 0, 81, 26, 81, 0, 0, 1
5, Run: 067, P, 0, 1, 0, 1, 0, 81, 26, 81, 0, 0, 1
5, Run: 068, P, 0, 1, 0, 1, 0, 81, 26, 81, 0, 0, 1
5, Run: 069, P, 0, 1, 0, 1, 0, 81, 26, 81, 0, 0, 1
5, Run: 070, P, 0, 1, 0, 1, 0, 81, 26, 81, 0, 0, 1
5, Run: 071, P, 0, 1, 0, 1, 0, 81, 26, 81, 0, 0, 1
5, Run: 072, P, 0, 1, 0, 1, 0, 81, 26, 81, 0, 0, 1
5, Run: 073, P, 0, 1, 0, 1, 0, 81, 26, 81, 0, 0, 1
5, Run: 074, P, 0, 1, 0, 1, 0, 81, 26, 81, 0, 0, 1
5, Run: 075, P, 0, 1, 0, 1, 0, 81, 26, 81, 0, 0, 1
5, Run: 076, P, 0, 1, 0, 1, 0, 81, 26, 81, 0, 0, 1
5, Run: 077, P, 0, 1, 0, 1, 0, 81, 26, 81, 0, 0, 1
5, Run: 078, P, 0, 1, 0, 1, 0, 81, 26, 81, 0, 0, 1
5, Run: 079, P, 0, 1, 0, 1, 0, 81, 26, 81, 0, 0, 1
5, Run: 080, P, 0, 1, 0, 1, 0, 81, 26, 81, 0, 0, 1
5, Run: 081, P, 0, 1, 0, 1, 0, 81, 26, 81, 0, 0, 1
5, Run: 082, P, 0, 1, 0, 1, 0, 81, 26, 81, 0, 0, 1
5, Run: 083, P, 0, 1, 0, 1, 0, 81, 26, 81, 0, 0, 1
5, Run: 084, P, 0, 1, 0, 1, 0, 81, 26, 81, 0, 0, 1
5, Run: 085, P, 0, 1, 0, 1, 0, 81, 26, 81, 0, 0, 1
5, Run: 086, P, 0, 1, 0, 1, 0, 81, 26, 81, 0, 0, 1
5, Run: 087, P, 0, 1, 0, 1, 0, 81, 26, 81, 0, 0, 1
5, Run: 088, P, 0, 1, 0, 1, 0, 81, 26, 81, 0, 0, 1
5, Run: 089, P, 0, 1, 0, 1, 0, 81, 26, 81, 0, 0, 1
5, Run: 090, P, 0, 1, 0, 1, 0, 81, 26, 81, 0, 0, 1
5, Run: 091, P, 0, 1, 0, 1, 0, 81, 26, 81, 0, 0, 1
5, Run: 092, P, 0, 1, 0, 1, 0, 81, 26, 81, 0, 0, 1
5, Run: 093, P, 0, 1, 0, 1, 0, 81, 26, 81, 0, 0, 1
5, Run: 094, P, 0, 1, 0, 1, 0, 81, 26, 81, 0, 0, 1
5, Run: 095, P, 0, 1, 0, 1, 0, 81, 26, 81, 0, 0, 1
5, Run: 096, P, 0, 1, 0, 1, 0, 81, 26, 81, 0, 0, 1
5, Run: 097, P, 0, 1, 0, 1, 0, 81, 26, 81, 0, 0, 1
5, Run: 098, P, 0, 1, 0, 1, 0, 81, 26, 81, 0, 0, 1
5, Run: 099, P, 0, 1, 0, 1, 0, 81, 26, 81, 0, 0, 1
5, Run: 100, P, 0, 1, 0, 1, 0, 81, 26, 81, 0, 0, 1
6, Run: 001, P, 0, 1, 0, 1, 0, 264, 87, 264, 0, 0, 1
6, Run: 002, P, 0, 1, 0, 1, 0, 264, 87, 264, 0, 0, 1
6, Run: 003, P, 0, 1, 0, 1, 0, 264, 87, 264, 0, 0, 1
6, Run: 004, P, 0, 1, 0, 1, 0, 264, 87, 264, 0, 0, 1
6, Run: 005, P, 0, 1, 0, 1, 0, 264, 87, 264, 0, 0, 1
6, Run: 006, P, 0, 1, 0, 1, 0, 264, 87, 264, 0, 0, 1
6, Run: 007, P, 0, 1, 0, 1, 0, 264, 87, 264, 0, 0, 1
6, Run: 008, P, 0, 1, 0, 1, 0, 264, 87, 264, 0, 0, 1
6, Run: 009, P, 0, 1, 0, 1, 0, 264, 87, 264, 0, 0, 1
6, Run: 010, P, 0, 1, 0, 1, 0, 264, 87, 264, 0, 0, 1
6, Run: 011, P, 0, 1, 0, 1, 0, 264, 87, 264, 0, 0, 1
6, Run: 012, P, 0, 1, 0, 1, 0, 264, 87, 264, 0, 0, 1
6, Run: 013, P, 0, 1, 0, 1, 0, 264, 87, 264, 0, 0, 1
6, Run: 014, P, 0, 1, 0, 1, 0, 264, 87, 264, 0, 0, 1
6, Run: 015, P, 0, 1, 0, 1, 0, 264, 87, 264, 0, 0, 1
6, Run: 016, P, 0, 1, 0, 1, 0, 264, 87, 264, 0, 0, 1
6, Run: 017, P, 0, 1, 0, 1, 0, 264, 87, 264, 0, 0, 1
6, Run: 018, P, 0, 1, 0, 1, 0, 264, 87, 264, 0, 0, 1
6, Run: 019, P, 0, 1, 0, 1, 0, 264, 87, 264, 0, 0, 1
6, Run: 020, P, 0, 1, 0, 1, 0, 264, 87, 264, 0, 0, 1
6, Run: 021, P, 0, 1, 0, 1, 0, 264, 87, 264, 0, 0, 1
6, Run: 022, P, 0, 1, 0, 1, 0, 264, 87, 264, 0, 0, 1
6, Run: 023, P, 0, 1, 0, 1, 0, 264, 87, 264, 0, 0, 1
6, Run: 024, P, 0, 1, 0, 1, 0, 264, 87, 264, 0, 0, 1
6, Run: 025, P, 0, 1, 0, 1, 0, 264, 87, 264, 0, 0, 1
6, Run: 026, P, 0, 1, 0, 1, 0, 264, 87, 264, 0, 0, 1
6, Run: 027, P, 0, 1, 0, 1, 0, 264, 87, 264, 0, 0, 1
6, Run: 028, P, 0, 1, 0, 1, 0, 264, 87, 264, 0, 0, 1
6, Run: 029, P, 0, 1, 0, 1, 0, 264, 87, 264, 0, 0, 1
6, Run: 030, P, 0, 1, 0, 1, 0, 264, 87, 264, 0, 0, 1
6, Run: 031, P, 0, 1, 0, 1, 0, 264, 87, 264, 0, 0, 1
6, Run: 032, P, 0, 1, 0, 1, 0, 264, 87, 264, 0, 0, 1
6, Run: 033, P, 0, 1, 0, 1, 0, 264, 87, 264, 0, 0, 1
6, Run: 034, P, 0, 1, 0, 1, 0, 264, 87, 264, 0, 0, 1
6, Run: 035, P, 0, 1, 0, 1, 0, 264, 87, 264, 0, 0, 1
6, Run: 036, P, 0, 1, 0, 1, 0, 264, 87, 264, 0, 0, 1
6, Run: 037, P, 0, 1, 0, 1, 0, 264, 87, 264, 0, 0, 1
6, Run: 038, P, 0, 1, 0, 1, 0, 264, 87, 264, 0, 0, 1
6, Run: 039, P, 0, 1, 0, 1, 0, 264, 87, 264, 0, 0, 1
6, Run: 040, P, 0, 1, 0, 1, 0, 264, 87, 264, 0, 0, 1
6, Run: 041, P, 0, 1, 0, 1, 0, 264, 87, 264, 0, 0, 1
6, Run: 042, P, 0, 1, 0, 1, 0, 264, 87, 264, 0, 0, 1
6, Run: 043, P, 0, 1, 0, 1, 0, 264, 87, 264, 0, 0, 1
6, Run: 044, P, 0, 1, 0, 1, 0, 264, 87, 264, 0, 0, 1
6, Run: 045, P, 0, 1, 0, 1, 0, 264, 87, 264, 0, 0, 1
6, Run: 046, P, 0, 1, 0, 1, 0, 264, 87, 264, 0, 0, 1
6, Run: 047, P, 0, 1, 0, 1, 0, 264, 87, 264, 0, 0, 1
6, Run: 048, P, 0, 1, 0, 1, 0, 264, 87, 264, 0, 0, 1
6, Run: 049, P, 0, 1, 0, 1, 0, 264, 87, 264, 0, 0, 1
6, Run: 050, P, 0, 1, 0, 1, 0, 264, 87, 264, 0, 0, 1
6, Run: 051, P, 0, 1, 0, 1, 0, 264, 87, 264, 0, 0, 1
6, Run: 052, P, 0, 1, 0, 1, 0, 264, 87, 264, 0, 0, 1
6, Run: 053, P, 0, 1, 0, 1, 0, 264, 87, 264, 0, 0, 1
6, Run: 054, P, 0, 1, 0, 1, 0, 264, 87, 264, 0, 0, 1
6, Run: 055, P, 0, 1, 0, 1, 0, 264, 87, 264, 0, 0, 1
6, Run: 056, P, 0, 1, 0, 1, 0, 264, 87, 264, 0, 0, 1
6, Run: 057, P, 0, 1, 0, 1, 0, 264, 87, 264, 0, 0, 1
6, Run: 058, P, 0, 1, 0, 1, 0, 264, 87, 264, 0, 0, 1
6, Run: 059, P, 0, 1, 0, 1, 0, 264, 87, 264, 0, 0, 1
6, Run: 060, P, 0, 1, 0, 1, 0, 264, 87, 264, 0, 0, 1
6, Run: 061, P, 0, 1, 0, 1, 0, 264, 87, 264, 0, 0, 1
6, Run: 062, P, 0, 1, 0, 1, 0, 264, 87, 264, 0, 0, 1
6, Run: 063, P, 0, 1, 0, 1, 0, 264, 87, 264, 0, 0, 1
6, Run: 064, P, 0, 1, 0, 1, 0, 264, 87, 264, 0, 0, 1
6, Run: 065, P, 0, 1, 0, 1, 0, 264, 87, 264, 0, 0, 1
6, Run: 066, P, 0, 1, 0, 1, 0, 264, 87, 264, 0, 0, 1
6, Run: 067, P, 0, 1, 0, 1, 0, 264, 87, 264, 0, 0, 1
6, Run: 068, P, 0, 1, 0, 1, 0, 264, 87, 264, 0, 0, 1
6, Run: 069, P, 0, 1, 0, 1, 0, 264, 87, 264, 0, 0, 1
6, Run: 070, P, 0, 1, 0, 1, 0, 264, 87, 264, 0, 0, 1
6, Run: 071, P, 0, 1, 0, 1, 0, 264, 87, 264, 0, 0, 1
6, Run: 072, P, 0, 1, 0, 1, 0, 264, 87, 264, 0, 0, 1
6, Run: 073, P, 0, 1, 0, 1, 0, 264, 87, 264, 0, 0, 1
6, Run: 074, P, 0, 1, 0, 1, 0, 264, 87, 264, 0, 0, 1
6, Run: 075, P, 0, 1, 0, 1, 0, 264, 87, 264, 0, 0, 1
6, Run: 076, P, 0, 1, 0, 1, 0, 264, 87, 264, 0, 0, 1
6, Run: 077, P, 0, 1, 0, 1, 0, 264, 87, 264, 0, 0, 1
6, Run: 078, P, 0, 1, 0, 1, 0, 264, 87, 264, 0, 0, 1
6, Run: 079, P, 0, 1, 0, 1, 0, 264, 87, 264, 0, 0, 1
6, Run: 080, P, 0, 1, 0, 1, 0, 264, 87, 264, 0, 0, 1
6, Run: 081, P, 0, 1, 0, 1, 0, 264, 87, 264, 0, 0, 1
6, Run: 082, P, 0, 1, 0, 1, 0, 264, 87, 264, 0, 0, 1
6, Run: 083, P, 0, 1, 0, 1, 0, 264, 87, 264, 0, 0, 1
6, Run: 084, P, 0, 1, 0, 1, 0, 264, 87, 264, 0, 0, 1
6, Run: 085, P, 0, 1, 0, 1, 0, 264, 87, 264, 0, 0, 1
6, Run: 086, P, 0, 1, 0, 1, 0, 264, 87, 264, 0, 0, 1
6, Run: 087, P, 0, 1, 0, 1, 0, 264, 87, 264, 0, 0, 1
6, Run: 088, P, 0, 1, 0, 1, 0, 264, 87, 264, 0, 0, 1
6, Run: 089, P, 0, 1, 0, 1, 0, 264, 87, 264, 0, 0, 1
6, Run: 090, P, 0, 1, 0, 1, 0, 264, 87, 264, 0, 0, 1
6, Run: 091, P, 0, 1, 0, 1, 0, 264, 87, 264, 0, 0, 1
6, Run: 092, P, 0, 1, 0, 1, 0, 264, 87, 264, 0, 0, 1
6, Run: 093, P, 0, 1, 0, 1, 0, 264, 87, 264, 0, 0, 1
6, Run: 094, P, 0, 1, 0, 1, 0, 264, 87, 264, 0, 0, 1
6, Run: 095, P, 0, 1, 0, 1, 0, 264, 87, 264, 0, 0, 1
6, Run: 096, P, 0, 1, 0, 1, 0, 264, 87, 264, 0, 0, 1
6, Run: 097, P, 0, 1, 0, 1, 0, 264, 87, 264, 0, 0, 1
6, Run: 098, P, 0, 1, 0, 1, 0, 264, 87, 264, 0, 0, 1
6, Run: 099, P, 0, 1, 0, 1, 0, 264, 87, 264, 0, 0, 1
6, Run: 100, P, 0, 1, 0, 1, 0, 264, 87, 264, 0, 0, 1
8, Run: 001, P, 0, 0, 0, 0, 25, 25, 0, 0, 1, 75, 0
8, Run: 002, P, 0, 0, 0, 0, 25, 25, 0, 0, 1, 75, 0
8, Run: 003, P, 0, 0, 0, 0, 25, 25, 0, 0, 1, 75, 0
8, Run: 004, P, 0, 0, 0, 0, 25, 25, 0, 0, 1, 75, 0
8, Run: 005, P, 0, 0, 0, 0, 25, 25, 0, 0, 1, 75, 0
8, Run: 006, P, 0, 0, 0, 0, 25, 25, 0, 0, 1, 75, 0
8, Run: 007, P, 0, 0, 0, 0, 25, 25, 0, 0, 1, 75, 0
8, Run: 008, P, 0, 0, 0, 0, 25, 25, 0, 0, 1, 75, 0
8, Run: 009, P, 0, 0, 0, 0, 25, 25, 0, 0, 1, 75, 0
8, Run: 010, P, 0, 0, 0, 0, 25, 25, 0, 0, 1, 75, 0
8, Run: 011, P, 0, 0, 0, 0, 25, 25, 0, 0, 1, 75, 0
8, Run: 012, P, 0, 0, 0, 0, 25, 25, 0, 0, 1, 75, 0
8, Run: 013, P, 0, 0, 0, 0, 25, 25, 0, 0, 1, 75, 0
8, Run: 014, P, 0, 0, 0, 0, 25, 25, 0, 0, 1, 75, 0
8, Run: 015, P, 0, 0, 0, 0, 25, 25, 0, 0, 1, 75, 0
8, Run: 016, P, 0, 0, 0, 0, 25, 25, 0, 0, 1, 75, 0
8, Run: 017, P, 0, 0, 0, 0, 25, 25, 0, 0, 1, 75, 0
8, Run: 018, P, 0, 0, 0, 0, 25, 25, 0, 0, 1, 75, 0
8, Run: 019, P, 0, 0, 0, 0, 25, 25, 0, 0, 1, 75, 0
8, Run: 020, P, 0, 0, 0, 0, 25, 25, 0, 0, 1, 75, 0
8, Run: 021, P, 0, 0, 0, 0, 25, 25, 0, 0, 1, 75, 0
8, Run: 022, P, 0, 0, 0, 0, 25, 25, 0, 0, 1, 75, 0
8, Run: 023, P, 0, 0, 0, 0, 25, 25, 0, 0, 1, 75, 0
8, Run: 024, P, 0, 0, 0, 0, 25, 25, 0, 0, 1, 75, 0
8, Run: 025, P, 0, 0, 0, 0, 25, 25, 0, 0, 1, 75, 0
8, Run: 026, P, 0, 0, 0, 0, 25, 25, 0, 0, 1, 75, 0
8, Run: 027, P, 0, 0, 0, 0, 25, 25, 0, 0, 1, 75, 0
8, Run: 028, P, 0, 0, 0, 0, 25, 25, 0, 0, 1, 75, 0
8, Run: 029, P, 0, 0, 0, 0, 25, 25, 0, 0, 1, 75, 0
8, Run: 030, P, 0, 0, 0, 0, 25, 25, 0, 0, 1, 75, 0
8, Run: 031, P, 0, 0, 0, 0, 25, 25, 0, 0, 1, 75, 0
8, Run: 032, P, 0, 0, 0, 0, 25, 25, 0, 0, 1, 75, 0
8, Run: 033, P, 0, 0, 0, 0, 25, 25, 0, 0, 1, 75, 0
8, Run: 034, P, 0, 0, 0, 0, 25, 25, 0, 0, 1, 75, 0
8, Run: 035, P, 0, 0, 0, 0, 25, 25, 0, 0, 1, 75, 0
8, Run: 036, P, 0, 0, 0, 0, 25, 25, 0, 0, 1, 75, 0
8, Run: 037, P, 0, 0, 0, 0, 25, 25, 0, 0, 1, 75, 0
8, Run: 038, P, 0, 0, 0, 0, 25, 25, 0, 0, 1, 75, 0
8, Run: 039, P, 0, 0, 0, 0, 25, 25, 0, 0, 1, 75, 0
8, Run: 040, P, 0, 0, 0, 0, 25, 25, 0, 0, 1, 75, 0
8, Run: 041, P, 0, 0, 0, 0, 25, 25, 0, 0, 1, 75, 0
8, Run: 042, P, 0, 0, 0, 0, 25, 25, 0, 0, 1, 75, 0
8, Run: 043, P, 0, 0, 0, 0, 25, 25, 0, 0, 1, 75, 0
8, Run: 044, P, 0, 0, 0, 0, 25, 25, 0, 0, 1, 75, 0
8, Run: 045, P, 0, 0, 0, 0, 25, 25, 0, 0, 1, 75, 0
8, Run: 046, P, 0, 0, 0, 0, 25, 25, 0, 0, 1, 75, 0
8, Run: 047, P, 0, 0, 0, 0, 25, 25, 0, 0, 1, 75, 0
8, Run: 048, P, 0, 0, 0, 0, 25, 25, 0, 0, 1, 75, 0
8, Run: 049, P, 0, 0, 0, 0, 25, 25, 0, 0, 1, 75, 0
8, Run: 050, P, 0, 0, 0, 0, 25, 25, 0, 0, 1, 75, 0
8, Run: 051, P, 0, 0, 0, 0, 25, 25, 0, 0, 1, 75, 0
8, Run: 052, P, 0, 0, 0, 0, 25, 25, 0, 0, 1, 75, 0
8, Run: 053, P, 0, 0, 0, 0, 25, 25, 0, 0, 1, 75, 0
8, Run: 054, P, 0, 0, 0, 0, 25, 25, 0, 0, 1, 75, 0
8, Run: 055, P, 0, 0, 0, 0, 25, 25, 0, 0, 1, 75, 0
8, Run: 056, P, 0, 0, 0, 0, 25, 25, 0, 0, 1, 75, 0
8, Run: 057, P, 0, 0, 0, 0, 25, 25, 0, 0, 1, 75, 0
8, Run: 058, P, 0, 0, 0, 0, 25, 25, 0, 0, 1, 75, 0
8, Run: 059, P, 0, 0, 0, 0, 25, 25, 0, 0, 1, 75, 0
8, Run: 060, P, 0, 0, 0, 0, 25, 25, 0, 0, 1, 75, 0
8, Run: 061, P, 0, 0, 0, 0, 25, 25, 0, 0, 1, 75, 0
8, Run: 062, P, 0, 0, 0, 0, 25, 25, 0, 0, 1, 75, 0
8, Run: 063, P, 0, 0, 0, 0, 25, 25, 0, 0, 1, 75, 0
8, Run: 064, P, 0, 0, 0, 0, 25, 25, 0, 0, 1, 75, 0
8, Run: 065, P, 0, 0, 0, 0, 25, 25, 0, 0, 1, 75, 0
8, Run: 066, P, 0, 0, 0, 0, 25, 25, 0, 0, 1, 75, 0
8, Run: 067, P, 0, 0, 0, 0, 25, 25, 0, 0, 1, 75, 0
8, Run: 068, P, 0, 0, 0, 0, 25, 25, 0, 0, 1, 75, 0
8, Run: 069, P, 0, 0, 0, 0, 25, 25, 0, 0, 1, 75, 0
8, Run: 070, P, 0, 0, 0, 0, 25, 25, 0, 0, 1, 75, 0
8, Run: 071, P, 0, 0, 0, 0, 25, 25, 0, 0, 1, 75, 0
8, Run: 072, P, 0, 0, 0, 0, 25, 25, 0, 0, 1, 75, 0
8, Run: 073, P, 0, 0, 0, 0, 25, 25, 0, 0, 1, 75, 0
8, Run: 074, P, 0, 0, 0, 0, 25, 25, 0, 0, 1, 75, 0
8, Run: 075, P, 0, 0, 0, 0, 25, 25, 0, 0, 1, 75, 0
8, Run: 076, P, 0, 0, 0, 0, 25, 25, 0, 0, 1, 75, 0
8, Run: 077, P, 0, 0, 0, 0, 25, 25, 0, 0, 1, 75, 0
8, Run: 078, P, 0, 0, 0, 0, 25, 25, 0, 0, 1, 75, 0
8, Run: 079, P, 0, 0, 0, 0, 25, 25, 0, 0, 1, 75, 0
8, Run: 080, P, 0, 0, 0, 0, 25, 25, 0, 0, 1, 75, 0
8, Run: 081, P, 0, 0, 0, 0, 25, 25, 0, 0, 1, 75, 0
8, Run: 082, P, 0, 0, 0, 0, 25, 25, 0, 0, 1, 75, 0
8, Run: 083, P, 0, 0, 0, 0, 25, 25, 0, 0, 1, 75, 0
8, Run: 084, P, 0, 0, 0, 0, 25, 25, 0, 0, 1, 75, 0
8, Run: 085, P, 0, 0, 0, 0, 25, 25, 0, 0, 1, 75, 0
8, Run: 086, P, 0, 0, 0, 0, 25, 25, 0, 0, 1, 75, 0
8, Run: 087, P, 0, 0, 0, 0, 25, 25, 0, 0, 1, 75, 0
8, Run: 088, P, 0, 0, 0, 0, 25, 25, 0, 0, 1, 75, 0
8, Run: 089, P, 0, 0, 0, 0, 25, 25, 0, 0, 1, 75, 0
8, Run: 090, P, 0, 0, 0, 0, 25, 25, 0, 0, 1, 75, 0
8, Run: 091, P, 0, 0, 0, 0, 25, 25, 0, 0, 1, 75, 0
8, Run: 092, P, 0, 0, 0, 0, 25, 25, 0, 0, 1, 75, 0
8, Run: 093, P, 0, 0, 0, 0, 25, 25, 0, 0, 1, 75, 0
8, Run: 094, P, 0, 0, 0, 0, 25, 25, 0, 0, 1, 75, 0
8, Run: 095, P, 0, 0, 0, 0, 25, 25, 0, 0, 1, 75, 0
8, Run: 096, P, 0, 0, 0, 0, 25, 25, 0, 0, 1, 75, 0
8, Run: 097, P, 0, 0, 0, 0, 25, 25, 0, 0, 1, 75, 0
8, Run: 098, P, 0, 0, 0, 0, 25, 25, 0, 0, 1, 75, 0
8, Run: 099, P, 0, 0, 0, 0, 25, 25, 0, 0, 1, 75, 0
8, Run: 100, P, 0, 0, 0, 0, 25, 25, 0, 0, 1, 75, 0
9, Run: 001, P, 0, 0, 0, 0, 50, 50, 0, 0, 1, 150, 0
9, Run: 002, P, 0, 0, 0, 0, 50, 50, 0, 0, 1, 150, 0
9, Run: 003, P, 0, 0, 0, 0, 50, 50, 0, 0, 1, 150, 0
9, Run: 004, P, 0, 0, 0, 0, 50, 50, 0, 0, 1, 150, 0
9, Run: 005, P, 0, 0, 0, 0, 50, 50, 0, 0, 1, 150, 0
9, Run: 006, P, 0, 0, 0, 0, 50, 50, 0, 0, 1, 150, 0
9, Run: 007, P, 0, 0, 0, 0, 50, 50, 0, 0, 1, 150, 0
9, Run: 008, P, 0, 0, 0, 0, 50, 50, 0, 0, 1, 150, 0
9, Run: 009, P, 0, 0, 0, 0, 50, 50, 0, 0, 1, 150, 0
9, Run: 010, P, 0, 0, 0, 0, 50, 50, 0, 0, 1, 150, 0
9, Run: 011, P, 0, 0, 0, 0, 50, 50, 0, 0, 1, 150, 0
9, Run: 012, P, 0, 0, 0, 0, 50, 50, 0, 0, 1, 150, 0
9, Run: 013, P, 0, 0, 0, 0, 50, 50, 0, 0, 1, 150, 0
9, Run: 014, P, 0, 0, 0, 0, 50, 50, 0, 0, 1, 150, 0
9, Run: 015, P, 0, 0, 0, 0, 50, 50, 0, 0, 1, 150, 0
9, Run: 016, P, 0, 0, 0, 0, 50, 50, 0, 0, 1, 150, 0
9, Run: 017, P, 0, 0, 0, 0, 50, 50, 0, 0, 1, 150, 0
9, Run: 018, P, 0, 0, 0, 0, 50, 50, 0, 0, 1, 150, 0
9, Run: 019, P, 0, 0, 0, 0, 50, 50, 0, 0, 1, 150, 0
9, Run: 020, P, 0, 0, 0, 0, 50, 50, 0, 0, 1, 150, 0
9, Run: 021, P, 0, 0, 0, 0, 50, 50, 0, 0, 1, 150, 0
9, Run: 022, P, 0, 0, 0, 0, 50, 50, 0, 0, 1, 150, 0
9, Run: 023, P, 0, 0, 0, 0, 50, 50, 0, 0, 1, 150, 0
9, Run: 024, P, 0, 0, 0, 0, 50, 50, 0, 0, 1, 150, 0
9, Run: 025, P, 0, 0, 0, 0, 50, 50, 0, 0, 1, 150, 0
9, Run: 026, P, 0, 0, 0, 0, 50, 50, 0, 0, 1, 150, 0
9, Run: 027, P, 0, 0, 0, 0, 50, 50, 0, 0, 1, 150, 0
9, Run: 028, P, 0, 0, 0, 0, 50, 50, 0, 0, 1, 150, 0
9, Run: 029, P, 0, 0, 0, 0, 50, 50, 0, 0, 1, 150, 0
9, Run: 030, P, 0, 0, 0, 0, 50, 50, 0, 0, 1, 150, 0
9, Run: 031, P, 0, 0, 0, 0, 50, 50, 0, 0, 1, 150, 0
9, Run: 032, P, 0, 0, 0, 0, 50, 50, 0, 0, 1, 150, 0
9, Run: 033, P, 0, 0, 0, 0, 50, 50, 0, 0, 1, 150, 0
9, Run: 034, P, 0, 0, 0, 0, 50, 50, 0, 0, 1, 150, 0
9, Run: 035, P, 0, 0, 0, 0, 50, 50, 0, 0, 1, 150, 0
9, Run: 036, P, 0, 0, 0, 0, 50, 50, 0, 0, 1, 150, 0
9, Run: 037, P, 0, 0, 0, 0, 50, 50, 0, 0, 1, 150, 0
9, Run: 038, P, 0, 0, 0, 0, 50, 50, 0, 0, 1, 150, 0
9, Run: 039, P, 0, 0, 0, 0, 50, 50, 0, 0, 1, 150, 0
9, Run: 040, P, 0, 0, 0, 0, 50, 50, 0, 0, 1, 150, 0
9, Run: 041, P, 0, 0, 0, 0, 50, 50, 0, 0, 1, 150, 0
9, Run: 042, P, 0, 0, 0, 0, 50, 50, 0, 0, 1, 150, 0
9, Run: 043, P, 0, 0, 0, 0, 50, 50, 0, 0, 1, 150, 0
9, Run: 044, P, 0, 0, 0, 0, 50, 50, 0, 0, 1, 150, 0
9, Run: 045, P, 0, 0, 0, 0, 50, 50, 0, 0, 1, 150, 0
9, Run: 046, P, 0, 0, 0, 0, 50, 50, 0, 0, 1, 150, 0
9, Run: 047, P, 0, 0, 0, 0, 50, 50, 0, 0, 1, 150, 0
9, Run: 048, P, 0, 0, 0, 0, 50, 50, 0, 0, 1, 150, 0
9, Run: 049, P, 0, 0, 0, 0, 50, 50, 0, 0, 1, 150, 0
9, Run: 050, P, 0, 0, 0, 0, 50, 50, 0, 0, 1, 150, 0
9, Run: 051, P, 0, 0, 0, 0, 50, 50, 0, 0, 1, 150, 0
9, Run: 052, P, 0, 0, 0, 0, 50, 50, 0, 0, 1, 150, 0
9, Run: 053, P, 0, 0, 0, 0, 50, 50, 0, 0, 1, 150, 0
9, Run: 054, P, 0, 0, 0, 0, 50, 50, 0, 0, 1, 150, 0
9, Run: 055, P, 0, 0, 0, 0, 50, 50, 0, 0, 1, 150, 0
9, Run: 056, P, 0, 0, 0, 0, 50, 50, 0, 0, 1, 150, 0
9, Run: 057, P, 0, 0, 0, 0, 50, 50, 0, 0, 1, 150, 0
9, Run: 058, P, 0, 0, 0, 0, 50, 50, 0, 0, 1, 150, 0
9, Run: 059, P, 0, 0, 0, 0, 50, 50, 0, 0, 1, 150, 0
9, Run: 060, P, 0, 0, 0, 0, 50, 50, 0, 0, 1, 150, 0
9, Run: 061, P, 0, 0, 0, 0, 50, 50, 0, 0, 1, 150, 0
9, Run: 062, P, 0, 0, 0, 0, 50, 50, 0, 0, 1, 150, 0
9, Run: 063, P, 0, 0, 0, 0, 50, 50, 0, 0, 1, 150, 0
9, Run: 064, P, 0, 0, 0, 0, 50, 50, 0, 0, 1, 150, 0
9, Run: 065, P, 0, 0, 0, 0, 50, 50, 0, 0, 1, 150, 0
9, Run: 066, P, 0, 0, 0, 0, 50, 50, 0, 0, 1, 150, 0
9, Run: 067, P, 0, 0, 0, 0, 50, 50, 0, 0, 1, 150, 0
9, Run: 068, P, 0, 0, 0, 0, 50, 50, 0, 0, 1, 150, 0
9, Run: 069, P, 0, 0, 0, 0, 50, 50, 0, 0, 1, 150, 0
9, Run: 070, P, 0, 0, 0, 0, 50, 50, 0, 0, 1, 150, 0
9, Run: 071, P, 0, 0, 0, 0, 50, 50, 0, 0, 1, 150, 0
9, Run: 072, P, 0, 0, 0, 0, 50, 50, 0, 0, 1, 150, 0
9, Run: 073, P, 0, 0, 0, 0, 50, 50, 0, 0, 1, 150, 0
9, Run: 074, P, 0, 0, 0, 0, 50, 50, 0, 0, 1, 150, 0
9, Run: 075, P, 0, 0, 0, 0, 50, 50, 0, 0, 1, 150, 0
9, Run: 076, P, 0, 0, 0, 0, 50, 50, 0, 0, 1, 150, 0
9, Run: 077, P, 0, 0, 0, 0, 50, 50, 0, 0, 1, 150, 0
9, Run: 078, P, 0, 0, 0, 0, 50, 50, 0, 0, 1, 150, 0
9, Run: 079, P, 0, 0, 0, 0, 50, 50, 0, 0, 1, 150, 0
9, Run: 080, P, 0, 0, 0, 0, 50, 50, 0, 0, 1, 150, 0
9, Run: 081, P, 0, 0, 0, 0, 50, 50, 0, 0, 1, 150, 0
9, Run: 082, P, 0, 0, 0, 0, 50, 50, 0, 0, 1, 150, 0
9, Run: 083, P, 0, 0, 0, 0, 50, 50, 0, 0, 1, 150, 0
9, Run: 084, P, 0, 0, 0, 0, 50, 50, 0, 0, 1, 150, 0
9, Run: 085, P, 0, 0, 0, 0, 50, 50, 0, 0, 1, 150, 0
9, Run: 086, P, 0, 0, 0, 0, 50, 50, 0, 0, 1, 150, 0
9, Run: 087, P, 0, 0, 0, 0, 50, 50, 0, 0, 1, 150, 0
9, Run: 088, P, 0, 0, 0, 0, 50, 50, 0, 0, 1, 150, 0
9, Run: 089, P, 0, 0, 0, 0, 50, 50, 0, 0, 1, 150, 0
9, Run: 090, P, 0, 0, 0, 0, 50, 50, 0, 0, 1, 150, 0
9, Run: 091, P, 0, 0, 0, 0, 50, 50, 0, 0, 1, 150, 0
9, Run: 092, P, 0, 0, 0, 0, 50, 50, 0, 0, 1, 150, 0
9, Run: 093, P, 0, 0, 0, 0, 50, 50, 0, 0, 1, 150, 0
9, Run: 094, P, 0, 0, 0, 0, 50, 50, 0, 0, 1, 150, 0
9, Run: 095, P, 0, 0, 0, 0, 50, 50, 0, 0, 1, 150, 0
9, Run: 096, P, 0, 0, 0, 0, 50, 50, 0, 0, 1, 150, 0
9, Run: 097, P, 0, 0, 0, 0, 50, 50, 0, 0, 1, 150, 0
9, Run: 098, P, 0, 0, 0, 0, 50, 50, 0, 0, 1, 150, 0
9, Run: 099, P, 0, 0, 0, 0, 50, 50, 0, 0, 1, 150, 0
9, Run: 100, P, 0, 0, 0, 0, 50, 50, 0, 0, 1, 150, 0
