Input Number, Run_Number, Result@ 100, X1, A, B, C, PO, D, CO, Y, PE, CE, E, F
INVAR-1, Run: 001, P, 0, 0, 0, 0, 0, 14, 40, 0, 1, 5, 29, 0
INVAR-1, Run: 002, P, 0, 0, 0, 0, 0, 52, 2, 0, 1, 4, 10, 0
INVAR-1, Run: 003, P, 0, 0, 0, 0, 0, 14, 40, 0, 1, 10, 29, 0
INVAR-1, Run: 004, P, 0, 0, 0, 0, 0, 18, 36, 0, 1, 9, 27, 0
INVAR-1, Run: 005, P, 0, 0, 0, 0, 0, 48, 6, 0, 1, 8, 12, 0
INVAR-1, Run: 006, P, 0, 0, 0, 0, 0, 38, 16, 0, 1, 9, 17, 0
INVAR-1, Run: 007, P, 0, 0, 0, 0, 0, 46, 8, 0, 1, 14, 13, 0
INVAR-1, Run: 008, P, 0, 0, 0, 0, 0, 26, 28, 0, 1, 7, 23, 0
INVAR-1, Run: 009, P, 0, 0, 0, 0, 0, 46, 8, 0, 1, 7, 13, 0
INVAR-1, Run: 010, P, 0, 0, 0, 0, 0, 16, 38, 0, 1, 4, 28, 0
INVAR-1, Run: 011, P, 0, 0, 0, 0, 0, 14, 40, 0, 1, 6, 29, 0
INVAR-1, Run: 012, P, 0, 0, 0, 0, 0, 30, 24, 0, 1, 13, 21, 0
INVAR-1, Run: 013, P, 0, 0, 0, 0, 0, 12, 42, 0, 1, 5, 30, 0
INVAR-1, Run: 014, P, 0, 0, 0, 0, 0, 28, 26, 0, 1, 4, 22, 0
INVAR-1, Run: 015, P, 0, 0, 0, 0, 0, 30, 24, 0, 1, 1, 21, 0
INVAR-1, Run: 016, P, 0, 0, 0, 0, 0, 34, 20, 0, 1, 5, 19, 0
INVAR-1, Run: 017, P, 0, 0, 0, 0, 0, 28, 26, 0, 1, 11, 22, 0
INVAR-1, Run: 018, P, 0, 0, 0, 0, 0, 18, 36, 0, 1, 11, 27, 0
INVAR-1, Run: 019, P, 0, 0, 0, 0, 0, 32, 22, 0, 1, 9, 20, 0
INVAR-1, Run: 020, F, 0, 0, 0, 0, 0, 4, 50, 0, 1, 9, 34, 0
INVAR-1, Run: 021, P, 0, 0, 0, 0, 0, 46, 8, 0, 1, 3, 13, 0
INVAR-1, Run: 022, P, 0, 0, 0, 0, 0, 40, 14, 0, 1, 3, 16, 0
INVAR-1, Run: 023, P, 0, 0, 0, 0, 0, 44, 10, 0, 1, 7, 14, 0
INVAR-1, Run: 024, P, 0, 0, 0, 0, 0, 48, 6, 0, 1, 13, 12, 0
INVAR-1, Run: 025, P, 0, 0, 0, 0, 0, 48, 6, 0, 1, 10, 12, 0
INVAR-1, Run: 026, P, 0, 0, 0, 0, 0, 30, 24, 0, 1, 4, 21, 0
INVAR-1, Run: 027, P, 0, 0, 0, 0, 0, 50, 4, 0, 1, 15, 11, 0
INVAR-1, Run: 028, P, 0, 0, 0, 0, 0, 42, 12, 0, 1, 14, 15, 0
INVAR-1, Run: 029, P, 0, 0, 0, 0, 0, 52, 2, 0, 1, 6, 10, 0
INVAR-1, Run: 030, P, 0, 0, 0, 0, 0, 44, 10, 0, 1, 8, 14, 0
INVAR-1, Run: 031, P, 0, 0, 0, 0, 0, 28, 26, 0, 1, 5, 22, 0
INVAR-1, Run: 032, P, 0, 0, 0, 0, 0, 16, 38, 0, 1, 5, 28, 0
INVAR-1, Run: 033, F, 0, 0, 0, 0, 0, 6, 48, 0, 1, 7, 33, 0
INVAR-1, Run: 034, P, 0, 0, 0, 0, 0, 48, 6, 0, 1, 9, 12, 0
INVAR-1, Run: 035, P, 0, 0, 0, 0, 0, 38, 16, 0, 1, 11, 17, 0
INVAR-1, Run: 036, P, 0, 0, 0, 0, 0, 34, 20, 0, 1, 5, 19, 0
INVAR-1, Run: 037, P, 0, 0, 0, 0, 0, 32, 22, 0, 1, 9, 20, 0
INVAR-1, Run: 038, P, 0, 0, 0, 0, 0, 34, 20, 0, 1, 9, 19, 0
INVAR-1, Run: 039, P, 0, 0, 0, 0, 0, 30, 24, 0, 1, 10, 21, 0
INVAR-1, Run: 040, P, 0, 0, 0, 0, 0, 42, 12, 0, 1, 5, 15, 0
INVAR-1, Run: 041, P, 0, 0, 0, 0, 0, 26, 28, 0, 1, 7, 23, 0
INVAR-1, Run: 042, F, 0, 0, 0, 0, 0, 4, 50, 0, 1, 12, 34, 0
INVAR-1, Run: 043, P, 0, 0, 0, 0, 0, 14, 40, 0, 1, 5, 29, 0
INVAR-1, Run: 044, P, 0, 0, 0, 0, 0, 34, 20, 0, 1, 6, 19, 0
INVAR-1, Run: 045, P, 0, 0, 0, 0, 0, 44, 10, 0, 1, 9, 14, 0
INVAR-1, Run: 046, P, 0, 0, 0, 0, 0, 44, 10, 0, 1, 4, 14, 0
INVAR-1, Run: 047, P, 0, 0, 0, 0, 0, 32, 22, 0, 1, 8, 20, 0
INVAR-1, Run: 048, P, 0, 0, 0, 0, 0, 48, 6, 0, 1, 8, 12, 0
INVAR-1, Run: 049, P, 0, 0, 0, 0, 0, 44, 10, 0, 1, 7, 14, 0
INVAR-1, Run: 050, P, 0, 0, 0, 0, 0, 32, 22, 0, 1, 8, 20, 0
INVAR-1, Run: 051, P, 0, 0, 0, 0, 0, 42, 12, 0, 1, 13, 15, 0
INVAR-1, Run: 052, P, 0, 0, 0, 0, 0, 36, 18, 0, 1, 10, 18, 0
INVAR-1, Run: 053, P, 0, 0, 0, 0, 0, 34, 20, 0, 1, 6, 19, 0
INVAR-1, Run: 054, P, 0, 0, 0, 0, 0, 46, 8, 0, 1, 12, 13, 0
INVAR-1, Run: 055, P, 0, 0, 0, 0, 0, 44, 10, 0, 1, 11, 14, 0
INVAR-1, Run: 056, P, 0, 0, 0, 0, 0, 52, 2, 0, 1, 13, 10, 0
INVAR-1, Run: 057, P, 0, 0, 0, 0, 0, 42, 12, 0, 1, 2, 15, 0
INVAR-1, Run: 058, P, 0, 0, 0, 0, 0, 50, 4, 0, 1, 6, 11, 0
INVAR-1, Run: 059, P, 0, 0, 0, 0, 0, 30, 24, 0, 1, 10, 21, 0
INVAR-1, Run: 060, P, 0, 0, 0, 0, 0, 32, 22, 0, 1, 6, 20, 0
INVAR-1, Run: 061, P, 0, 0, 0, 0, 0, 42, 12, 0, 1, 5, 15, 0
INVAR-1, Run: 062, P, 0, 0, 0, 0, 0, 44, 10, 0, 1, 13, 14, 0
INVAR-1, Run: 063, P, 0, 0, 0, 0, 0, 42, 12, 0, 1, 14, 15, 0
INVAR-1, Run: 064, P, 0, 0, 0, 0, 0, 52, 2, 0, 1, 16, 10, 0
INVAR-1, Run: 065, P, 0, 0, 0, 0, 0, 34, 20, 0, 1, 7, 19, 0
INVAR-1, Run: 066, P, 0, 0, 0, 0, 0, 34, 20, 0, 1, 5, 19, 0
INVAR-1, Run: 067, P, 0, 0, 0, 0, 0, 54, 0, 2, 1, 15, 8, 0
INVAR-1, Run: 068, P, 0, 0, 0, 0, 0, 24, 30, 0, 1, 2, 24, 0
INVAR-1, Run: 069, P, 0, 0, 0, 0, 0, 40, 14, 0, 1, 6, 16, 0
INVAR-1, Run: 070, P, 0, 0, 0, 0, 0, 52, 2, 0, 1, 14, 10, 0
INVAR-1, Run: 071, P, 0, 0, 0, 0, 0, 42, 12, 0, 1, 1, 15, 0
INVAR-1, Run: 072, P, 0, 0, 0, 0, 0, 30, 24, 0, 1, 10, 21, 0
INVAR-1, Run: 073, P, 0, 0, 0, 0, 0, 8, 46, 0, 1, 7, 32, 0
INVAR-1, Run: 074, P, 0, 0, 0, 0, 0, 28, 26, 0, 1, 6, 22, 0
INVAR-1, Run: 075, P, 0, 0, 0, 0, 0, 50, 4, 0, 1, 8, 11, 0
INVAR-1, Run: 076, P, 0, 0, 0, 0, 0, 48, 6, 0, 1, 7, 12, 0
INVAR-1, Run: 077, P, 0, 0, 0, 0, 0, 50, 4, 0, 1, 10, 11, 0
INVAR-1, Run: 078, P, 0, 0, 0, 0, 0, 44, 10, 0, 1, 4, 14, 0
INVAR-1, Run: 079, P, 0, 0, 0, 0, 0, 24, 30, 0, 1, 3, 24, 0
INVAR-1, Run: 080, P, 0, 0, 0, 0, 0, 36, 18, 0, 1, 8, 18, 0
INVAR-1, Run: 081, F, 0, 0, 0, 0, 0, 12, 42, 0, 1, 15, 30, 0
INVAR-1, Run: 082, P, 0, 0, 0, 0, 0, 26, 28, 0, 1, 3, 23, 0
INVAR-1, Run: 083, P, 0, 0, 0, 0, 0, 46, 8, 0, 1, 10, 13, 0
INVAR-1, Run: 084, P, 0, 0, 0, 0, 0, 32, 22, 0, 1, 7, 20, 0
INVAR-1, Run: 085, P, 0, 0, 0, 0, 0, 34, 20, 0, 1, 13, 19, 0
INVAR-1, Run: 086, P, 0, 0, 0, 0, 0, 48, 6, 0, 1, 12, 12, 0
INVAR-1, Run: 087, P, 0, 0, 0, 0, 0, 40, 14, 0, 1, 10, 16, 0
INVAR-1, Run: 088, P, 0, 0, 0, 0, 0, 24, 30, 0, 1, 6, 24, 0
INVAR-1, Run: 089, P, 0, 0, 0, 0, 0, 18, 36, 0, 1, 5, 27, 0
INVAR-1, Run: 090, P, 0, 0, 0, 0, 0, 30, 24, 0, 1, 12, 21, 0
INVAR-1, Run: 091, F, 0, 0, 0, 0, 0, 0, 54, 0, 1, 6, 36, 0
INVAR-1, Run: 092, P, 0, 0, 0, 0, 0, 12, 42, 0, 1, 10, 30, 0
INVAR-1, Run: 093, P, 0, 0, 0, 0, 0, 10, 44, 0, 1, 5, 31, 0
INVAR-1, Run: 094, P, 0, 0, 0, 0, 0, 42, 12, 0, 1, 8, 15, 0
INVAR-1, Run: 095, P, 0, 0, 0, 0, 0, 34, 20, 0, 1, 9, 19, 0
INVAR-1, Run: 096, P, 0, 0, 0, 0, 0, 40, 14, 0, 1, 8, 16, 0
INVAR-1, Run: 097, P, 0, 0, 0, 0, 0, 46, 8, 0, 1, 11, 13, 0
INVAR-1, Run: 098, P, 0, 0, 0, 0, 0, 50, 4, 0, 1, 10, 11, 0
INVAR-1, Run: 099, P, 0, 0, 0, 0, 0, 28, 26, 0, 1, 11, 22, 0
INVAR-1, Run: 100, P, 0, 0, 0, 0, 0, 44, 10, 0, 1, 12, 14, 0
INVAR-10, Run: 001, P, 0, 0, 0, 0, 0, 286, 314, 0, 1, 81, 257, 0
INVAR-10, Run: 002, P, 0, 0, 0, 0, 0, 342, 258, 0, 1, 83, 229, 0
INVAR-10, Run: 003, P, 0, 0, 0, 0, 0, 242, 358, 0, 1, 85, 279, 0
INVAR-10, Run: 004, F, 0, 0, 0, 0, 0, 64, 536, 0, 1, 96, 368, 0
INVAR-10, Run: 005, P, 0, 0, 0, 0, 0, 528, 72, 0, 1, 74, 136, 0
INVAR-10, Run: 006, P, 0, 0, 0, 0, 0, 358, 242, 0, 1, 77, 221, 0
INVAR-10, Run: 007, P, 0, 0, 0, 0, 0, 132, 468, 0, 1, 82, 334, 0
INVAR-10, Run: 008, P, 0, 0, 0, 0, 0, 494, 106, 0, 1, 82, 153, 0
INVAR-10, Run: 009, P, 0, 0, 0, 0, 0, 490, 110, 0, 1, 60, 155, 0
INVAR-10, Run: 010, F, 0, 0, 0, 0, 0, 6, 594, 0, 1, 54, 397, 0
INVAR-10, Run: 011, F, 0, 0, 0, 0, 0, 24, 576, 0, 1, 77, 388, 0
INVAR-10, Run: 012, P, 0, 0, 0, 0, 0, 534, 66, 0, 1, 84, 133, 0
INVAR-10, Run: 013, P, 0, 0, 0, 0, 0, 126, 474, 0, 1, 76, 337, 0
INVAR-10, Run: 014, P, 0, 0, 0, 0, 0, 510, 90, 0, 1, 66, 145, 0
INVAR-10, Run: 015, P, 0, 0, 0, 0, 0, 462, 138, 0, 1, 75, 169, 0
INVAR-10, Run: 016, P, 0, 0, 0, 0, 0, 352, 248, 0, 1, 78, 224, 0
INVAR-10, Run: 017, P, 0, 0, 0, 0, 0, 372, 228, 0, 1, 75, 214, 0
INVAR-10, Run: 018, P, 0, 0, 0, 0, 0, 426, 174, 0, 1, 65, 187, 0
INVAR-10, Run: 019, F, 0, 0, 0, 0, 0, 82, 518, 0, 1, 88, 359, 0
INVAR-10, Run: 020, P, 0, 0, 0, 0, 0, 364, 236, 0, 1, 64, 218, 0
INVAR-10, Run: 021, P, 0, 0, 0, 0, 0, 120, 480, 0, 1, 76, 340, 0
INVAR-10, Run: 022, P, 0, 0, 0, 0, 0, 84, 516, 0, 1, 70, 358, 0
INVAR-10, Run: 023, P, 0, 0, 0, 0, 0, 468, 132, 0, 1, 104, 166, 0
INVAR-10, Run: 024, P, 0, 0, 0, 0, 0, 368, 232, 0, 1, 62, 216, 0
INVAR-10, Run: 025, P, 0, 0, 0, 0, 0, 448, 152, 0, 1, 67, 176, 0
INVAR-10, Run: 026, P, 0, 0, 0, 0, 0, 474, 126, 0, 1, 71, 163, 0
INVAR-10, Run: 027, P, 0, 0, 0, 0, 0, 320, 280, 0, 1, 63, 240, 0
INVAR-10, Run: 028, P, 0, 0, 0, 0, 0, 194, 406, 0, 1, 71, 303, 0
INVAR-10, Run: 029, P, 0, 0, 0, 0, 0, 112, 488, 0, 1, 70, 344, 0
INVAR-10, Run: 030, F, 0, 0, 0, 0, 0, 64, 536, 0, 1, 74, 368, 0
INVAR-10, Run: 031, P, 0, 0, 0, 0, 0, 520, 80, 0, 1, 69, 140, 0
INVAR-10, Run: 032, P, 0, 0, 0, 0, 0, 476, 124, 0, 1, 58, 162, 0
INVAR-10, Run: 033, P, 0, 0, 0, 0, 0, 334, 266, 0, 1, 65, 233, 0
INVAR-10, Run: 034, P, 0, 0, 0, 0, 0, 416, 184, 0, 1, 81, 192, 0
INVAR-10, Run: 035, P, 0, 0, 0, 0, 0, 466, 134, 0, 1, 72, 167, 0
INVAR-10, Run: 036, P, 0, 0, 0, 0, 0, 104, 496, 0, 1, 79, 348, 0
INVAR-10, Run: 037, P, 0, 0, 0, 0, 0, 192, 408, 0, 1, 75, 304, 0
INVAR-10, Run: 038, P, 0, 0, 0, 0, 0, 164, 436, 0, 1, 84, 318, 0
INVAR-10, Run: 039, P, 0, 0, 0, 0, 0, 276, 324, 0, 1, 90, 262, 0
INVAR-10, Run: 040, P, 0, 0, 0, 0, 0, 272, 328, 0, 1, 63, 264, 0
INVAR-10, Run: 041, P, 0, 0, 0, 0, 0, 418, 182, 0, 1, 84, 191, 0
INVAR-10, Run: 042, P, 0, 0, 0, 0, 0, 84, 516, 0, 1, 70, 358, 0
INVAR-10, Run: 043, P, 0, 0, 0, 0, 0, 440, 160, 0, 1, 94, 180, 0
INVAR-10, Run: 044, P, 0, 0, 0, 0, 0, 336, 264, 0, 1, 65, 232, 0
INVAR-10, Run: 045, P, 0, 0, 0, 0, 0, 352, 248, 0, 1, 89, 224, 0
INVAR-10, Run: 046, P, 0, 0, 0, 0, 0, 352, 248, 0, 1, 78, 224, 0
INVAR-10, Run: 047, P, 0, 0, 0, 0, 0, 508, 92, 0, 1, 84, 146, 0
INVAR-10, Run: 048, P, 0, 0, 0, 0, 0, 414, 186, 0, 1, 82, 193, 0
INVAR-10, Run: 049, P, 0, 0, 0, 0, 0, 434, 166, 0, 1, 85, 183, 0
INVAR-10, Run: 050, P, 0, 0, 0, 0, 0, 198, 402, 0, 1, 81, 301, 0
INVAR-10, Run: 051, P, 0, 0, 0, 0, 0, 282, 318, 0, 1, 95, 259, 0
INVAR-10, Run: 052, P, 0, 0, 0, 0, 0, 330, 270, 0, 1, 75, 235, 0
INVAR-10, Run: 053, P, 0, 0, 0, 0, 0, 394, 206, 0, 1, 80, 203, 0
INVAR-10, Run: 054, P, 0, 0, 0, 0, 0, 382, 218, 0, 1, 62, 209, 0
INVAR-10, Run: 055, P, 0, 0, 0, 0, 0, 212, 388, 0, 1, 78, 294, 0
INVAR-10, Run: 056, P, 0, 0, 0, 0, 0, 194, 406, 0, 1, 99, 303, 0
INVAR-10, Run: 057, P, 0, 0, 0, 0, 0, 248, 352, 0, 1, 71, 276, 0
INVAR-10, Run: 058, P, 0, 0, 0, 0, 0, 404, 196, 0, 1, 73, 198, 0
INVAR-10, Run: 059, P, 0, 0, 0, 0, 0, 456, 144, 0, 1, 80, 172, 0
INVAR-10, Run: 060, P, 0, 0, 0, 0, 0, 432, 168, 0, 1, 56, 184, 0
INVAR-10, Run: 061, P, 0, 0, 0, 0, 0, 246, 354, 0, 1, 54, 277, 0
INVAR-10, Run: 062, P, 0, 0, 0, 0, 0, 310, 290, 0, 1, 53, 245, 0
INVAR-10, Run: 063, P, 0, 0, 0, 0, 0, 206, 394, 0, 1, 75, 297, 0
INVAR-10, Run: 064, P, 0, 0, 0, 0, 0, 392, 208, 0, 1, 82, 204, 0
INVAR-10, Run: 065, P, 0, 0, 0, 0, 0, 512, 88, 0, 1, 84, 144, 0
INVAR-10, Run: 066, P, 0, 0, 0, 0, 0, 272, 328, 0, 1, 74, 264, 0
INVAR-10, Run: 067, P, 0, 0, 0, 0, 0, 78, 522, 0, 1, 71, 361, 0
INVAR-10, Run: 068, P, 0, 0, 0, 0, 0, 320, 280, 0, 1, 78, 240, 0
INVAR-10, Run: 069, P, 0, 0, 0, 0, 0, 102, 498, 0, 1, 57, 349, 0
INVAR-10, Run: 070, P, 0, 0, 0, 0, 0, 282, 318, 0, 1, 77, 259, 0
INVAR-10, Run: 071, P, 0, 0, 0, 0, 0, 276, 324, 0, 1, 82, 262, 0
INVAR-10, Run: 072, P, 0, 0, 0, 0, 0, 308, 292, 0, 1, 92, 246, 0
INVAR-10, Run: 073, F, 0, 0, 0, 0, 0, 44, 556, 0, 1, 85, 378, 0
INVAR-10, Run: 074, P, 0, 0, 0, 0, 0, 172, 428, 0, 1, 76, 314, 0
INVAR-10, Run: 075, P, 0, 0, 0, 0, 0, 218, 382, 0, 1, 80, 291, 0
INVAR-10, Run: 076, P, 0, 0, 0, 0, 0, 478, 122, 0, 1, 75, 161, 0
INVAR-10, Run: 077, P, 0, 0, 0, 0, 0, 530, 70, 0, 1, 76, 135, 0
INVAR-10, Run: 078, P, 0, 0, 0, 0, 0, 294, 306, 0, 1, 79, 253, 0
INVAR-10, Run: 079, P, 0, 0, 0, 0, 0, 492, 108, 0, 1, 55, 154, 0
INVAR-10, Run: 080, P, 0, 0, 0, 0, 0, 492, 108, 0, 1, 88, 154, 0
INVAR-10, Run: 081, P, 0, 0, 0, 0, 0, 146, 454, 0, 1, 75, 327, 0
INVAR-10, Run: 082, P, 0, 0, 0, 0, 0, 262, 338, 0, 1, 88, 269, 0
INVAR-10, Run: 083, P, 0, 0, 0, 0, 0, 538, 62, 0, 1, 91, 131, 0
INVAR-10, Run: 084, P, 0, 0, 0, 0, 0, 360, 240, 0, 1, 83, 220, 0
INVAR-10, Run: 085, P, 0, 0, 0, 0, 0, 242, 358, 0, 1, 73, 279, 0
INVAR-10, Run: 086, P, 0, 0, 0, 0, 0, 260, 340, 0, 1, 89, 270, 0
INVAR-10, Run: 087, F, 0, 0, 0, 0, 0, 16, 584, 0, 1, 93, 392, 0
INVAR-10, Run: 088, P, 0, 0, 0, 0, 0, 170, 430, 0, 1, 69, 315, 0
INVAR-10, Run: 089, P, 0, 0, 0, 0, 0, 382, 218, 0, 1, 82, 209, 0
INVAR-10, Run: 090, P, 0, 0, 0, 0, 0, 520, 80, 0, 1, 88, 140, 0
INVAR-10, Run: 091, P, 0, 0, 0, 0, 0, 192, 408, 0, 1, 73, 304, 0
INVAR-10, Run: 092, P, 0, 0, 0, 0, 0, 332, 268, 0, 1, 86, 234, 0
INVAR-10, Run: 093, P, 0, 0, 0, 0, 0, 356, 244, 0, 1, 54, 222, 0
INVAR-10, Run: 094, P, 0, 0, 0, 0, 0, 526, 74, 0, 1, 72, 137, 0
INVAR-10, Run: 095, P, 0, 0, 0, 0, 0, 408, 192, 0, 1, 75, 196, 0
INVAR-10, Run: 096, P, 0, 0, 0, 0, 0, 236, 364, 0, 1, 86, 282, 0
INVAR-10, Run: 097, P, 0, 0, 0, 0, 0, 108, 492, 0, 1, 79, 346, 0
INVAR-10, Run: 098, P, 0, 0, 0, 0, 0, 158, 442, 0, 1, 65, 321, 0
INVAR-10, Run: 099, F, 0, 0, 0, 0, 0, 30, 570, 0, 1, 79, 385, 0
INVAR-10, Run: 100, P, 0, 0, 0, 0, 0, 326, 274, 0, 1, 78, 237, 0
INVAR-2, Run: 001, P, 0, 0, 0, 0, 0, 64, 104, 0, 1, 23, 80, 0
INVAR-2, Run: 002, P, 0, 0, 0, 0, 0, 84, 84, 0, 1, 24, 70, 0
INVAR-2, Run: 003, P, 0, 0, 0, 0, 0, 68, 100, 0, 1, 23, 78, 0
INVAR-2, Run: 004, P, 0, 0, 0, 0, 0, 148, 20, 0, 1, 24, 38, 0
INVAR-2, Run: 005, P, 0, 0, 0, 0, 0, 54, 114, 0, 1, 23, 85, 0
INVAR-2, Run: 006, P, 0, 0, 0, 0, 0, 40, 128, 0, 1, 23, 92, 0
INVAR-2, Run: 007, P, 0, 0, 0, 0, 0, 114, 54, 0, 1, 27, 55, 0
INVAR-2, Run: 008, P, 0, 0, 0, 0, 0, 146, 22, 0, 1, 27, 39, 0
INVAR-2, Run: 009, P, 0, 0, 0, 0, 0, 64, 104, 0, 1, 16, 80, 0
INVAR-2, Run: 010, P, 0, 0, 0, 0, 0, 44, 124, 0, 1, 15, 90, 0
INVAR-2, Run: 011, P, 0, 0, 0, 0, 0, 94, 74, 0, 1, 16, 65, 0
INVAR-2, Run: 012, P, 0, 0, 0, 0, 0, 156, 12, 0, 1, 29, 34, 0
INVAR-2, Run: 013, P, 0, 0, 0, 0, 0, 66, 102, 0, 1, 27, 79, 0
INVAR-2, Run: 014, P, 0, 0, 0, 0, 0, 80, 88, 0, 1, 30, 72, 0
INVAR-2, Run: 015, P, 0, 0, 0, 0, 0, 98, 70, 0, 1, 11, 63, 0
INVAR-2, Run: 016, P, 0, 0, 0, 0, 0, 80, 88, 0, 1, 21, 72, 0
INVAR-2, Run: 017, P, 0, 0, 0, 0, 0, 152, 16, 0, 1, 26, 36, 0
INVAR-2, Run: 018, P, 0, 0, 0, 0, 0, 146, 22, 0, 1, 22, 39, 0
INVAR-2, Run: 019, P, 0, 0, 0, 0, 0, 88, 80, 0, 1, 25, 68, 0
INVAR-2, Run: 020, P, 0, 0, 0, 0, 0, 110, 58, 0, 1, 15, 57, 0
INVAR-2, Run: 021, P, 0, 0, 0, 0, 0, 124, 44, 0, 1, 23, 50, 0
INVAR-2, Run: 022, P, 0, 0, 0, 0, 0, 134, 34, 0, 1, 20, 45, 0
INVAR-2, Run: 023, P, 0, 0, 0, 0, 0, 100, 68, 0, 1, 27, 62, 0
INVAR-2, Run: 024, P, 0, 0, 0, 0, 0, 52, 116, 0, 1, 26, 86, 0
INVAR-2, Run: 025, P, 0, 0, 0, 0, 0, 140, 28, 0, 1, 22, 42, 0
INVAR-2, Run: 026, P, 0, 0, 0, 0, 0, 36, 132, 0, 1, 14, 94, 0
INVAR-2, Run: 027, P, 0, 0, 0, 0, 0, 44, 124, 0, 1, 21, 90, 0
INVAR-2, Run: 028, F, 0, 0, 0, 0, 0, 4, 164, 0, 1, 22, 110, 0
INVAR-2, Run: 029, P, 0, 0, 0, 0, 0, 138, 30, 0, 1, 24, 43, 0
INVAR-2, Run: 030, P, 0, 0, 0, 0, 0, 80, 88, 0, 1, 21, 72, 0
INVAR-2, Run: 031, P, 0, 0, 0, 0, 0, 24, 144, 0, 1, 21, 100, 0
INVAR-2, Run: 032, P, 0, 0, 0, 0, 0, 84, 84, 0, 1, 24, 70, 0
INVAR-2, Run: 033, P, 0, 0, 0, 0, 0, 122, 46, 0, 1, 22, 51, 0
INVAR-2, Run: 034, P, 0, 0, 0, 0, 0, 150, 18, 0, 1, 30, 37, 0
INVAR-2, Run: 035, P, 0, 0, 0, 0, 0, 52, 116, 0, 1, 16, 86, 0
INVAR-2, Run: 036, P, 0, 0, 0, 0, 0, 94, 74, 0, 1, 21, 65, 0
INVAR-2, Run: 037, P, 0, 0, 0, 0, 0, 78, 90, 0, 1, 28, 73, 0
INVAR-2, Run: 038, P, 0, 0, 0, 0, 0, 142, 26, 0, 1, 32, 41, 0
INVAR-2, Run: 039, P, 0, 0, 0, 0, 0, 100, 68, 0, 1, 19, 62, 0
INVAR-2, Run: 040, P, 0, 0, 0, 0, 0, 70, 98, 0, 1, 20, 77, 0
INVAR-2, Run: 041, P, 0, 0, 0, 0, 0, 90, 78, 0, 1, 20, 67, 0
INVAR-2, Run: 042, P, 0, 0, 0, 0, 0, 108, 60, 0, 1, 21, 58, 0
INVAR-2, Run: 043, P, 0, 0, 0, 0, 0, 100, 68, 0, 1, 23, 62, 0
INVAR-2, Run: 044, P, 0, 0, 0, 0, 0, 112, 56, 0, 1, 16, 56, 0
INVAR-2, Run: 045, P, 0, 0, 0, 0, 0, 88, 80, 0, 1, 15, 68, 0
INVAR-2, Run: 046, P, 0, 0, 0, 0, 0, 72, 96, 0, 1, 17, 76, 0
INVAR-2, Run: 047, P, 0, 0, 0, 0, 0, 114, 54, 0, 1, 25, 55, 0
INVAR-2, Run: 048, P, 0, 0, 0, 0, 0, 118, 50, 0, 1, 22, 53, 0
INVAR-2, Run: 049, P, 0, 0, 0, 0, 0, 84, 84, 0, 1, 20, 70, 0
INVAR-2, Run: 050, F, 0, 0, 0, 0, 0, 14, 154, 0, 1, 28, 105, 0
INVAR-2, Run: 051, P, 0, 0, 0, 0, 0, 106, 62, 0, 1, 28, 59, 0
INVAR-2, Run: 052, F, 0, 0, 0, 0, 0, 18, 150, 0, 1, 27, 103, 0
INVAR-2, Run: 053, P, 0, 0, 0, 0, 0, 112, 56, 0, 1, 34, 56, 0
INVAR-2, Run: 054, P, 0, 0, 0, 0, 0, 40, 128, 0, 1, 24, 92, 0
INVAR-2, Run: 055, P, 0, 0, 0, 0, 0, 108, 60, 0, 1, 23, 58, 0
INVAR-2, Run: 056, P, 0, 0, 0, 0, 0, 132, 36, 0, 1, 26, 46, 0
INVAR-2, Run: 057, P, 0, 0, 0, 0, 0, 48, 120, 0, 1, 23, 88, 0
INVAR-2, Run: 058, P, 0, 0, 0, 0, 0, 134, 34, 0, 1, 24, 45, 0
INVAR-2, Run: 059, P, 0, 0, 0, 0, 0, 44, 124, 0, 1, 26, 90, 0
INVAR-2, Run: 060, P, 0, 0, 0, 0, 0, 128, 40, 0, 1, 28, 48, 0
INVAR-2, Run: 061, P, 0, 0, 0, 0, 0, 72, 96, 0, 1, 24, 76, 0
INVAR-2, Run: 062, P, 0, 0, 0, 0, 0, 132, 36, 0, 1, 16, 46, 0
INVAR-2, Run: 063, P, 0, 0, 0, 0, 0, 110, 58, 0, 1, 19, 57, 0
INVAR-2, Run: 064, P, 0, 0, 0, 0, 0, 82, 86, 0, 1, 19, 71, 0
INVAR-2, Run: 065, F, 0, 0, 0, 0, 0, 8, 160, 0, 1, 22, 108, 0
INVAR-2, Run: 066, F, 0, 0, 0, 0, 0, 28, 140, 0, 1, 35, 98, 0
INVAR-2, Run: 067, P, 0, 0, 0, 0, 0, 90, 78, 0, 1, 32, 67, 0
INVAR-2, Run: 068, P, 0, 0, 0, 0, 0, 88, 80, 0, 1, 17, 68, 0
INVAR-2, Run: 069, P, 0, 0, 0, 0, 0, 46, 122, 0, 1, 20, 89, 0
INVAR-2, Run: 070, F, 0, 0, 0, 0, 0, 12, 156, 0, 1, 33, 106, 0
INVAR-2, Run: 071, P, 0, 0, 0, 0, 0, 86, 82, 0, 1, 16, 69, 0
INVAR-2, Run: 072, F, 0, 0, 0, 0, 0, 26, 142, 0, 1, 27, 99, 0
INVAR-2, Run: 073, P, 0, 0, 0, 0, 0, 130, 38, 0, 1, 30, 47, 0
INVAR-2, Run: 074, P, 0, 0, 0, 0, 0, 118, 50, 0, 1, 24, 53, 0
INVAR-2, Run: 075, P, 0, 0, 0, 0, 0, 92, 76, 0, 1, 25, 66, 0
INVAR-2, Run: 076, P, 0, 0, 0, 0, 0, 154, 14, 0, 1, 22, 35, 0
INVAR-2, Run: 077, P, 0, 0, 0, 0, 0, 118, 50, 0, 1, 23, 53, 0
INVAR-2, Run: 078, P, 0, 0, 0, 0, 0, 116, 52, 0, 1, 18, 54, 0
INVAR-2, Run: 079, P, 0, 0, 0, 0, 0, 126, 42, 0, 1, 27, 49, 0
INVAR-2, Run: 080, P, 0, 0, 0, 0, 0, 128, 40, 0, 1, 21, 48, 0
INVAR-2, Run: 081, P, 0, 0, 0, 0, 0, 108, 60, 0, 1, 22, 58, 0
INVAR-2, Run: 082, P, 0, 0, 0, 0, 0, 128, 40, 0, 1, 20, 48, 0
INVAR-2, Run: 083, P, 0, 0, 0, 0, 0, 40, 128, 0, 1, 21, 92, 0
INVAR-2, Run: 084, P, 0, 0, 0, 0, 0, 82, 86, 0, 1, 31, 71, 0
INVAR-2, Run: 085, P, 0, 0, 0, 0, 0, 68, 100, 0, 1, 22, 78, 0
INVAR-2, Run: 086, P, 0, 0, 0, 0, 0, 66, 102, 0, 1, 25, 79, 0
INVAR-2, Run: 087, P, 0, 0, 0, 0, 0, 128, 40, 0, 1, 16, 48, 0
INVAR-2, Run: 088, P, 0, 0, 0, 0, 0, 106, 62, 0, 1, 32, 59, 0
INVAR-2, Run: 089, P, 0, 0, 0, 0, 0, 136, 32, 0, 1, 22, 44, 0
INVAR-2, Run: 090, P, 0, 0, 0, 0, 0, 62, 106, 0, 1, 26, 81, 0
INVAR-2, Run: 091, P, 0, 0, 0, 0, 0, 140, 28, 0, 1, 15, 42, 0
INVAR-2, Run: 092, P, 0, 0, 0, 0, 0, 138, 30, 0, 1, 28, 43, 0
INVAR-2, Run: 093, P, 0, 0, 0, 0, 0, 130, 38, 0, 1, 25, 47, 0
INVAR-2, Run: 094, P, 0, 0, 0, 0, 0, 80, 88, 0, 1, 17, 72, 0
INVAR-2, Run: 095, F, 0, 0, 0, 0, 0, 14, 154, 0, 1, 42, 105, 0
INVAR-2, Run: 096, P, 0, 0, 0, 0, 0, 112, 56, 0, 1, 30, 56, 0
INVAR-2, Run: 097, P, 0, 0, 0, 0, 0, 84, 84, 0, 1, 20, 70, 0
INVAR-2, Run: 098, P, 0, 0, 0, 0, 0, 80, 88, 0, 1, 28, 72, 0
INVAR-2, Run: 099, P, 0, 0, 0, 0, 0, 94, 74, 0, 1, 20, 65, 0
INVAR-2, Run: 100, P, 0, 0, 0, 0, 0, 126, 42, 0, 1, 21, 49, 0
INVAR-3, Run: 001, P, 0, 0, 0, 0, 0, 172, 320, 0, 1, 63, 242, 0
INVAR-3, Run: 002, P, 0, 0, 0, 0, 0, 298, 194, 0, 1, 76, 179, 0
INVAR-3, Run: 003, P, 0, 0, 0, 0, 0, 412, 80, 0, 1, 74, 122, 0
INVAR-3, Run: 004, P, 0, 0, 0, 0, 0, 338, 154, 0, 1, 67, 159, 0
INVAR-3, Run: 005, P, 0, 0, 0, 0, 0, 352, 140, 0, 1, 68, 152, 0
INVAR-3, Run: 006, F, 0, 0, 0, 0, 0, 46, 446, 0, 1, 70, 305, 0
INVAR-3, Run: 007, P, 0, 0, 0, 0, 0, 240, 252, 0, 1, 80, 208, 0
INVAR-3, Run: 008, P, 0, 0, 0, 0, 0, 418, 74, 0, 1, 60, 119, 0
INVAR-3, Run: 009, P, 0, 0, 0, 0, 0, 264, 228, 0, 1, 59, 196, 0
INVAR-3, Run: 010, P, 0, 0, 0, 0, 0, 152, 340, 0, 1, 57, 252, 0
INVAR-3, Run: 011, P, 0, 0, 0, 0, 0, 120, 372, 0, 1, 74, 268, 0
INVAR-3, Run: 012, P, 0, 0, 0, 0, 0, 80, 412, 0, 1, 62, 288, 0
INVAR-3, Run: 013, P, 0, 0, 0, 0, 0, 256, 236, 0, 1, 57, 200, 0
INVAR-3, Run: 014, P, 0, 0, 0, 0, 0, 356, 136, 0, 1, 65, 150, 0
INVAR-3, Run: 015, P, 0, 0, 0, 0, 0, 358, 134, 0, 1, 79, 149, 0
INVAR-3, Run: 016, P, 0, 0, 0, 0, 0, 238, 254, 0, 1, 74, 209, 0
INVAR-3, Run: 017, F, 0, 0, 0, 0, 0, 40, 452, 0, 1, 64, 308, 0
INVAR-3, Run: 018, P, 0, 0, 0, 0, 0, 124, 368, 0, 1, 51, 266, 0
INVAR-3, Run: 019, P, 0, 0, 0, 0, 0, 272, 220, 0, 1, 69, 192, 0
INVAR-3, Run: 020, P, 0, 0, 0, 0, 0, 80, 412, 0, 1, 65, 288, 0
INVAR-3, Run: 021, P, 0, 0, 0, 0, 0, 84, 408, 0, 1, 61, 286, 0
INVAR-3, Run: 022, P, 0, 0, 0, 0, 0, 172, 320, 0, 1, 60, 242, 0
INVAR-3, Run: 023, P, 0, 0, 0, 0, 0, 190, 302, 0, 1, 66, 233, 0
INVAR-3, Run: 024, P, 0, 0, 0, 0, 0, 292, 200, 0, 1, 72, 182, 0
INVAR-3, Run: 025, F, 0, 0, 0, 0, 0, 28, 464, 0, 1, 77, 314, 0
INVAR-3, Run: 026, P, 0, 0, 0, 0, 0, 272, 220, 0, 1, 58, 192, 0
INVAR-3, Run: 027, P, 0, 0, 0, 0, 0, 178, 314, 0, 1, 64, 239, 0
INVAR-3, Run: 028, P, 0, 0, 0, 0, 0, 268, 224, 0, 1, 47, 194, 0
INVAR-3, Run: 029, P, 0, 0, 0, 0, 0, 142, 350, 0, 1, 65, 257, 0
INVAR-3, Run: 030, P, 0, 0, 0, 0, 0, 192, 300, 0, 1, 46, 232, 0
INVAR-3, Run: 031, P, 0, 0, 0, 0, 0, 342, 150, 0, 1, 43, 157, 0
INVAR-3, Run: 032, P, 0, 0, 0, 0, 0, 326, 166, 0, 1, 57, 165, 0
INVAR-3, Run: 033, P, 0, 0, 0, 0, 0, 232, 260, 0, 1, 47, 212, 0
INVAR-3, Run: 034, P, 0, 0, 0, 0, 0, 252, 240, 0, 1, 75, 202, 0
INVAR-3, Run: 035, P, 0, 0, 0, 0, 0, 252, 240, 0, 1, 69, 202, 0
INVAR-3, Run: 036, P, 0, 0, 0, 0, 0, 156, 336, 0, 1, 53, 250, 0
INVAR-3, Run: 037, P, 0, 0, 0, 0, 0, 378, 114, 0, 1, 69, 139, 0
INVAR-3, Run: 038, F, 0, 0, 0, 0, 0, 46, 446, 0, 1, 70, 305, 0
INVAR-3, Run: 039, P, 0, 0, 0, 0, 0, 308, 184, 0, 1, 75, 174, 0
INVAR-3, Run: 040, P, 0, 0, 0, 0, 0, 386, 106, 0, 1, 61, 135, 0
INVAR-3, Run: 041, P, 0, 0, 0, 0, 0, 328, 164, 0, 1, 60, 164, 0
INVAR-3, Run: 042, P, 0, 0, 0, 0, 0, 256, 236, 0, 1, 65, 200, 0
INVAR-3, Run: 043, P, 0, 0, 0, 0, 0, 186, 306, 0, 1, 51, 235, 0
INVAR-3, Run: 044, F, 0, 0, 0, 0, 0, 48, 444, 0, 1, 73, 304, 0
INVAR-3, Run: 045, P, 0, 0, 0, 0, 0, 320, 172, 0, 1, 61, 168, 0
INVAR-3, Run: 046, P, 0, 0, 0, 0, 0, 94, 398, 0, 1, 41, 281, 0
INVAR-3, Run: 047, P, 0, 0, 0, 0, 0, 280, 212, 0, 1, 78, 188, 0
INVAR-3, Run: 048, P, 0, 0, 0, 0, 0, 108, 384, 0, 1, 65, 274, 0
INVAR-3, Run: 049, P, 0, 0, 0, 0, 0, 308, 184, 0, 1, 69, 174, 0
INVAR-3, Run: 050, P, 0, 0, 0, 0, 0, 214, 278, 0, 1, 75, 221, 0
INVAR-3, Run: 051, P, 0, 0, 0, 0, 0, 80, 412, 0, 1, 69, 288, 0
INVAR-3, Run: 052, P, 0, 0, 0, 0, 0, 306, 186, 0, 1, 64, 175, 0
INVAR-3, Run: 053, P, 0, 0, 0, 0, 0, 78, 414, 0, 1, 69, 289, 0
INVAR-3, Run: 054, P, 0, 0, 0, 0, 0, 384, 108, 0, 1, 73, 136, 0
INVAR-3, Run: 055, P, 0, 0, 0, 0, 0, 178, 314, 0, 1, 66, 239, 0
INVAR-3, Run: 056, P, 0, 0, 0, 0, 0, 142, 350, 0, 1, 63, 257, 0
INVAR-3, Run: 057, P, 0, 0, 0, 0, 0, 372, 120, 0, 1, 67, 142, 0
INVAR-3, Run: 058, P, 0, 0, 0, 0, 0, 98, 394, 0, 1, 60, 279, 0
INVAR-3, Run: 059, P, 0, 0, 0, 0, 0, 82, 410, 0, 1, 61, 287, 0
INVAR-3, Run: 060, P, 0, 0, 0, 0, 0, 354, 138, 0, 1, 72, 151, 0
INVAR-3, Run: 061, P, 0, 0, 0, 0, 0, 308, 184, 0, 1, 60, 174, 0
INVAR-3, Run: 062, P, 0, 0, 0, 0, 0, 88, 404, 0, 1, 61, 284, 0
INVAR-3, Run: 063, P, 0, 0, 0, 0, 0, 312, 180, 0, 1, 62, 172, 0
INVAR-3, Run: 064, P, 0, 0, 0, 0, 0, 410, 82, 0, 1, 44, 123, 0
INVAR-3, Run: 065, P, 0, 0, 0, 0, 0, 218, 274, 0, 1, 54, 219, 0
INVAR-3, Run: 066, P, 0, 0, 0, 0, 0, 88, 404, 0, 1, 71, 284, 0
INVAR-3, Run: 067, P, 0, 0, 0, 0, 0, 348, 144, 0, 1, 68, 154, 0
INVAR-3, Run: 068, P, 0, 0, 0, 0, 0, 234, 258, 0, 1, 76, 211, 0
INVAR-3, Run: 069, P, 0, 0, 0, 0, 0, 346, 146, 0, 1, 64, 155, 0
INVAR-3, Run: 070, P, 0, 0, 0, 0, 0, 412, 80, 0, 1, 73, 122, 0
INVAR-3, Run: 071, P, 0, 0, 0, 0, 0, 208, 284, 0, 1, 66, 224, 0
INVAR-3, Run: 072, P, 0, 0, 0, 0, 0, 330, 162, 0, 1, 75, 163, 0
INVAR-3, Run: 073, P, 0, 0, 0, 0, 0, 164, 328, 0, 1, 85, 246, 0
INVAR-3, Run: 074, F, 0, 0, 0, 0, 0, 6, 486, 0, 1, 56, 325, 0
INVAR-3, Run: 075, P, 0, 0, 0, 0, 0, 232, 260, 0, 1, 57, 212, 0
INVAR-3, Run: 076, F, 0, 0, 0, 0, 0, 38, 454, 0, 1, 64, 309, 0
INVAR-3, Run: 077, P, 0, 0, 0, 0, 0, 362, 130, 0, 1, 74, 147, 0
INVAR-3, Run: 078, P, 0, 0, 0, 0, 0, 90, 402, 0, 1, 54, 283, 0
INVAR-3, Run: 079, F, 0, 0, 0, 0, 0, 14, 478, 0, 1, 68, 321, 0
INVAR-3, Run: 080, P, 0, 0, 0, 0, 0, 264, 228, 0, 1, 71, 196, 0
INVAR-3, Run: 081, P, 0, 0, 0, 0, 0, 176, 316, 0, 1, 65, 240, 0
INVAR-3, Run: 082, F, 0, 0, 0, 0, 0, 48, 444, 0, 1, 67, 304, 0
INVAR-3, Run: 083, P, 0, 0, 0, 0, 0, 400, 92, 0, 1, 54, 128, 0
INVAR-3, Run: 084, P, 0, 0, 0, 0, 0, 328, 164, 0, 1, 72, 164, 0
INVAR-3, Run: 085, P, 0, 0, 0, 0, 0, 252, 240, 0, 1, 65, 202, 0
INVAR-3, Run: 086, P, 0, 0, 0, 0, 0, 100, 392, 0, 1, 80, 278, 0
INVAR-3, Run: 087, P, 0, 0, 0, 0, 0, 278, 214, 0, 1, 57, 189, 0
INVAR-3, Run: 088, P, 0, 0, 0, 0, 0, 302, 190, 0, 1, 70, 177, 0
INVAR-3, Run: 089, P, 0, 0, 0, 0, 0, 340, 152, 0, 1, 78, 158, 0
INVAR-3, Run: 090, F, 0, 0, 0, 0, 0, 2, 490, 0, 1, 61, 327, 0
INVAR-3, Run: 091, P, 0, 0, 0, 0, 0, 314, 178, 0, 1, 64, 171, 0
INVAR-3, Run: 092, P, 0, 0, 0, 0, 0, 314, 178, 0, 1, 54, 171, 0
INVAR-3, Run: 093, P, 0, 0, 0, 0, 0, 400, 92, 0, 1, 68, 128, 0
INVAR-3, Run: 094, P, 0, 0, 0, 0, 0, 234, 258, 0, 1, 68, 211, 0
INVAR-3, Run: 095, P, 0, 0, 0, 0, 0, 352, 140, 0, 1, 64, 152, 0
INVAR-3, Run: 096, P, 0, 0, 0, 0, 0, 278, 214, 0, 1, 60, 189, 0
INVAR-3, Run: 097, P, 0, 0, 0, 0, 0, 156, 336, 0, 1, 70, 250, 0
INVAR-3, Run: 098, P, 0, 0, 0, 0, 0, 242, 250, 0, 1, 76, 207, 0
INVAR-3, Run: 099, P, 0, 0, 0, 0, 0, 338, 154, 0, 1, 60, 159, 0
INVAR-3, Run: 100, P, 0, 0, 0, 0, 0, 416, 76, 0, 1, 70, 120, 0
INVAR-4, Run: 001, F, 0, 1, 0, 0, 1, 0, 118, 0, 0, 12, 78, 1
INVAR-4, Run: 002, F, 0, 1, 0, 0, 1, 0, 118, 0, 0, 12, 78, 1
INVAR-4, Run: 003, F, 0, 1, 0, 0, 1, 0, 118, 0, 0, 12, 78, 1
INVAR-4, Run: 004, F, 0, 1, 0, 0, 1, 0, 118, 0, 0, 15, 78, 1
INVAR-4, Run: 005, F, 0, 1, 0, 0, 1, 0, 118, 0, 0, 17, 78, 1
INVAR-4, Run: 006, F, 0, 1, 0, 0, 1, 0, 118, 0, 0, 15, 78, 1
INVAR-4, Run: 007, F, 0, 1, 0, 0, 1, 0, 118, 0, 0, 8, 78, 1
INVAR-4, Run: 008, F, 0, 1, 0, 0, 1, 0, 118, 0, 0, 15, 78, 1
INVAR-4, Run: 009, F, 0, 1, 0, 0, 1, 0, 118, 0, 0, 13, 78, 1
INVAR-4, Run: 010, F, 0, 1, 0, 0, 1, 0, 118, 0, 0, 21, 78, 1
INVAR-4, Run: 011, F, 0, 1, 0, 0, 1, 0, 118, 0, 0, 15, 78, 1
INVAR-4, Run: 012, F, 0, 1, 0, 0, 1, 0, 118, 0, 0, 13, 78, 1
INVAR-4, Run: 013, F, 0, 1, 0, 0, 1, 0, 118, 0, 0, 17, 78, 1
INVAR-4, Run: 014, F, 0, 1, 0, 0, 1, 0, 118, 0, 0, 19, 78, 1
INVAR-4, Run: 015, F, 0, 1, 0, 0, 1, 0, 118, 0, 0, 17, 78, 1
INVAR-4, Run: 016, F, 0, 1, 0, 0, 1, 0, 118, 0, 0, 10, 78, 1
INVAR-4, Run: 017, F, 0, 1, 0, 0, 1, 0, 118, 0, 0, 17, 78, 1
INVAR-4, Run: 018, F, 0, 1, 0, 0, 1, 0, 118, 0, 0, 15, 78, 1
INVAR-4, Run: 019, F, 0, 1, 0, 0, 1, 0, 118, 0, 0, 13, 78, 1
INVAR-4, Run: 020, F, 0, 1, 0, 0, 1, 0, 118, 0, 0, 9, 78, 1
INVAR-4, Run: 021, F, 0, 1, 0, 0, 1, 0, 118, 0, 0, 12, 78, 1
INVAR-4, Run: 022, F, 0, 1, 0, 0, 1, 0, 118, 0, 0, 18, 78, 1
INVAR-4, Run: 023, F, 0, 1, 0, 0, 1, 0, 118, 0, 0, 21, 78, 1
INVAR-4, Run: 024, F, 0, 1, 0, 0, 1, 0, 118, 0, 0, 13, 78, 1
INVAR-4, Run: 025, F, 0, 1, 0, 0, 1, 0, 118, 0, 0, 20, 78, 1
INVAR-4, Run: 026, F, 0, 1, 0, 0, 1, 0, 118, 0, 0, 14, 78, 1
INVAR-4, Run: 027, F, 0, 1, 0, 0, 1, 0, 118, 0, 0, 20, 78, 1
INVAR-4, Run: 028, F, 0, 1, 0, 0, 1, 0, 118, 0, 0, 17, 78, 1
INVAR-4, Run: 029, F, 0, 1, 0, 0, 1, 0, 118, 0, 0, 20, 78, 1
INVAR-4, Run: 030, F, 0, 1, 0, 0, 1, 0, 118, 0, 0, 17, 78, 1
INVAR-4, Run: 031, F, 0, 1, 0, 0, 1, 0, 118, 0, 0, 24, 78, 1
INVAR-4, Run: 032, F, 0, 1, 0, 0, 1, 0, 118, 0, 0, 13, 78, 1
INVAR-4, Run: 033, F, 0, 1, 0, 0, 1, 0, 118, 0, 0, 21, 78, 1
INVAR-4, Run: 034, F, 0, 1, 0, 0, 1, 0, 118, 0, 0, 18, 78, 1
INVAR-4, Run: 035, F, 0, 1, 0, 0, 1, 0, 118, 0, 0, 17, 78, 1
INVAR-4, Run: 036, F, 0, 1, 0, 0, 1, 0, 118, 0, 0, 16, 78, 1
INVAR-4, Run: 037, F, 0, 1, 0, 0, 1, 0, 118, 0, 0, 19, 78, 1
INVAR-4, Run: 038, F, 0, 1, 0, 0, 1, 0, 118, 0, 0, 15, 78, 1
INVAR-4, Run: 039, F, 0, 1, 0, 0, 1, 0, 118, 0, 0, 14, 78, 1
INVAR-4, Run: 040, F, 0, 1, 0, 0, 1, 0, 118, 0, 0, 12, 78, 1
INVAR-4, Run: 041, F, 0, 1, 0, 0, 1, 0, 118, 0, 0, 13, 78, 1
INVAR-4, Run: 042, F, 0, 1, 0, 0, 1, 0, 118, 0, 0, 16, 78, 1
INVAR-4, Run: 043, F, 0, 1, 0, 0, 1, 0, 118, 0, 0, 14, 78, 1
INVAR-4, Run: 044, F, 0, 1, 0, 0, 1, 0, 118, 0, 0, 14, 78, 1
INVAR-4, Run: 045, F, 0, 1, 0, 0, 1, 0, 118, 0, 0, 15, 78, 1
INVAR-4, Run: 046, F, 0, 1, 0, 0, 1, 0, 118, 0, 0, 16, 78, 1
INVAR-4, Run: 047, F, 0, 1, 0, 0, 1, 0, 118, 0, 0, 18, 78, 1
INVAR-4, Run: 048, F, 0, 1, 0, 0, 1, 0, 118, 0, 0, 22, 78, 1
INVAR-4, Run: 049, F, 0, 1, 0, 0, 1, 0, 118, 0, 0, 16, 78, 1
INVAR-4, Run: 050, F, 0, 1, 0, 0, 1, 0, 118, 0, 0, 20, 78, 1
INVAR-4, Run: 051, F, 0, 1, 0, 0, 1, 0, 118, 0, 0, 18, 78, 1
INVAR-4, Run: 052, F, 0, 1, 0, 0, 1, 0, 118, 0, 0, 18, 78, 1
INVAR-4, Run: 053, F, 0, 1, 0, 0, 1, 0, 118, 0, 0, 21, 78, 1
INVAR-4, Run: 054, F, 0, 1, 0, 0, 1, 0, 118, 0, 0, 16, 78, 1
INVAR-4, Run: 055, F, 0, 1, 0, 0, 1, 0, 118, 0, 0, 16, 78, 1
INVAR-4, Run: 056, F, 0, 1, 0, 0, 1, 0, 118, 0, 0, 14, 78, 1
INVAR-4, Run: 057, F, 0, 1, 0, 0, 1, 0, 118, 0, 0, 14, 78, 1
INVAR-4, Run: 058, F, 0, 1, 0, 0, 1, 0, 118, 0, 0, 13, 78, 1
INVAR-4, Run: 059, F, 0, 1, 0, 0, 1, 0, 118, 0, 0, 10, 78, 1
INVAR-4, Run: 060, F, 0, 1, 0, 0, 1, 0, 118, 0, 0, 13, 78, 1
INVAR-4, Run: 061, F, 0, 1, 0, 0, 1, 0, 118, 0, 0, 18, 78, 1
INVAR-4, Run: 062, F, 0, 1, 0, 0, 1, 0, 118, 0, 0, 19, 78, 1
INVAR-4, Run: 063, F, 0, 1, 0, 0, 1, 0, 118, 0, 0, 15, 78, 1
INVAR-4, Run: 064, F, 0, 1, 0, 0, 1, 0, 118, 0, 0, 17, 78, 1
INVAR-4, Run: 065, F, 0, 1, 0, 0, 1, 0, 118, 0, 0, 28, 78, 1
INVAR-4, Run: 066, F, 0, 1, 0, 0, 1, 0, 118, 0, 0, 15, 78, 1
INVAR-4, Run: 067, F, 0, 1, 0, 0, 1, 0, 118, 0, 0, 15, 78, 1
INVAR-4, Run: 068, F, 0, 1, 0, 0, 1, 0, 118, 0, 0, 22, 78, 1
INVAR-4, Run: 069, F, 0, 1, 0, 0, 1, 0, 118, 0, 0, 16, 78, 1
INVAR-4, Run: 070, F, 0, 1, 0, 0, 1, 0, 118, 0, 0, 14, 78, 1
INVAR-4, Run: 071, F, 0, 1, 0, 0, 1, 0, 118, 0, 0, 20, 78, 1
INVAR-4, Run: 072, F, 0, 1, 0, 0, 1, 0, 118, 0, 0, 20, 78, 1
INVAR-4, Run: 073, F, 0, 1, 0, 0, 1, 0, 118, 0, 0, 19, 78, 1
INVAR-4, Run: 074, F, 0, 1, 0, 0, 1, 0, 118, 0, 0, 32, 78, 1
INVAR-4, Run: 075, F, 0, 1, 0, 0, 1, 0, 118, 0, 0, 10, 78, 1
INVAR-4, Run: 076, F, 0, 1, 0, 0, 1, 0, 118, 0, 0, 16, 78, 1
INVAR-4, Run: 077, F, 0, 1, 0, 0, 1, 0, 118, 0, 0, 10, 78, 1
INVAR-4, Run: 078, F, 0, 1, 0, 0, 1, 0, 118, 0, 0, 22, 78, 1
INVAR-4, Run: 079, F, 0, 1, 0, 0, 1, 0, 118, 0, 0, 18, 78, 1
INVAR-4, Run: 080, F, 0, 1, 0, 0, 1, 0, 118, 0, 0, 12, 78, 1
INVAR-4, Run: 081, F, 0, 1, 0, 0, 1, 0, 118, 0, 0, 15, 78, 1
INVAR-4, Run: 082, F, 0, 1, 0, 0, 1, 0, 118, 0, 0, 13, 78, 1
INVAR-4, Run: 083, F, 0, 1, 0, 0, 1, 0, 118, 0, 0, 12, 78, 1
INVAR-4, Run: 084, F, 0, 1, 0, 0, 1, 0, 118, 0, 0, 10, 78, 1
INVAR-4, Run: 085, F, 0, 1, 0, 0, 1, 0, 118, 0, 0, 13, 78, 1
INVAR-4, Run: 086, F, 0, 1, 0, 0, 1, 0, 118, 0, 0, 19, 78, 1
INVAR-4, Run: 087, F, 0, 1, 0, 0, 1, 0, 118, 0, 0, 14, 78, 1
INVAR-4, Run: 088, F, 0, 1, 0, 0, 1, 0, 118, 0, 0, 18, 78, 1
INVAR-4, Run: 089, F, 0, 1, 0, 0, 1, 0, 118, 0, 0, 10, 78, 1
INVAR-4, Run: 090, F, 0, 1, 0, 0, 1, 0, 118, 0, 0, 23, 78, 1
INVAR-4, Run: 091, F, 0, 1, 0, 0, 1, 0, 118, 0, 0, 12, 78, 1
INVAR-4, Run: 092, F, 0, 1, 0, 0, 1, 0, 118, 0, 0, 27, 78, 1
INVAR-4, Run: 093, F, 0, 1, 0, 0, 1, 0, 118, 0, 0, 14, 78, 1
INVAR-4, Run: 094, F, 0, 1, 0, 0, 1, 0, 118, 0, 0, 20, 78, 1
INVAR-4, Run: 095, F, 0, 1, 0, 0, 1, 0, 118, 0, 0, 18, 78, 1
INVAR-4, Run: 096, F, 0, 1, 0, 0, 1, 0, 118, 0, 0, 13, 78, 1
INVAR-4, Run: 097, F, 0, 1, 0, 0, 1, 0, 118, 0, 0, 16, 78, 1
INVAR-4, Run: 098, F, 0, 1, 0, 0, 1, 0, 118, 0, 0, 13, 78, 1
INVAR-4, Run: 099, F, 0, 1, 0, 0, 1, 0, 118, 0, 0, 21, 78, 1
INVAR-4, Run: 100, F, 0, 1, 0, 0, 1, 0, 118, 0, 0, 13, 78, 1
INVAR-5, Run: 001, F, 0, 1, 0, 0, 1, 0, 160, 0, 0, 13, 106, 1
INVAR-5, Run: 002, F, 0, 1, 0, 0, 1, 0, 160, 0, 0, 19, 106, 1
INVAR-5, Run: 003, F, 0, 1, 0, 0, 1, 0, 160, 0, 0, 26, 106, 1
INVAR-5, Run: 004, F, 0, 1, 0, 0, 1, 0, 160, 0, 0, 20, 106, 1
INVAR-5, Run: 005, F, 0, 1, 0, 0, 1, 0, 160, 0, 0, 20, 106, 1
INVAR-5, Run: 006, F, 0, 1, 0, 0, 1, 0, 160, 0, 0, 27, 106, 1
INVAR-5, Run: 007, F, 0, 1, 0, 0, 1, 0, 160, 0, 0, 22, 106, 1
INVAR-5, Run: 008, F, 0, 1, 0, 0, 1, 0, 160, 0, 0, 25, 106, 1
INVAR-5, Run: 009, F, 0, 1, 0, 0, 1, 0, 160, 0, 0, 20, 106, 1
INVAR-5, Run: 010, F, 0, 1, 0, 0, 1, 0, 160, 0, 0, 20, 106, 1
INVAR-5, Run: 011, F, 0, 1, 0, 0, 1, 0, 160, 0, 0, 24, 106, 1
INVAR-5, Run: 012, F, 0, 1, 0, 0, 1, 0, 160, 0, 0, 27, 106, 1
INVAR-5, Run: 013, F, 0, 1, 0, 0, 1, 0, 160, 0, 0, 23, 106, 1
INVAR-5, Run: 014, F, 0, 1, 0, 0, 1, 0, 160, 0, 0, 29, 106, 1
INVAR-5, Run: 015, F, 0, 1, 0, 0, 1, 0, 160, 0, 0, 27, 106, 1
INVAR-5, Run: 016, F, 0, 1, 0, 0, 1, 0, 160, 0, 0, 13, 106, 1
INVAR-5, Run: 017, F, 0, 1, 0, 0, 1, 0, 160, 0, 0, 19, 106, 1
INVAR-5, Run: 018, F, 0, 1, 0, 0, 1, 0, 160, 0, 0, 15, 106, 1
INVAR-5, Run: 019, F, 0, 1, 0, 0, 1, 0, 160, 0, 0, 17, 106, 1
INVAR-5, Run: 020, F, 0, 1, 0, 0, 1, 0, 160, 0, 0, 21, 106, 1
INVAR-5, Run: 021, F, 0, 1, 0, 0, 1, 0, 160, 0, 0, 21, 106, 1
INVAR-5, Run: 022, F, 0, 1, 0, 0, 1, 0, 160, 0, 0, 24, 106, 1
INVAR-5, Run: 023, F, 0, 1, 0, 0, 1, 0, 160, 0, 0, 22, 106, 1
INVAR-5, Run: 024, F, 0, 1, 0, 0, 1, 0, 160, 0, 0, 28, 106, 1
INVAR-5, Run: 025, F, 0, 1, 0, 0, 1, 0, 160, 0, 0, 19, 106, 1
INVAR-5, Run: 026, F, 0, 1, 0, 0, 1, 0, 160, 0, 0, 31, 106, 1
INVAR-5, Run: 027, F, 0, 1, 0, 0, 1, 0, 160, 0, 0, 30, 106, 1
INVAR-5, Run: 028, F, 0, 1, 0, 0, 1, 0, 160, 0, 0, 15, 106, 1
INVAR-5, Run: 029, F, 0, 1, 0, 0, 1, 0, 160, 0, 0, 18, 106, 1
INVAR-5, Run: 030, F, 0, 1, 0, 0, 1, 0, 160, 0, 0, 13, 106, 1
INVAR-5, Run: 031, F, 0, 1, 0, 0, 1, 0, 160, 0, 0, 30, 106, 1
INVAR-5, Run: 032, F, 0, 1, 0, 0, 1, 0, 160, 0, 0, 16, 106, 1
INVAR-5, Run: 033, F, 0, 1, 0, 0, 1, 0, 160, 0, 0, 20, 106, 1
INVAR-5, Run: 034, F, 0, 1, 0, 0, 1, 0, 160, 0, 0, 20, 106, 1
INVAR-5, Run: 035, F, 0, 1, 0, 0, 1, 0, 160, 0, 0, 32, 106, 1
INVAR-5, Run: 036, F, 0, 1, 0, 0, 1, 0, 160, 0, 0, 16, 106, 1
INVAR-5, Run: 037, F, 0, 1, 0, 0, 1, 0, 160, 0, 0, 13, 106, 1
INVAR-5, Run: 038, F, 0, 1, 0, 0, 1, 0, 160, 0, 0, 36, 106, 1
INVAR-5, Run: 039, F, 0, 1, 0, 0, 1, 0, 160, 0, 0, 24, 106, 1
INVAR-5, Run: 040, F, 0, 1, 0, 0, 1, 0, 160, 0, 0, 27, 106, 1
INVAR-5, Run: 041, F, 0, 1, 0, 0, 1, 0, 160, 0, 0, 30, 106, 1
INVAR-5, Run: 042, F, 0, 1, 0, 0, 1, 0, 160, 0, 0, 22, 106, 1
INVAR-5, Run: 043, F, 0, 1, 0, 0, 1, 0, 160, 0, 0, 23, 106, 1
INVAR-5, Run: 044, F, 0, 1, 0, 0, 1, 0, 160, 0, 0, 20, 106, 1
INVAR-5, Run: 045, F, 0, 1, 0, 0, 1, 0, 160, 0, 0, 30, 106, 1
INVAR-5, Run: 046, F, 0, 1, 0, 0, 1, 0, 160, 0, 0, 18, 106, 1
INVAR-5, Run: 047, F, 0, 1, 0, 0, 1, 0, 160, 0, 0, 14, 106, 1
INVAR-5, Run: 048, F, 0, 1, 0, 0, 1, 0, 160, 0, 0, 25, 106, 1
INVAR-5, Run: 049, F, 0, 1, 0, 0, 1, 0, 160, 0, 0, 10, 106, 1
INVAR-5, Run: 050, F, 0, 1, 0, 0, 1, 0, 160, 0, 0, 20, 106, 1
INVAR-5, Run: 051, F, 0, 1, 0, 0, 1, 0, 160, 0, 0, 18, 106, 1
INVAR-5, Run: 052, F, 0, 1, 0, 0, 1, 0, 160, 0, 0, 19, 106, 1
INVAR-5, Run: 053, F, 0, 1, 0, 0, 1, 0, 160, 0, 0, 18, 106, 1
INVAR-5, Run: 054, F, 0, 1, 0, 0, 1, 0, 160, 0, 0, 22, 106, 1
INVAR-5, Run: 055, F, 0, 1, 0, 0, 1, 0, 160, 0, 0, 25, 106, 1
INVAR-5, Run: 056, F, 0, 1, 0, 0, 1, 0, 160, 0, 0, 23, 106, 1
INVAR-5, Run: 057, F, 0, 1, 0, 0, 1, 0, 160, 0, 0, 16, 106, 1
INVAR-5, Run: 058, F, 0, 1, 0, 0, 1, 0, 160, 0, 0, 20, 106, 1
INVAR-5, Run: 059, F, 0, 1, 0, 0, 1, 0, 160, 0, 0, 21, 106, 1
INVAR-5, Run: 060, F, 0, 1, 0, 0, 1, 0, 160, 0, 0, 14, 106, 1
INVAR-5, Run: 061, F, 0, 1, 0, 0, 1, 0, 160, 0, 0, 22, 106, 1
INVAR-5, Run: 062, F, 0, 1, 0, 0, 1, 0, 160, 0, 0, 33, 106, 1
INVAR-5, Run: 063, F, 0, 1, 0, 0, 1, 0, 160, 0, 0, 17, 106, 1
INVAR-5, Run: 064, F, 0, 1, 0, 0, 1, 0, 160, 0, 0, 31, 106, 1
INVAR-5, Run: 065, F, 0, 1, 0, 0, 1, 0, 160, 0, 0, 24, 106, 1
INVAR-5, Run: 066, F, 0, 1, 0, 0, 1, 0, 160, 0, 0, 23, 106, 1
INVAR-5, Run: 067, F, 0, 1, 0, 0, 1, 0, 160, 0, 0, 23, 106, 1
INVAR-5, Run: 068, F, 0, 1, 0, 0, 1, 0, 160, 0, 0, 23, 106, 1
INVAR-5, Run: 069, F, 0, 1, 0, 0, 1, 0, 160, 0, 0, 29, 106, 1
INVAR-5, Run: 070, F, 0, 1, 0, 0, 1, 0, 160, 0, 0, 10, 106, 1
INVAR-5, Run: 071, F, 0, 1, 0, 0, 1, 0, 160, 0, 0, 22, 106, 1
INVAR-5, Run: 072, F, 0, 1, 0, 0, 1, 0, 160, 0, 0, 21, 106, 1
INVAR-5, Run: 073, F, 0, 1, 0, 0, 1, 0, 160, 0, 0, 25, 106, 1
INVAR-5, Run: 074, F, 0, 1, 0, 0, 1, 0, 160, 0, 0, 26, 106, 1
INVAR-5, Run: 075, F, 0, 1, 0, 0, 1, 0, 160, 0, 0, 9, 106, 1
INVAR-5, Run: 076, F, 0, 1, 0, 0, 1, 0, 160, 0, 0, 17, 106, 1
INVAR-5, Run: 077, F, 0, 1, 0, 0, 1, 0, 160, 0, 0, 20, 106, 1
INVAR-5, Run: 078, F, 0, 1, 0, 0, 1, 0, 160, 0, 0, 19, 106, 1
INVAR-5, Run: 079, F, 0, 1, 0, 0, 1, 0, 160, 0, 0, 39, 106, 1
INVAR-5, Run: 080, F, 0, 1, 0, 0, 1, 0, 160, 0, 0, 14, 106, 1
INVAR-5, Run: 081, F, 0, 1, 0, 0, 1, 0, 160, 0, 0, 22, 106, 1
INVAR-5, Run: 082, F, 0, 1, 0, 0, 1, 0, 160, 0, 0, 24, 106, 1
INVAR-5, Run: 083, F, 0, 1, 0, 0, 1, 0, 160, 0, 0, 16, 106, 1
INVAR-5, Run: 084, F, 0, 1, 0, 0, 1, 0, 160, 0, 0, 28, 106, 1
INVAR-5, Run: 085, F, 0, 1, 0, 0, 1, 0, 160, 0, 0, 21, 106, 1
INVAR-5, Run: 086, F, 0, 1, 0, 0, 1, 0, 160, 0, 0, 18, 106, 1
INVAR-5, Run: 087, F, 0, 1, 0, 0, 1, 0, 160, 0, 0, 23, 106, 1
INVAR-5, Run: 088, F, 0, 1, 0, 0, 1, 0, 160, 0, 0, 19, 106, 1
INVAR-5, Run: 089, F, 0, 1, 0, 0, 1, 0, 160, 0, 0, 14, 106, 1
INVAR-5, Run: 090, F, 0, 1, 0, 0, 1, 0, 160, 0, 0, 19, 106, 1
INVAR-5, Run: 091, F, 0, 1, 0, 0, 1, 0, 160, 0, 0, 16, 106, 1
INVAR-5, Run: 092, F, 0, 1, 0, 0, 1, 0, 160, 0, 0, 27, 106, 1
INVAR-5, Run: 093, F, 0, 1, 0, 0, 1, 0, 160, 0, 0, 20, 106, 1
INVAR-5, Run: 094, F, 0, 1, 0, 0, 1, 0, 160, 0, 0, 20, 106, 1
INVAR-5, Run: 095, F, 0, 1, 0, 0, 1, 0, 160, 0, 0, 28, 106, 1
INVAR-5, Run: 096, F, 0, 1, 0, 0, 1, 0, 160, 0, 0, 14, 106, 1
INVAR-5, Run: 097, F, 0, 1, 0, 0, 1, 0, 160, 0, 0, 25, 106, 1
INVAR-5, Run: 098, F, 0, 1, 0, 0, 1, 0, 160, 0, 0, 20, 106, 1
INVAR-5, Run: 099, F, 0, 1, 0, 0, 1, 0, 160, 0, 0, 17, 106, 1
INVAR-5, Run: 100, F, 0, 1, 0, 0, 1, 0, 160, 0, 0, 24, 106, 1
INVAR-6, Run: 001, F, 0, 1, 0, 0, 1, 0, 526, 0, 0, 77, 350, 1
INVAR-6, Run: 002, F, 0, 1, 0, 0, 1, 0, 526, 0, 0, 58, 350, 1
INVAR-6, Run: 003, F, 0, 1, 0, 0, 1, 0, 526, 0, 0, 71, 350, 1
INVAR-6, Run: 004, F, 0, 1, 0, 0, 1, 0, 526, 0, 0, 70, 350, 1
INVAR-6, Run: 005, F, 0, 1, 0, 0, 1, 0, 526, 0, 0, 75, 350, 1
INVAR-6, Run: 006, F, 0, 1, 0, 0, 1, 0, 526, 0, 0, 72, 350, 1
INVAR-6, Run: 007, F, 0, 1, 0, 0, 1, 0, 526, 0, 0, 61, 350, 1
INVAR-6, Run: 008, F, 0, 1, 0, 0, 1, 0, 526, 0, 0, 59, 350, 1
INVAR-6, Run: 009, F, 0, 1, 0, 0, 1, 0, 526, 0, 0, 66, 350, 1
INVAR-6, Run: 010, F, 0, 1, 0, 0, 1, 0, 526, 0, 0, 65, 350, 1
INVAR-6, Run: 011, F, 0, 1, 0, 0, 1, 0, 526, 0, 0, 59, 350, 1
INVAR-6, Run: 012, F, 0, 1, 0, 0, 1, 0, 526, 0, 0, 88, 350, 1
INVAR-6, Run: 013, F, 0, 1, 0, 0, 1, 0, 526, 0, 0, 64, 350, 1
INVAR-6, Run: 014, F, 0, 1, 0, 0, 1, 0, 526, 0, 0, 62, 350, 1
INVAR-6, Run: 015, F, 0, 1, 0, 0, 1, 0, 526, 0, 0, 83, 350, 1
INVAR-6, Run: 016, F, 0, 1, 0, 0, 1, 0, 526, 0, 0, 71, 350, 1
INVAR-6, Run: 017, F, 0, 1, 0, 0, 1, 0, 526, 0, 0, 82, 350, 1
INVAR-6, Run: 018, F, 0, 1, 0, 0, 1, 0, 526, 0, 0, 72, 350, 1
INVAR-6, Run: 019, F, 0, 1, 0, 0, 1, 0, 526, 0, 0, 62, 350, 1
INVAR-6, Run: 020, F, 0, 1, 0, 0, 1, 0, 526, 0, 0, 73, 350, 1
INVAR-6, Run: 021, F, 0, 1, 0, 0, 1, 0, 526, 0, 0, 70, 350, 1
INVAR-6, Run: 022, F, 0, 1, 0, 0, 1, 0, 526, 0, 0, 64, 350, 1
INVAR-6, Run: 023, F, 0, 1, 0, 0, 1, 0, 526, 0, 0, 60, 350, 1
INVAR-6, Run: 024, F, 0, 1, 0, 0, 1, 0, 526, 0, 0, 73, 350, 1
INVAR-6, Run: 025, F, 0, 1, 0, 0, 1, 0, 526, 0, 0, 67, 350, 1
INVAR-6, Run: 026, F, 0, 1, 0, 0, 1, 0, 526, 0, 0, 57, 350, 1
INVAR-6, Run: 027, F, 0, 1, 0, 0, 1, 0, 526, 0, 0, 74, 350, 1
INVAR-6, Run: 028, F, 0, 1, 0, 0, 1, 0, 526, 0, 0, 72, 350, 1
INVAR-6, Run: 029, F, 0, 1, 0, 0, 1, 0, 526, 0, 0, 75, 350, 1
INVAR-6, Run: 030, F, 0, 1, 0, 0, 1, 0, 526, 0, 0, 67, 350, 1
INVAR-6, Run: 031, F, 0, 1, 0, 0, 1, 0, 526, 0, 0, 55, 350, 1
INVAR-6, Run: 032, F, 0, 1, 0, 0, 1, 0, 526, 0, 0, 73, 350, 1
INVAR-6, Run: 033, F, 0, 1, 0, 0, 1, 0, 526, 0, 0, 72, 350, 1
INVAR-6, Run: 034, F, 0, 1, 0, 0, 1, 0, 526, 0, 0, 79, 350, 1
INVAR-6, Run: 035, F, 0, 1, 0, 0, 1, 0, 526, 0, 0, 81, 350, 1
INVAR-6, Run: 036, F, 0, 1, 0, 0, 1, 0, 526, 0, 0, 69, 350, 1
INVAR-6, Run: 037, F, 0, 1, 0, 0, 1, 0, 526, 0, 0, 71, 350, 1
INVAR-6, Run: 038, F, 0, 1, 0, 0, 1, 0, 526, 0, 0, 48, 350, 1
INVAR-6, Run: 039, F, 0, 1, 0, 0, 1, 0, 526, 0, 0, 74, 350, 1
INVAR-6, Run: 040, F, 0, 1, 0, 0, 1, 0, 526, 0, 0, 55, 350, 1
INVAR-6, Run: 041, F, 0, 1, 0, 0, 1, 0, 526, 0, 0, 48, 350, 1
INVAR-6, Run: 042, F, 0, 1, 0, 0, 1, 0, 526, 0, 0, 62, 350, 1
INVAR-6, Run: 043, F, 0, 1, 0, 0, 1, 0, 526, 0, 0, 75, 350, 1
INVAR-6, Run: 044, F, 0, 1, 0, 0, 1, 0, 526, 0, 0, 53, 350, 1
INVAR-6, Run: 045, F, 0, 1, 0, 0, 1, 0, 526, 0, 0, 89, 350, 1
INVAR-6, Run: 046, F, 0, 1, 0, 0, 1, 0, 526, 0, 0, 48, 350, 1
INVAR-6, Run: 047, F, 0, 1, 0, 0, 1, 0, 526, 0, 0, 88, 350, 1
INVAR-6, Run: 048, F, 0, 1, 0, 0, 1, 0, 526, 0, 0, 80, 350, 1
INVAR-6, Run: 049, F, 0, 1, 0, 0, 1, 0, 526, 0, 0, 55, 350, 1
INVAR-6, Run: 050, F, 0, 1, 0, 0, 1, 0, 526, 0, 0, 79, 350, 1
INVAR-6, Run: 051, F, 0, 1, 0, 0, 1, 0, 526, 0, 0, 67, 350, 1
INVAR-6, Run: 052, F, 0, 1, 0, 0, 1, 0, 526, 0, 0, 66, 350, 1
INVAR-6, Run: 053, F, 0, 1, 0, 0, 1, 0, 526, 0, 0, 63, 350, 1
INVAR-6, Run: 054, F, 0, 1, 0, 0, 1, 0, 526, 0, 0, 70, 350, 1
INVAR-6, Run: 055, F, 0, 1, 0, 0, 1, 0, 526, 0, 0, 60, 350, 1
INVAR-6, Run: 056, F, 0, 1, 0, 0, 1, 0, 526, 0, 0, 64, 350, 1
INVAR-6, Run: 057, F, 0, 1, 0, 0, 1, 0, 526, 0, 0, 68, 350, 1
INVAR-6, Run: 058, F, 0, 1, 0, 0, 1, 0, 526, 0, 0, 63, 350, 1
INVAR-6, Run: 059, F, 0, 1, 0, 0, 1, 0, 526, 0, 0, 57, 350, 1
INVAR-6, Run: 060, F, 0, 1, 0, 0, 1, 0, 526, 0, 0, 53, 350, 1
INVAR-6, Run: 061, F, 0, 1, 0, 0, 1, 0, 526, 0, 0, 74, 350, 1
INVAR-6, Run: 062, F, 0, 1, 0, 0, 1, 0, 526, 0, 0, 60, 350, 1
INVAR-6, Run: 063, F, 0, 1, 0, 0, 1, 0, 526, 0, 0, 57, 350, 1
INVAR-6, Run: 064, F, 0, 1, 0, 0, 1, 0, 526, 0, 0, 66, 350, 1
INVAR-6, Run: 065, F, 0, 1, 0, 0, 1, 0, 526, 0, 0, 65, 350, 1
INVAR-6, Run: 066, F, 0, 1, 0, 0, 1, 0, 526, 0, 0, 64, 350, 1
INVAR-6, Run: 067, F, 0, 1, 0, 0, 1, 0, 526, 0, 0, 80, 350, 1
INVAR-6, Run: 068, F, 0, 1, 0, 0, 1, 0, 526, 0, 0, 84, 350, 1
INVAR-6, Run: 069, F, 0, 1, 0, 0, 1, 0, 526, 0, 0, 74, 350, 1
INVAR-6, Run: 070, F, 0, 1, 0, 0, 1, 0, 526, 0, 0, 78, 350, 1
INVAR-6, Run: 071, F, 0, 1, 0, 0, 1, 0, 526, 0, 0, 60, 350, 1
INVAR-6, Run: 072, F, 0, 1, 0, 0, 1, 0, 526, 0, 0, 61, 350, 1
INVAR-6, Run: 073, F, 0, 1, 0, 0, 1, 0, 526, 0, 0, 81, 350, 1
INVAR-6, Run: 074, F, 0, 1, 0, 0, 1, 0, 526, 0, 0, 71, 350, 1
INVAR-6, Run: 075, F, 0, 1, 0, 0, 1, 0, 526, 0, 0, 95, 350, 1
INVAR-6, Run: 076, F, 0, 1, 0, 0, 1, 0, 526, 0, 0, 67, 350, 1
INVAR-6, Run: 077, F, 0, 1, 0, 0, 1, 0, 526, 0, 0, 68, 350, 1
INVAR-6, Run: 078, F, 0, 1, 0, 0, 1, 0, 526, 0, 0, 64, 350, 1
INVAR-6, Run: 079, F, 0, 1, 0, 0, 1, 0, 526, 0, 0, 72, 350, 1
INVAR-6, Run: 080, F, 0, 1, 0, 0, 1, 0, 526, 0, 0, 90, 350, 1
INVAR-6, Run: 081, F, 0, 1, 0, 0, 1, 0, 526, 0, 0, 65, 350, 1
INVAR-6, Run: 082, F, 0, 1, 0, 0, 1, 0, 526, 0, 0, 63, 350, 1
INVAR-6, Run: 083, F, 0, 1, 0, 0, 1, 0, 526, 0, 0, 50, 350, 1
INVAR-6, Run: 084, F, 0, 1, 0, 0, 1, 0, 526, 0, 0, 56, 350, 1
INVAR-6, Run: 085, F, 0, 1, 0, 0, 1, 0, 526, 0, 0, 57, 350, 1
INVAR-6, Run: 086, F, 0, 1, 0, 0, 1, 0, 526, 0, 0, 80, 350, 1
INVAR-6, Run: 087, F, 0, 1, 0, 0, 1, 0, 526, 0, 0, 81, 350, 1
INVAR-6, Run: 088, F, 0, 1, 0, 0, 1, 0, 526, 0, 0, 80, 350, 1
INVAR-6, Run: 089, F, 0, 1, 0, 0, 1, 0, 526, 0, 0, 73, 350, 1
INVAR-6, Run: 090, F, 0, 1, 0, 0, 1, 0, 526, 0, 0, 63, 350, 1
INVAR-6, Run: 091, F, 0, 1, 0, 0, 1, 0, 526, 0, 0, 68, 350, 1
INVAR-6, Run: 092, F, 0, 1, 0, 0, 1, 0, 526, 0, 0, 66, 350, 1
INVAR-6, Run: 093, F, 0, 1, 0, 0, 1, 0, 526, 0, 0, 80, 350, 1
INVAR-6, Run: 094, F, 0, 1, 0, 0, 1, 0, 526, 0, 0, 52, 350, 1
INVAR-6, Run: 095, F, 0, 1, 0, 0, 1, 0, 526, 0, 0, 79, 350, 1
INVAR-6, Run: 096, F, 0, 1, 0, 0, 1, 0, 526, 0, 0, 57, 350, 1
INVAR-6, Run: 097, F, 0, 1, 0, 0, 1, 0, 526, 0, 0, 82, 350, 1
INVAR-6, Run: 098, F, 0, 1, 0, 0, 1, 0, 526, 0, 0, 64, 350, 1
INVAR-6, Run: 099, F, 0, 1, 0, 0, 1, 0, 526, 0, 0, 62, 350, 1
INVAR-6, Run: 100, F, 0, 1, 0, 0, 1, 0, 526, 0, 0, 57, 350, 1
INVAR-7, Run: 001, P, 0, 0, 0, 0, 0, 0, 0, 0, 0, 0, 0, 0
INVAR-7, Run: 002, P, 0, 0, 0, 0, 0, 0, 0, 0, 0, 0, 0, 0
INVAR-7, Run: 003, P, 0, 0, 0, 0, 0, 0, 0, 0, 0, 0, 0, 0
INVAR-7, Run: 004, P, 0, 0, 0, 0, 0, 0, 0, 0, 0, 0, 0, 0
INVAR-7, Run: 005, P, 0, 0, 0, 0, 0, 0, 0, 0, 0, 0, 0, 0
INVAR-7, Run: 006, P, 0, 0, 0, 0, 0, 0, 0, 0, 0, 0, 0, 0
INVAR-7, Run: 007, P, 0, 0, 0, 0, 0, 0, 0, 0, 0, 0, 0, 0
INVAR-7, Run: 008, P, 0, 0, 0, 0, 0, 0, 0, 0, 0, 0, 0, 0
INVAR-7, Run: 009, P, 0, 0, 0, 0, 0, 0, 0, 0, 0, 0, 0, 0
INVAR-7, Run: 010, P, 0, 0, 0, 0, 0, 0, 0, 0, 0, 0, 0, 0
INVAR-7, Run: 011, P, 0, 0, 0, 0, 0, 0, 0, 0, 0, 0, 0, 0
INVAR-7, Run: 012, P, 0, 0, 0, 0, 0, 0, 0, 0, 0, 0, 0, 0
INVAR-7, Run: 013, P, 0, 0, 0, 0, 0, 0, 0, 0, 0, 0, 0, 0
INVAR-7, Run: 014, P, 0, 0, 0, 0, 0, 0, 0, 0, 0, 0, 0, 0
INVAR-7, Run: 015, P, 0, 0, 0, 0, 0, 0, 0, 0, 0, 0, 0, 0
INVAR-7, Run: 016, P, 0, 0, 0, 0, 0, 0, 0, 0, 0, 0, 0, 0
INVAR-7, Run: 017, P, 0, 0, 0, 0, 0, 0, 0, 0, 0, 0, 0, 0
INVAR-7, Run: 018, P, 0, 0, 0, 0, 0, 0, 0, 0, 0, 0, 0, 0
INVAR-7, Run: 019, P, 0, 0, 0, 0, 0, 0, 0, 0, 0, 0, 0, 0
INVAR-7, Run: 020, P, 0, 0, 0, 0, 0, 0, 0, 0, 0, 0, 0, 0
INVAR-7, Run: 021, P, 0, 0, 0, 0, 0, 0, 0, 0, 0, 0, 0, 0
INVAR-7, Run: 022, P, 0, 0, 0, 0, 0, 0, 0, 0, 0, 0, 0, 0
INVAR-7, Run: 023, P, 0, 0, 0, 0, 0, 0, 0, 0, 0, 0, 0, 0
INVAR-7, Run: 024, P, 0, 0, 0, 0, 0, 0, 0, 0, 0, 0, 0, 0
INVAR-7, Run: 025, P, 0, 0, 0, 0, 0, 0, 0, 0, 0, 0, 0, 0
INVAR-7, Run: 026, P, 0, 0, 0, 0, 0, 0, 0, 0, 0, 0, 0, 0
INVAR-7, Run: 027, P, 0, 0, 0, 0, 0, 0, 0, 0, 0, 0, 0, 0
INVAR-7, Run: 028, P, 0, 0, 0, 0, 0, 0, 0, 0, 0, 0, 0, 0
INVAR-7, Run: 029, P, 0, 0, 0, 0, 0, 0, 0, 0, 0, 0, 0, 0
INVAR-7, Run: 030, P, 0, 0, 0, 0, 0, 0, 0, 0, 0, 0, 0, 0
INVAR-7, Run: 031, P, 0, 0, 0, 0, 0, 0, 0, 0, 0, 0, 0, 0
INVAR-7, Run: 032, P, 0, 0, 0, 0, 0, 0, 0, 0, 0, 0, 0, 0
INVAR-7, Run: 033, P, 0, 0, 0, 0, 0, 0, 0, 0, 0, 0, 0, 0
INVAR-7, Run: 034, P, 0, 0, 0, 0, 0, 0, 0, 0, 0, 0, 0, 0
INVAR-7, Run: 035, P, 0, 0, 0, 0, 0, 0, 0, 0, 0, 0, 0, 0
INVAR-7, Run: 036, P, 0, 0, 0, 0, 0, 0, 0, 0, 0, 0, 0, 0
INVAR-7, Run: 037, P, 0, 0, 0, 0, 0, 0, 0, 0, 0, 0, 0, 0
INVAR-7, Run: 038, P, 0, 0, 0, 0, 0, 0, 0, 0, 0, 0, 0, 0
INVAR-7, Run: 039, P, 0, 0, 0, 0, 0, 0, 0, 0, 0, 0, 0, 0
INVAR-7, Run: 040, P, 0, 0, 0, 0, 0, 0, 0, 0, 0, 0, 0, 0
INVAR-7, Run: 041, P, 0, 0, 0, 0, 0, 0, 0, 0, 0, 0, 0, 0
INVAR-7, Run: 042, P, 0, 0, 0, 0, 0, 0, 0, 0, 0, 0, 0, 0
INVAR-7, Run: 043, P, 0, 0, 0, 0, 0, 0, 0, 0, 0, 0, 0, 0
INVAR-7, Run: 044, P, 0, 0, 0, 0, 0, 0, 0, 0, 0, 0, 0, 0
INVAR-7, Run: 045, P, 0, 0, 0, 0, 0, 0, 0, 0, 0, 0, 0, 0
INVAR-7, Run: 046, P, 0, 0, 0, 0, 0, 0, 0, 0, 0, 0, 0, 0
INVAR-7, Run: 047, P, 0, 0, 0, 0, 0, 0, 0, 0, 0, 0, 0, 0
INVAR-7, Run: 048, P, 0, 0, 0, 0, 0, 0, 0, 0, 0, 0, 0, 0
INVAR-7, Run: 049, P, 0, 0, 0, 0, 0, 0, 0, 0, 0, 0, 0, 0
INVAR-7, Run: 050, P, 0, 0, 0, 0, 0, 0, 0, 0, 0, 0, 0, 0
INVAR-7, Run: 051, P, 0, 0, 0, 0, 0, 0, 0, 0, 0, 0, 0, 0
INVAR-7, Run: 052, P, 0, 0, 0, 0, 0, 0, 0, 0, 0, 0, 0, 0
INVAR-7, Run: 053, P, 0, 0, 0, 0, 0, 0, 0, 0, 0, 0, 0, 0
INVAR-7, Run: 054, P, 0, 0, 0, 0, 0, 0, 0, 0, 0, 0, 0, 0
INVAR-7, Run: 055, P, 0, 0, 0, 0, 0, 0, 0, 0, 0, 0, 0, 0
INVAR-7, Run: 056, P, 0, 0, 0, 0, 0, 0, 0, 0, 0, 0, 0, 0
INVAR-7, Run: 057, P, 0, 0, 0, 0, 0, 0, 0, 0, 0, 0, 0, 0
INVAR-7, Run: 058, P, 0, 0, 0, 0, 0, 0, 0, 0, 0, 0, 0, 0
INVAR-7, Run: 059, P, 0, 0, 0, 0, 0, 0, 0, 0, 0, 0, 0, 0
INVAR-7, Run: 060, P, 0, 0, 0, 0, 0, 0, 0, 0, 0, 0, 0, 0
INVAR-7, Run: 061, P, 0, 0, 0, 0, 0, 0, 0, 0, 0, 0, 0, 0
INVAR-7, Run: 062, P, 0, 0, 0, 0, 0, 0, 0, 0, 0, 0, 0, 0
INVAR-7, Run: 063, P, 0, 0, 0, 0, 0, 0, 0, 0, 0, 0, 0, 0
INVAR-7, Run: 064, P, 0, 0, 0, 0, 0, 0, 0, 0, 0, 0, 0, 0
INVAR-7, Run: 065, P, 0, 0, 0, 0, 0, 0, 0, 0, 0, 0, 0, 0
INVAR-7, Run: 066, P, 0, 0, 0, 0, 0, 0, 0, 0, 0, 0, 0, 0
INVAR-7, Run: 067, P, 0, 0, 0, 0, 0, 0, 0, 0, 0, 0, 0, 0
INVAR-7, Run: 068, P, 0, 0, 0, 0, 0, 0, 0, 0, 0, 0, 0, 0
INVAR-7, Run: 069, P, 0, 0, 0, 0, 0, 0, 0, 0, 0, 0, 0, 0
INVAR-7, Run: 070, P, 0, 0, 0, 0, 0, 0, 0, 0, 0, 0, 0, 0
INVAR-7, Run: 071, P, 0, 0, 0, 0, 0, 0, 0, 0, 0, 0, 0, 0
INVAR-7, Run: 072, P, 0, 0, 0, 0, 0, 0, 0, 0, 0, 0, 0, 0
INVAR-7, Run: 073, P, 0, 0, 0, 0, 0, 0, 0, 0, 0, 0, 0, 0
INVAR-7, Run: 074, P, 0, 0, 0, 0, 0, 0, 0, 0, 0, 0, 0, 0
INVAR-7, Run: 075, P, 0, 0, 0, 0, 0, 0, 0, 0, 0, 0, 0, 0
INVAR-7, Run: 076, P, 0, 0, 0, 0, 0, 0, 0, 0, 0, 0, 0, 0
INVAR-7, Run: 077, P, 0, 0, 0, 0, 0, 0, 0, 0, 0, 0, 0, 0
INVAR-7, Run: 078, P, 0, 0, 0, 0, 0, 0, 0, 0, 0, 0, 0, 0
INVAR-7, Run: 079, P, 0, 0, 0, 0, 0, 0, 0, 0, 0, 0, 0, 0
INVAR-7, Run: 080, P, 0, 0, 0, 0, 0, 0, 0, 0, 0, 0, 0, 0
INVAR-7, Run: 081, P, 0, 0, 0, 0, 0, 0, 0, 0, 0, 0, 0, 0
INVAR-7, Run: 082, P, 0, 0, 0, 0, 0, 0, 0, 0, 0, 0, 0, 0
INVAR-7, Run: 083, P, 0, 0, 0, 0, 0, 0, 0, 0, 0, 0, 0, 0
INVAR-7, Run: 084, P, 0, 0, 0, 0, 0, 0, 0, 0, 0, 0, 0, 0
INVAR-7, Run: 085, P, 0, 0, 0, 0, 0, 0, 0, 0, 0, 0, 0, 0
INVAR-7, Run: 086, P, 0, 0, 0, 0, 0, 0, 0, 0, 0, 0, 0, 0
INVAR-7, Run: 087, P, 0, 0, 0, 0, 0, 0, 0, 0, 0, 0, 0, 0
INVAR-7, Run: 088, P, 0, 0, 0, 0, 0, 0, 0, 0, 0, 0, 0, 0
INVAR-7, Run: 089, P, 0, 0, 0, 0, 0, 0, 0, 0, 0, 0, 0, 0
INVAR-7, Run: 090, P, 0, 0, 0, 0, 0, 0, 0, 0, 0, 0, 0, 0
INVAR-7, Run: 091, P, 0, 0, 0, 0, 0, 0, 0, 0, 0, 0, 0, 0
INVAR-7, Run: 092, P, 0, 0, 0, 0, 0, 0, 0, 0, 0, 0, 0, 0
INVAR-7, Run: 093, P, 0, 0, 0, 0, 0, 0, 0, 0, 0, 0, 0, 0
INVAR-7, Run: 094, P, 0, 0, 0, 0, 0, 0, 0, 0, 0, 0, 0, 0
INVAR-7, Run: 095, P, 0, 0, 0, 0, 0, 0, 0, 0, 0, 0, 0, 0
INVAR-7, Run: 096, P, 0, 0, 0, 0, 0, 0, 0, 0, 0, 0, 0, 0
INVAR-7, Run: 097, P, 0, 0, 0, 0, 0, 0, 0, 0, 0, 0, 0, 0
INVAR-7, Run: 098, P, 0, 0, 0, 0, 0, 0, 0, 0, 0, 0, 0, 0
INVAR-7, Run: 099, P, 0, 0, 0, 0, 0, 0, 0, 0, 0, 0, 0, 0
INVAR-7, Run: 100, P, 0, 0, 0, 0, 0, 0, 0, 0, 0, 0, 0, 0
INVAR-8, Run: 001, P, 0, 0, 0, 0, 0, 128, 22, 0, 1, 21, 36, 0
INVAR-8, Run: 002, P, 0, 0, 0, 0, 0, 94, 56, 0, 1, 26, 53, 0
INVAR-8, Run: 003, P, 0, 0, 0, 0, 0, 64, 86, 0, 1, 20, 68, 0
INVAR-8, Run: 004, P, 0, 0, 0, 0, 0, 20, 130, 0, 1, 18, 90, 0
INVAR-8, Run: 005, P, 0, 0, 0, 0, 0, 136, 14, 0, 1, 18, 32, 0
INVAR-8, Run: 006, P, 0, 0, 0, 0, 0, 50, 100, 0, 1, 24, 75, 0
INVAR-8, Run: 007, P, 0, 0, 0, 0, 0, 14, 136, 0, 1, 14, 93, 0
INVAR-8, Run: 008, P, 0, 0, 0, 0, 0, 78, 72, 0, 1, 18, 61, 0
INVAR-8, Run: 009, P, 0, 0, 0, 0, 0, 64, 86, 0, 1, 17, 68, 0
INVAR-8, Run: 010, P, 0, 0, 0, 0, 0, 122, 28, 0, 1, 24, 39, 0
INVAR-8, Run: 011, P, 0, 0, 0, 0, 0, 68, 82, 0, 1, 35, 66, 0
INVAR-8, Run: 012, P, 0, 0, 0, 0, 0, 46, 104, 0, 1, 17, 77, 0
INVAR-8, Run: 013, F, 0, 0, 0, 0, 0, 2, 148, 0, 1, 14, 99, 0
INVAR-8, Run: 014, P, 0, 0, 0, 0, 0, 98, 52, 0, 1, 21, 51, 0
INVAR-8, Run: 015, P, 0, 0, 0, 0, 0, 54, 96, 0, 1, 30, 73, 0
INVAR-8, Run: 016, P, 0, 0, 0, 0, 0, 96, 54, 0, 1, 17, 52, 0
INVAR-8, Run: 017, P, 0, 0, 0, 0, 0, 48, 102, 0, 1, 19, 76, 0
INVAR-8, Run: 018, P, 0, 0, 0, 0, 0, 112, 38, 0, 1, 18, 44, 0
INVAR-8, Run: 019, P, 0, 0, 0, 0, 0, 82, 68, 0, 1, 17, 59, 0
INVAR-8, Run: 020, P, 0, 0, 0, 0, 0, 126, 24, 0, 1, 21, 37, 0
INVAR-8, Run: 021, P, 0, 0, 0, 0, 0, 102, 48, 0, 1, 24, 49, 0
INVAR-8, Run: 022, P, 0, 0, 0, 0, 0, 92, 58, 0, 1, 28, 54, 0
INVAR-8, Run: 023, P, 0, 0, 0, 0, 0, 44, 106, 0, 1, 14, 78, 0
INVAR-8, Run: 024, P, 0, 0, 0, 0, 0, 122, 28, 0, 1, 20, 39, 0
INVAR-8, Run: 025, P, 0, 0, 0, 0, 0, 94, 56, 0, 1, 23, 53, 0
INVAR-8, Run: 026, P, 0, 0, 0, 0, 0, 44, 106, 0, 1, 24, 78, 0
INVAR-8, Run: 027, P, 0, 0, 0, 0, 0, 66, 84, 0, 1, 19, 67, 0
INVAR-8, Run: 028, P, 0, 0, 0, 0, 0, 44, 106, 0, 1, 26, 78, 0
INVAR-8, Run: 029, P, 0, 0, 0, 0, 0, 100, 50, 0, 1, 19, 50, 0
INVAR-8, Run: 030, P, 0, 0, 0, 0, 0, 120, 30, 0, 1, 23, 40, 0
INVAR-8, Run: 031, P, 0, 0, 0, 0, 0, 80, 70, 0, 1, 27, 60, 0
INVAR-8, Run: 032, P, 0, 0, 0, 0, 0, 112, 38, 0, 1, 18, 44, 0
INVAR-8, Run: 033, P, 0, 0, 0, 0, 0, 118, 32, 0, 1, 14, 41, 0
INVAR-8, Run: 034, P, 0, 0, 0, 0, 0, 136, 14, 0, 1, 27, 32, 0
INVAR-8, Run: 035, P, 0, 0, 0, 0, 0, 86, 64, 0, 1, 14, 57, 0
INVAR-8, Run: 036, P, 0, 0, 0, 0, 0, 98, 52, 0, 1, 18, 51, 0
INVAR-8, Run: 037, P, 0, 0, 0, 0, 0, 118, 32, 0, 1, 24, 41, 0
INVAR-8, Run: 038, P, 0, 0, 0, 0, 0, 114, 36, 0, 1, 18, 43, 0
INVAR-8, Run: 039, P, 0, 0, 0, 0, 0, 82, 68, 0, 1, 22, 59, 0
INVAR-8, Run: 040, P, 0, 0, 0, 0, 0, 90, 60, 0, 1, 26, 55, 0
INVAR-8, Run: 041, P, 0, 0, 0, 0, 0, 34, 116, 0, 1, 16, 83, 0
INVAR-8, Run: 042, P, 0, 0, 0, 0, 0, 74, 76, 0, 1, 20, 63, 0
INVAR-8, Run: 043, P, 0, 0, 0, 0, 0, 70, 80, 0, 1, 23, 65, 0
INVAR-8, Run: 044, P, 0, 0, 0, 0, 0, 60, 90, 0, 1, 18, 70, 0
INVAR-8, Run: 045, P, 0, 0, 0, 0, 0, 106, 44, 0, 1, 12, 47, 0
INVAR-8, Run: 046, P, 0, 0, 0, 0, 0, 56, 94, 0, 1, 23, 72, 0
INVAR-8, Run: 047, P, 0, 0, 0, 0, 0, 80, 70, 0, 1, 16, 60, 0
INVAR-8, Run: 048, P, 0, 0, 0, 0, 0, 110, 40, 0, 1, 25, 45, 0
INVAR-8, Run: 049, P, 0, 0, 0, 0, 0, 48, 102, 0, 1, 26, 76, 0
INVAR-8, Run: 050, P, 0, 0, 0, 0, 0, 114, 36, 0, 1, 34, 43, 0
INVAR-8, Run: 051, P, 0, 0, 0, 0, 0, 86, 64, 0, 1, 16, 57, 0
INVAR-8, Run: 052, P, 0, 0, 0, 0, 0, 58, 92, 0, 1, 18, 71, 0
INVAR-8, Run: 053, P, 0, 0, 0, 0, 0, 82, 68, 0, 1, 25, 59, 0
INVAR-8, Run: 054, P, 0, 0, 0, 0, 0, 72, 78, 0, 1, 11, 64, 0
INVAR-8, Run: 055, P, 0, 0, 0, 0, 0, 120, 30, 0, 1, 17, 40, 0
INVAR-8, Run: 056, P, 0, 0, 0, 0, 0, 38, 112, 0, 1, 22, 81, 0
INVAR-8, Run: 057, P, 0, 0, 0, 0, 0, 92, 58, 0, 1, 21, 54, 0
INVAR-8, Run: 058, P, 0, 0, 0, 0, 0, 44, 106, 0, 1, 24, 78, 0
INVAR-8, Run: 059, P, 0, 0, 0, 0, 0, 78, 72, 0, 1, 24, 61, 0
INVAR-8, Run: 060, P, 0, 0, 0, 0, 0, 118, 32, 0, 1, 28, 41, 0
INVAR-8, Run: 061, P, 0, 0, 0, 0, 0, 104, 46, 0, 1, 19, 48, 0
INVAR-8, Run: 062, P, 0, 0, 0, 0, 0, 128, 22, 0, 1, 18, 36, 0
INVAR-8, Run: 063, P, 0, 0, 0, 0, 0, 128, 22, 0, 1, 17, 36, 0
INVAR-8, Run: 064, P, 0, 0, 0, 0, 0, 106, 44, 0, 1, 15, 47, 0
INVAR-8, Run: 065, P, 0, 0, 0, 0, 0, 70, 80, 0, 1, 18, 65, 0
INVAR-8, Run: 066, P, 0, 0, 0, 0, 0, 102, 48, 0, 1, 14, 49, 0
INVAR-8, Run: 067, P, 0, 0, 0, 0, 0, 116, 34, 0, 1, 16, 42, 0
INVAR-8, Run: 068, P, 0, 0, 0, 0, 0, 84, 66, 0, 1, 20, 58, 0
INVAR-8, Run: 069, P, 0, 0, 0, 0, 0, 66, 84, 0, 1, 33, 67, 0
INVAR-8, Run: 070, P, 0, 0, 0, 0, 0, 48, 102, 0, 1, 24, 76, 0
INVAR-8, Run: 071, P, 0, 0, 0, 0, 0, 40, 110, 0, 1, 18, 80, 0
INVAR-8, Run: 072, P, 0, 0, 0, 0, 0, 128, 22, 0, 1, 20, 36, 0
INVAR-8, Run: 073, P, 0, 0, 0, 0, 0, 128, 22, 0, 1, 21, 36, 0
INVAR-8, Run: 074, P, 0, 0, 0, 0, 0, 118, 32, 0, 1, 22, 41, 0
INVAR-8, Run: 075, P, 0, 0, 0, 0, 0, 68, 82, 0, 1, 30, 66, 0
INVAR-8, Run: 076, P, 0, 0, 0, 0, 0, 64, 86, 0, 1, 19, 68, 0
INVAR-8, Run: 077, P, 0, 0, 0, 0, 0, 22, 128, 0, 1, 8, 89, 0
INVAR-8, Run: 078, P, 0, 0, 0, 0, 0, 60, 90, 0, 1, 18, 70, 0
INVAR-8, Run: 079, P, 0, 0, 0, 0, 0, 130, 20, 0, 1, 26, 35, 0
INVAR-8, Run: 080, F, 0, 0, 0, 0, 0, 10, 140, 0, 1, 22, 95, 0
INVAR-8, Run: 081, P, 0, 0, 0, 0, 0, 124, 26, 0, 1, 26, 38, 0
INVAR-8, Run: 082, P, 0, 0, 0, 0, 0, 114, 36, 0, 1, 28, 43, 0
INVAR-8, Run: 083, P, 0, 0, 0, 0, 0, 108, 42, 0, 1, 14, 46, 0
INVAR-8, Run: 084, P, 0, 0, 0, 0, 0, 76, 74, 0, 1, 16, 62, 0
INVAR-8, Run: 085, F, 0, 0, 0, 0, 0, 6, 144, 0, 1, 24, 97, 0
INVAR-8, Run: 086, P, 0, 0, 0, 0, 0, 116, 34, 0, 1, 22, 42, 0
INVAR-8, Run: 087, P, 0, 0, 0, 0, 0, 62, 88, 0, 1, 17, 69, 0
INVAR-8, Run: 088, P, 0, 0, 0, 0, 0, 64, 86, 0, 1, 23, 68, 0
INVAR-8, Run: 089, P, 0, 0, 0, 0, 0, 112, 38, 0, 1, 23, 44, 0
INVAR-8, Run: 090, P, 0, 0, 0, 0, 0, 102, 48, 0, 1, 18, 49, 0
INVAR-8, Run: 091, P, 0, 0, 0, 0, 0, 34, 116, 0, 1, 27, 83, 0
INVAR-8, Run: 092, P, 0, 0, 0, 0, 0, 54, 96, 0, 1, 13, 73, 0
INVAR-8, Run: 093, P, 0, 0, 0, 0, 0, 112, 38, 0, 1, 22, 44, 0
INVAR-8, Run: 094, P, 0, 0, 0, 0, 0, 86, 64, 0, 1, 17, 57, 0
INVAR-8, Run: 095, P, 0, 0, 0, 0, 0, 112, 38, 0, 1, 9, 44, 0
INVAR-8, Run: 096, P, 0, 0, 0, 0, 0, 60, 90, 0, 1, 23, 70, 0
INVAR-8, Run: 097, P, 0, 0, 0, 0, 0, 118, 32, 0, 1, 31, 41, 0
INVAR-8, Run: 098, P, 0, 0, 0, 0, 0, 104, 46, 0, 1, 20, 48, 0
INVAR-8, Run: 099, P, 0, 0, 0, 0, 0, 34, 116, 0, 1, 26, 83, 0
INVAR-8, Run: 100, P, 0, 0, 0, 0, 0, 110, 40, 0, 1, 20, 45, 0
INVAR-9, Run: 001, P, 0, 0, 0, 0, 0, 152, 148, 0, 1, 28, 124, 0
INVAR-9, Run: 002, P, 0, 0, 0, 0, 0, 174, 126, 0, 1, 42, 113, 0
INVAR-9, Run: 003, F, 0, 0, 0, 0, 0, 4, 296, 0, 1, 43, 198, 0
INVAR-9, Run: 004, P, 0, 0, 0, 0, 0, 232, 68, 0, 1, 46, 84, 0
INVAR-9, Run: 005, P, 0, 0, 0, 0, 0, 100, 200, 0, 1, 38, 150, 0
INVAR-9, Run: 006, P, 0, 0, 0, 0, 0, 230, 70, 0, 1, 33, 85, 0
INVAR-9, Run: 007, P, 0, 0, 0, 0, 0, 92, 208, 0, 1, 39, 154, 0
INVAR-9, Run: 008, P, 0, 0, 0, 0, 0, 180, 120, 0, 1, 41, 110, 0
INVAR-9, Run: 009, P, 0, 0, 0, 0, 0, 80, 220, 0, 1, 42, 160, 0
INVAR-9, Run: 010, P, 0, 0, 0, 0, 0, 212, 88, 0, 1, 28, 94, 0
INVAR-9, Run: 011, P, 0, 0, 0, 0, 0, 170, 130, 0, 1, 30, 115, 0
INVAR-9, Run: 012, P, 0, 0, 0, 0, 0, 118, 182, 0, 1, 48, 141, 0
INVAR-9, Run: 013, P, 0, 0, 0, 0, 0, 238, 62, 0, 1, 36, 81, 0
INVAR-9, Run: 014, P, 0, 0, 0, 0, 0, 188, 112, 0, 1, 44, 106, 0
INVAR-9, Run: 015, P, 0, 0, 0, 0, 0, 48, 252, 0, 1, 44, 176, 0
INVAR-9, Run: 016, P, 0, 0, 0, 0, 0, 90, 210, 0, 1, 45, 155, 0
INVAR-9, Run: 017, P, 0, 0, 0, 0, 0, 168, 132, 0, 1, 34, 116, 0
INVAR-9, Run: 018, F, 0, 0, 0, 0, 0, 22, 278, 0, 1, 34, 189, 0
INVAR-9, Run: 019, P, 0, 0, 0, 0, 0, 198, 102, 0, 1, 48, 101, 0
INVAR-9, Run: 020, P, 0, 0, 0, 0, 0, 48, 252, 0, 1, 40, 176, 0
INVAR-9, Run: 021, P, 0, 0, 0, 0, 0, 170, 130, 0, 1, 48, 115, 0
INVAR-9, Run: 022, P, 0, 0, 0, 0, 0, 170, 130, 0, 1, 43, 115, 0
INVAR-9, Run: 023, P, 0, 0, 0, 0, 0, 218, 82, 0, 1, 38, 91, 0
INVAR-9, Run: 024, P, 0, 0, 0, 0, 0, 170, 130, 0, 1, 46, 115, 0
INVAR-9, Run: 025, P, 0, 0, 0, 0, 0, 132, 168, 0, 1, 35, 134, 0
INVAR-9, Run: 026, P, 0, 0, 0, 0, 0, 124, 176, 0, 1, 23, 138, 0
INVAR-9, Run: 027, P, 0, 0, 0, 0, 0, 256, 44, 0, 1, 33, 72, 0
INVAR-9, Run: 028, P, 0, 0, 0, 0, 0, 238, 62, 0, 1, 55, 81, 0
INVAR-9, Run: 029, P, 0, 0, 0, 0, 0, 58, 242, 0, 1, 45, 171, 0
INVAR-9, Run: 030, P, 0, 0, 0, 0, 0, 140, 160, 0, 1, 41, 130, 0
INVAR-9, Run: 031, P, 0, 0, 0, 0, 0, 178, 122, 0, 1, 36, 111, 0
INVAR-9, Run: 032, P, 0, 0, 0, 0, 0, 154, 146, 0, 1, 38, 123, 0
INVAR-9, Run: 033, P, 0, 0, 0, 0, 0, 148, 152, 0, 1, 43, 126, 0
INVAR-9, Run: 034, F, 0, 0, 0, 0, 0, 40, 260, 0, 1, 41, 180, 0
INVAR-9, Run: 035, P, 0, 0, 0, 0, 0, 172, 128, 0, 1, 44, 114, 0
INVAR-9, Run: 036, F, 0, 0, 0, 0, 0, 12, 288, 0, 1, 47, 194, 0
INVAR-9, Run: 037, P, 0, 0, 0, 0, 0, 256, 44, 0, 1, 45, 72, 0
INVAR-9, Run: 038, P, 0, 0, 0, 0, 0, 228, 72, 0, 1, 32, 86, 0
INVAR-9, Run: 039, P, 0, 0, 0, 0, 0, 86, 214, 0, 1, 35, 157, 0
INVAR-9, Run: 040, P, 0, 0, 0, 0, 0, 54, 246, 0, 1, 38, 173, 0
INVAR-9, Run: 041, F, 0, 0, 0, 0, 0, 18, 282, 0, 1, 46, 191, 0
INVAR-9, Run: 042, F, 0, 0, 0, 0, 0, 34, 266, 0, 1, 44, 183, 0
INVAR-9, Run: 043, P, 0, 0, 0, 0, 0, 218, 82, 0, 1, 44, 91, 0
INVAR-9, Run: 044, P, 0, 0, 0, 0, 0, 268, 32, 0, 1, 42, 66, 0
INVAR-9, Run: 045, P, 0, 0, 0, 0, 0, 202, 98, 0, 1, 38, 99, 0
INVAR-9, Run: 046, P, 0, 0, 0, 0, 0, 246, 54, 0, 1, 46, 77, 0
INVAR-9, Run: 047, P, 0, 0, 0, 0, 0, 234, 66, 0, 1, 40, 83, 0
INVAR-9, Run: 048, P, 0, 0, 0, 0, 0, 262, 38, 0, 1, 43, 69, 0
INVAR-9, Run: 049, P, 0, 0, 0, 0, 0, 192, 108, 0, 1, 44, 104, 0
INVAR-9, Run: 050, P, 0, 0, 0, 0, 0, 166, 134, 0, 1, 39, 117, 0
INVAR-9, Run: 051, F, 0, 0, 0, 0, 0, 18, 282, 0, 1, 34, 191, 0
INVAR-9, Run: 052, P, 0, 0, 0, 0, 0, 120, 180, 0, 1, 33, 140, 0
INVAR-9, Run: 053, P, 0, 0, 0, 0, 0, 180, 120, 0, 1, 41, 110, 0
INVAR-9, Run: 054, P, 0, 0, 0, 0, 0, 104, 196, 0, 1, 40, 148, 0
INVAR-9, Run: 055, P, 0, 0, 0, 0, 0, 164, 136, 0, 1, 40, 118, 0
INVAR-9, Run: 056, P, 0, 0, 0, 0, 0, 116, 184, 0, 1, 39, 142, 0
INVAR-9, Run: 057, P, 0, 0, 0, 0, 0, 100, 200, 0, 1, 38, 150, 0
INVAR-9, Run: 058, P, 0, 0, 0, 0, 0, 182, 118, 0, 1, 35, 109, 0
INVAR-9, Run: 059, P, 0, 0, 0, 0, 0, 176, 124, 0, 1, 31, 112, 0
INVAR-9, Run: 060, P, 0, 0, 0, 0, 0, 220, 80, 0, 1, 40, 90, 0
INVAR-9, Run: 061, P, 0, 0, 0, 0, 0, 124, 176, 0, 1, 42, 138, 0
INVAR-9, Run: 062, P, 0, 0, 0, 0, 0, 116, 184, 0, 1, 49, 142, 0
INVAR-9, Run: 063, P, 0, 0, 0, 0, 0, 34, 266, 0, 1, 33, 183, 0
INVAR-9, Run: 064, P, 0, 0, 0, 0, 0, 124, 176, 0, 1, 42, 138, 0
INVAR-9, Run: 065, P, 0, 0, 0, 0, 0, 94, 206, 0, 1, 37, 153, 0
INVAR-9, Run: 066, P, 0, 0, 0, 0, 0, 166, 134, 0, 1, 47, 117, 0
INVAR-9, Run: 067, P, 0, 0, 0, 0, 0, 178, 122, 0, 1, 44, 111, 0
INVAR-9, Run: 068, P, 0, 0, 0, 0, 0, 148, 152, 0, 1, 55, 126, 0
INVAR-9, Run: 069, P, 0, 0, 0, 0, 0, 66, 234, 0, 1, 35, 167, 0
INVAR-9, Run: 070, P, 0, 0, 0, 0, 0, 36, 264, 0, 1, 22, 182, 0
INVAR-9, Run: 071, P, 0, 0, 0, 0, 0, 206, 94, 0, 1, 43, 97, 0
INVAR-9, Run: 072, P, 0, 0, 0, 0, 0, 138, 162, 0, 1, 55, 131, 0
INVAR-9, Run: 073, P, 0, 0, 0, 0, 0, 146, 154, 0, 1, 38, 127, 0
INVAR-9, Run: 074, P, 0, 0, 0, 0, 0, 254, 46, 0, 1, 24, 73, 0
INVAR-9, Run: 075, F, 0, 0, 0, 0, 0, 12, 288, 0, 1, 33, 194, 0
INVAR-9, Run: 076, F, 0, 0, 0, 0, 0, 26, 274, 0, 1, 41, 187, 0
INVAR-9, Run: 077, P, 0, 0, 0, 0, 0, 128, 172, 0, 1, 31, 136, 0
INVAR-9, Run: 078, P, 0, 0, 0, 0, 0, 252, 48, 0, 1, 46, 74, 0
INVAR-9, Run: 079, P, 0, 0, 0, 0, 0, 210, 90, 0, 1, 41, 95, 0
INVAR-9, Run: 080, P, 0, 0, 0, 0, 0, 194, 106, 0, 1, 50, 103, 0
INVAR-9, Run: 081, P, 0, 0, 0, 0, 0, 90, 210, 0, 1, 38, 155, 0
INVAR-9, Run: 082, P, 0, 0, 0, 0, 0, 104, 196, 0, 1, 41, 148, 0
INVAR-9, Run: 083, P, 0, 0, 0, 0, 0, 246, 54, 0, 1, 55, 77, 0
INVAR-9, Run: 084, P, 0, 0, 0, 0, 0, 178, 122, 0, 1, 49, 111, 0
INVAR-9, Run: 085, P, 0, 0, 0, 0, 0, 74, 226, 0, 1, 31, 163, 0
INVAR-9, Run: 086, P, 0, 0, 0, 0, 0, 256, 44, 0, 1, 38, 72, 0
INVAR-9, Run: 087, P, 0, 0, 0, 0, 0, 214, 86, 0, 1, 40, 93, 0
INVAR-9, Run: 088, P, 0, 0, 0, 0, 0, 184, 116, 0, 1, 39, 108, 0
INVAR-9, Run: 089, P, 0, 0, 0, 0, 0, 252, 48, 0, 1, 52, 74, 0
INVAR-9, Run: 090, P, 0, 0, 0, 0, 0, 194, 106, 0, 1, 35, 103, 0
INVAR-9, Run: 091, P, 0, 0, 0, 0, 0, 176, 124, 0, 1, 34, 112, 0
INVAR-9, Run: 092, P, 0, 0, 0, 0, 0, 58, 242, 0, 1, 32, 171, 0
INVAR-9, Run: 093, F, 0, 0, 0, 0, 0, 6, 294, 0, 1, 36, 197, 0
INVAR-9, Run: 094, P, 0, 0, 0, 0, 0, 238, 62, 0, 1, 48, 81, 0
INVAR-9, Run: 095, P, 0, 0, 0, 0, 0, 172, 128, 0, 1, 46, 114, 0
INVAR-9, Run: 096, P, 0, 0, 0, 0, 0, 160, 140, 0, 1, 44, 120, 0
INVAR-9, Run: 097, P, 0, 0, 0, 0, 0, 176, 124, 0, 1, 33, 112, 0
INVAR-9, Run: 098, P, 0, 0, 0, 0, 0, 128, 172, 0, 1, 32, 136, 0
INVAR-9, Run: 099, P, 0, 0, 0, 0, 0, 206, 94, 0, 1, 26, 97, 0
INVAR-9, Run: 100, P, 0, 0, 0, 0, 0, 188, 112, 0, 1, 35, 106, 0
